latitude,longitude,elevation,utc_offset_seconds,timezone,timezone_abbreviation
38.84007,-76.96719,7.0,-18000,America/New_York,GMT-5

time,temperature_2m_max (Â°F),rain_sum (inch)
2005-04-03,48.3,0.102
2005-04-04,62.9,0.000
2005-04-05,69.1,0.000
2005-04-06,81.6,0.000
2005-04-07,74.8,0.205
2005-04-08,66.4,0.248
2005-04-09,63.5,0.000
2005-04-10,70.9,0.000
2005-04-11,66.8,0.000
2005-04-12,53.2,0.055
2005-04-13,60.5,0.035
2005-04-14,64.2,0.000
2005-04-15,56.2,0.000
2005-04-16,60.1,0.000
2005-04-17,71.9,0.000
2005-04-18,75.6,0.000
2005-04-19,81.9,0.000
2005-04-20,84.8,0.000
2005-04-21,66.5,0.067
2005-04-22,58.2,0.311
2005-04-23,69.2,0.701
2005-04-24,51.7,0.004
2005-04-25,59.9,0.000
2005-04-26,69.8,0.024
2005-04-27,67.7,0.000
2005-04-28,65.3,0.000
2005-04-29,62.3,0.020
2005-04-30,68.8,0.724
2005-05-01,64.1,0.130
2005-05-02,63.7,0.051
2005-05-03,58.7,0.000
2005-05-04,59.7,0.000
2005-05-05,63.6,0.000
2005-05-06,55.7,0.000
2005-05-07,70.3,0.024
2005-05-08,73.3,0.000
2005-05-09,77.1,0.000
2005-05-10,75.0,0.000
2005-05-11,84.9,0.000
2005-05-12,73.2,0.000
2005-05-13,63.0,0.000
2005-05-14,83.7,0.008
2005-05-15,73.7,0.031
2005-05-16,71.6,0.020
2005-05-17,68.8,0.000
2005-05-18,73.8,0.000
2005-05-19,71.6,0.323
2005-05-20,57.7,2.476
2005-05-21,72.2,0.000
2005-05-22,72.1,0.000
2005-05-23,67.3,0.083
2005-05-24,56.7,0.587
2005-05-25,58.1,0.051
2005-05-26,76.7,0.000
2005-05-27,78.4,0.000
2005-05-28,77.7,0.008
2005-05-29,75.3,0.000
2005-05-30,75.9,0.000
2005-05-31,77.9,0.000
2005-06-01,78.5,0.000
2005-06-02,63.7,0.016
2005-06-03,62.9,0.559
2005-06-04,75.4,0.000
2005-06-05,85.0,0.000
2005-06-06,91.1,0.000
2005-06-07,89.2,0.000
2005-06-08,91.5,0.000
2005-06-09,87.5,0.122
2005-06-10,87.0,0.020
2005-06-11,88.0,0.000
2005-06-12,85.9,0.000
2005-06-13,89.6,0.000
2005-06-14,94.5,0.000
2005-06-15,88.6,0.000
2005-06-16,84.8,0.000
2005-06-17,77.0,0.024
2005-06-18,79.4,0.000
2005-06-19,75.3,0.028
2005-06-20,73.5,0.000
2005-06-21,82.3,0.000
2005-06-22,85.3,0.122
2005-06-23,84.8,0.000
2005-06-24,88.4,0.000
2005-06-25,91.7,0.000
2005-06-26,90.1,0.000
2005-06-27,79.6,0.126
2005-06-28,92.9,0.252
2005-06-29,85.5,0.492
2005-06-30,87.7,0.000
2005-07-01,92.0,0.008
2005-07-02,87.0,0.039
2005-07-03,84.6,0.000
2005-07-04,88.3,0.000
2005-07-05,90.1,0.512
2005-07-06,86.7,0.008
2005-07-07,83.6,0.378
2005-07-08,79.2,2.193
2005-07-09,84.7,0.000
2005-07-10,88.2,0.000
2005-07-11,90.5,0.000
2005-07-12,92.0,0.075
2005-07-13,85.1,0.094
2005-07-14,83.4,0.685
2005-07-15,82.2,0.244
2005-07-16,87.1,0.343
2005-07-17,88.1,0.094
2005-07-18,90.2,0.024
2005-07-19,89.1,0.000
2005-07-20,90.6,0.000
2005-07-21,92.8,0.000
2005-07-22,92.8,0.000
2005-07-23,89.2,0.000
2005-07-24,87.2,0.000
2005-07-25,95.4,0.039
2005-07-26,98.6,0.000
2005-07-27,99.9,0.012
2005-07-28,85.6,0.016
2005-07-29,77.0,0.610
2005-07-30,83.9,0.146
2005-07-31,81.8,0.000
2005-08-01,87.9,0.000
2005-08-02,94.5,0.016
2005-08-03,94.7,0.035
2005-08-04,95.3,0.000
2005-08-05,96.5,0.043
2005-08-06,89.3,0.311
2005-08-07,87.7,0.016
2005-08-08,87.3,0.087
2005-08-09,76.7,0.272
2005-08-10,86.0,0.008
2005-08-11,93.8,0.000
2005-08-12,95.7,0.000
2005-08-13,97.0,0.008
2005-08-14,96.5,0.004
2005-08-15,92.4,0.000
2005-08-16,83.2,0.406
2005-08-17,87.4,0.020
2005-08-18,86.3,0.024
2005-08-19,76.7,0.374
2005-08-20,91.0,0.000
2005-08-21,93.1,0.000
2005-08-22,88.4,0.000
2005-08-23,85.7,0.000
2005-08-24,84.1,0.000
2005-08-25,84.7,0.000
2005-08-26,81.9,0.000
2005-08-27,75.0,0.232
2005-08-28,85.5,0.098
2005-08-29,87.2,0.000
2005-08-30,84.5,0.012
2005-08-31,89.9,0.000
2005-09-01,87.0,0.000
2005-09-02,88.7,0.000
2005-09-03,85.1,0.000
2005-09-04,84.4,0.000
2005-09-05,82.8,0.000
2005-09-06,81.2,0.000
2005-09-07,81.6,0.000
2005-09-08,86.4,0.000
2005-09-09,88.0,0.091
2005-09-10,84.3,0.000
2005-09-11,83.2,0.000
2005-09-12,88.1,0.000
2005-09-13,90.2,0.000
2005-09-14,85.0,0.012
2005-09-15,88.5,0.043
2005-09-16,89.8,0.000
2005-09-17,88.8,0.004
2005-09-18,87.4,0.000
2005-09-19,88.6,0.000
2005-09-20,91.6,0.008
2005-09-21,85.7,0.000
2005-09-22,88.4,0.000
2005-09-23,93.6,0.000
2005-09-24,76.8,0.008
2005-09-25,78.0,0.000
2005-09-26,84.1,0.240
2005-09-27,80.2,0.000
2005-09-28,79.0,0.000
2005-09-29,73.4,0.004
2005-09-30,70.4,0.000
2005-10-01,76.9,0.000
2005-10-02,79.9,0.000
2005-10-03,78.9,0.000
2005-10-04,73.5,0.000
2005-10-05,80.5,0.000
2005-10-06,82.2,0.031
2005-10-07,72.3,1.551
2005-10-08,71.9,3.291
2005-10-09,66.2,0.000
2005-10-10,65.9,0.087
2005-10-11,67.6,0.161
2005-10-12,63.9,0.000
2005-10-13,60.6,0.000
2005-10-14,67.5,0.000
2005-10-15,75.8,0.000
2005-10-16,65.0,0.000
2005-10-17,65.8,0.000
2005-10-18,75.8,0.000
2005-10-19,74.6,0.000
2005-10-20,63.3,0.031
2005-10-21,54.0,0.335
2005-10-22,59.1,0.339
2005-10-23,61.5,0.000
2005-10-24,59.9,0.244
2005-10-25,47.7,0.583
2005-10-26,55.5,0.004
2005-10-27,53.4,0.000
2005-10-28,53.0,0.012
2005-10-29,51.2,0.000
2005-10-30,63.2,0.000
2005-10-31,69.3,0.000
2005-11-01,66.8,0.000
2005-11-02,59.7,0.012
2005-11-03,65.8,0.000
2005-11-04,68.5,0.000
2005-11-05,72.4,0.000
2005-11-06,74.0,0.016
2005-11-07,63.0,0.000
2005-11-08,69.1,0.094
2005-11-09,67.7,0.004
2005-11-10,67.8,0.004
2005-11-11,53.0,0.000
2005-11-12,59.7,0.000
2005-11-13,64.9,0.000
2005-11-14,64.7,0.000
2005-11-15,68.8,0.004
2005-11-16,74.1,0.512
2005-11-17,47.1,0.012
2005-11-18,40.9,0.000
2005-11-19,48.7,0.000
2005-11-20,57.3,0.000
2005-11-21,49.7,0.394
2005-11-22,49.0,0.472
2005-11-23,40.7,0.004
2005-11-24,51.5,0.031
2005-11-25,34.3,0.000
2005-11-26,43.4,0.000
2005-11-27,50.4,0.102
2005-11-28,64.0,0.012
2005-11-29,64.9,0.654
2005-11-30,55.1,0.134
2005-12-01,44.3,0.004
2005-12-02,39.7,0.000
2005-12-03,37.4,0.024
2005-12-04,51.0,0.114
2005-12-05,36.7,0.016
2005-12-06,35.3,0.000
2005-12-07,34.5,0.000
2005-12-08,33.5,0.000
2005-12-09,33.9,0.047
2005-12-10,38.1,0.000
2005-12-11,40.7,0.000
2005-12-12,38.8,0.000
2005-12-13,30.8,0.000
2005-12-14,26.7,0.000
2005-12-15,44.9,0.720
2005-12-16,43.9,0.091
2005-12-17,40.2,0.000
2005-12-18,43.3,0.000
2005-12-19,38.2,0.000
2005-12-20,38.0,0.000
2005-12-21,36.9,0.000
2005-12-22,41.7,0.000
2005-12-23,50.4,0.000
2005-12-24,54.3,0.000
2005-12-25,46.7,0.390
2005-12-26,46.6,0.008
2005-12-27,46.1,0.000
2005-12-28,51.7,0.079
2005-12-29,48.2,0.220
2005-12-30,47.3,0.000
2005-12-31,48.6,0.020
2006-01-01,48.7,0.000
2006-01-02,45.4,0.724
2006-01-03,45.5,0.118
2006-01-04,47.0,0.000
2006-01-05,51.6,0.000
2006-01-06,43.0,0.000
2006-01-07,38.3,0.000
2006-01-08,48.8,0.000
2006-01-09,62.5,0.000
2006-01-10,49.8,0.000
2006-01-11,55.3,0.394
2006-01-12,58.8,0.000
2006-01-13,61.5,0.000
2006-01-14,59.2,0.402
2006-01-15,39.4,0.000
2006-01-16,40.7,0.000
2006-01-17,54.4,0.016
2006-01-18,61.1,0.606
2006-01-19,52.2,0.000
2006-01-20,60.5,0.000
2006-01-21,64.1,0.020
2006-01-22,43.2,0.039
2006-01-23,40.9,0.343
2006-01-24,49.4,0.004
2006-01-25,42.6,0.000
2006-01-26,39.2,0.000
2006-01-27,43.7,0.000
2006-01-28,58.7,0.000
2006-01-29,58.4,0.075
2006-01-30,63.2,0.000
2006-01-31,48.8,0.094
2006-02-01,47.3,0.000
2006-02-02,53.9,0.016
2006-02-03,63.6,0.346
2006-02-04,59.8,0.236
2006-02-05,45.3,0.000
2006-02-06,45.0,0.000
2006-02-07,42.7,0.000
2006-02-08,37.4,0.000
2006-02-09,37.4,0.000
2006-02-10,42.5,0.000
2006-02-11,37.8,0.110
2006-02-12,36.0,0.012
2006-02-13,36.6,0.000
2006-02-14,44.0,0.000
2006-02-15,53.3,0.000
2006-02-16,61.4,0.000
2006-02-17,57.9,0.035
2006-02-18,37.7,0.000
2006-02-19,30.3,0.000
2006-02-20,40.1,0.000
2006-02-21,47.9,0.000
2006-02-22,38.6,0.126
2006-02-23,51.9,0.008
2006-02-24,42.9,0.000
2006-02-25,55.9,0.000
2006-02-26,35.3,0.000
2006-02-27,38.8,0.000
2006-02-28,44.9,0.000
2006-03-01,50.4,0.000
2006-03-02,52.0,0.346
2006-03-03,45.5,0.000
2006-03-04,46.1,0.000
2006-03-05,50.5,0.000
2006-03-06,46.2,0.000
2006-03-07,48.5,0.000
2006-03-08,52.5,0.000
2006-03-09,66.5,0.000
2006-03-10,75.7,0.122
2006-03-11,69.7,0.000
2006-03-12,74.3,0.075
2006-03-13,82.1,0.000
2006-03-14,68.3,0.067
2006-03-15,53.0,0.000
2006-03-16,55.9,0.000
2006-03-17,51.8,0.004
2006-03-18,47.6,0.000
2006-03-19,51.9,0.000
2006-03-20,48.8,0.000
2006-03-21,40.1,0.012
2006-03-22,48.0,0.000
2006-03-23,50.0,0.000
2006-03-24,51.6,0.000
2006-03-25,53.1,0.000
2006-03-26,51.7,0.000
2006-03-27,58.0,0.000
2006-03-28,63.2,0.000
2006-03-29,62.7,0.000
2006-03-30,68.8,0.000
2006-03-31,77.6,0.008
2006-04-01,74.1,0.094
2006-04-02,68.5,0.000
2006-04-03,69.5,0.449
2006-04-04,59.1,0.000
2006-04-05,53.4,0.031
2006-04-06,65.3,0.000
2006-04-07,80.1,0.130
2006-04-08,65.0,1.004
2006-04-09,56.4,0.000
2006-04-10,63.9,0.000
2006-04-11,73.0,0.000
2006-04-12,71.1,0.000
2006-04-13,78.8,0.075
2006-04-14,74.3,0.012
2006-04-15,81.2,0.276
2006-04-16,72.6,0.000
2006-04-17,60.6,0.327
2006-04-18,69.8,0.000
2006-04-19,75.2,0.000
2006-04-20,82.1,0.000
2006-04-21,71.3,0.256
2006-04-22,64.9,1.173
2006-04-23,72.6,0.055
2006-04-24,73.3,0.000
2006-04-25,76.4,0.087
2006-04-26,60.5,0.039
2006-04-27,70.4,0.000
2006-04-28,65.0,0.000
2006-04-29,65.1,0.000
2006-04-30,66.8,0.000
2006-05-01,69.0,0.000
2006-05-02,78.7,0.000
2006-05-03,76.7,0.000
2006-05-04,83.5,0.000
2006-05-05,81.5,0.016
2006-05-06,79.4,0.020
2006-05-07,67.1,0.138
2006-05-08,59.3,0.075
2006-05-09,71.3,0.000
2006-05-10,79.7,0.000
2006-05-11,69.7,0.909
2006-05-12,70.4,0.000
2006-05-13,71.1,0.004
2006-05-14,72.2,0.063
2006-05-15,68.6,0.236
2006-05-16,67.1,0.039
2006-05-17,72.4,0.094
2006-05-18,74.0,0.000
2006-05-19,63.8,0.008
2006-05-20,72.0,0.012
2006-05-21,76.7,0.000
2006-05-22,70.4,0.000
2006-05-23,68.6,0.000
2006-05-24,75.8,0.000
2006-05-25,76.9,0.016
2006-05-26,87.5,0.114
2006-05-27,82.6,0.000
2006-05-28,88.3,0.000
2006-05-29,92.1,0.000
2006-05-30,96.5,0.047
2006-05-31,91.1,0.000
2006-06-01,92.5,0.213
2006-06-02,84.6,0.354
2006-06-03,77.9,0.043
2006-06-04,76.4,0.055
2006-06-05,74.6,0.004
2006-06-06,76.7,0.008
2006-06-07,82.6,0.000
2006-06-08,81.6,0.110
2006-06-09,81.2,0.043
2006-06-10,74.9,0.000
2006-06-11,76.0,0.000
2006-06-12,75.2,0.201
2006-06-13,83.7,0.000
2006-06-14,71.4,0.220
2006-06-15,84.3,0.000
2006-06-16,87.3,0.000
2006-06-17,90.4,0.000
2006-06-18,94.3,0.000
2006-06-19,92.6,0.024
2006-06-20,89.1,0.000
2006-06-21,92.0,0.000
2006-06-22,99.5,0.118
2006-06-23,95.2,0.886
2006-06-24,83.6,0.992
2006-06-25,78.8,0.827
2006-06-26,79.1,0.996
2006-06-27,76.5,1.429
2006-06-28,86.0,0.130
2006-06-29,85.2,0.000
2006-06-30,81.6,0.000
2006-07-01,85.7,0.000
2006-07-02,92.7,0.000
2006-07-03,91.1,0.000
2006-07-04,93.9,0.102
2006-07-05,82.0,0.878
2006-07-06,78.3,0.358
2006-07-07,79.2,0.000
2006-07-08,80.9,0.000
2006-07-09,81.9,0.000
2006-07-10,84.7,0.000
2006-07-11,89.3,0.000
2006-07-12,92.7,0.110
2006-07-13,84.2,0.091
2006-07-14,86.6,0.047
2006-07-15,86.9,0.591
2006-07-16,92.2,0.000
2006-07-17,97.8,0.000
2006-07-18,97.9,0.031
2006-07-19,91.1,0.059
2006-07-20,88.5,0.008
2006-07-21,93.8,0.118
2006-07-22,89.0,0.299
2006-07-23,82.4,0.004
2006-07-24,86.9,0.000
2006-07-25,85.7,0.000
2006-07-26,89.0,0.000
2006-07-27,93.5,0.020
2006-07-28,96.0,0.000
2006-07-29,93.7,0.008
2006-07-30,94.7,0.106
2006-07-31,97.0,0.000
2006-08-01,98.9,0.000
2006-08-02,100.8,0.004
2006-08-03,100.1,0.000
2006-08-04,94.9,0.016
2006-08-05,92.5,0.000
2006-08-06,91.8,0.000
2006-08-07,96.3,0.280
2006-08-08,90.6,0.000
2006-08-09,86.9,0.000
2006-08-10,78.2,0.472
2006-08-11,82.1,0.000
2006-08-12,82.3,0.000
2006-08-13,85.2,0.000
2006-08-14,88.4,0.000
2006-08-15,87.2,0.142
2006-08-16,88.9,0.008
2006-08-17,87.6,0.000
2006-08-18,87.0,0.000
2006-08-19,88.9,0.028
2006-08-20,92.8,0.000
2006-08-21,88.3,0.000
2006-08-22,89.9,0.000
2006-08-23,91.3,0.000
2006-08-24,90.9,0.000
2006-08-25,94.5,0.000
2006-08-26,91.8,0.031
2006-08-27,91.2,0.004
2006-08-28,89.7,0.161
2006-08-29,95.3,0.161
2006-08-30,78.2,0.008
2006-08-31,74.9,0.031
2006-09-01,67.2,3.028
2006-09-02,68.6,0.760
2006-09-03,76.0,0.000
2006-09-04,77.6,0.197
2006-09-05,66.7,1.413
2006-09-06,76.3,0.004
2006-09-07,78.7,0.000
2006-09-08,80.6,0.012
2006-09-09,81.9,0.000
2006-09-10,80.1,0.020
2006-09-11,68.3,0.000
2006-09-12,69.5,0.000
2006-09-13,70.4,0.102
2006-09-14,66.7,0.878
2006-09-15,73.5,0.201
2006-09-16,73.4,0.004
2006-09-17,79.4,0.000
2006-09-18,82.7,0.000
2006-09-19,75.8,0.130
2006-09-20,65.5,0.000
2006-09-21,67.2,0.000
2006-09-22,70.7,0.004
2006-09-23,79.9,0.122
2006-09-24,82.5,0.287
2006-09-25,73.5,0.000
2006-09-26,73.9,0.000
2006-09-27,74.6,0.000
2006-09-28,77.1,0.476
2006-09-29,64.4,0.122
2006-09-30,66.7,0.020
2006-10-01,70.4,0.165
2006-10-02,74.1,0.000
2006-10-03,80.6,0.000
2006-10-04,82.4,0.000
2006-10-05,68.9,0.213
2006-10-06,58.1,1.846
2006-10-07,60.4,0.091
2006-10-08,68.5,0.000
2006-10-09,74.7,0.000
2006-10-10,78.0,0.000
2006-10-11,71.1,0.000
2006-10-12,70.6,0.000
2006-10-13,56.4,0.000
2006-10-14,60.1,0.000
2006-10-15,60.5,0.000
2006-10-16,63.9,0.000
2006-10-17,61.2,0.634
2006-10-18,74.3,0.000
2006-10-19,73.7,0.000
2006-10-20,68.4,0.370
2006-10-21,60.4,0.000
2006-10-22,62.1,0.024
2006-10-23,51.5,0.000
2006-10-24,49.6,0.000
2006-10-25,52.3,0.000
2006-10-26,53.4,0.000
2006-10-27,53.7,0.567
2006-10-28,63.2,0.906
2006-10-29,59.1,0.000
2006-10-30,66.4,0.000
2006-10-31,70.6,0.000
2006-11-01,69.3,0.035
2006-11-02,57.4,0.240
2006-11-03,46.0,0.000
2006-11-04,46.1,0.000
2006-11-05,49.8,0.000
2006-11-06,54.3,0.000
2006-11-07,57.7,0.555
2006-11-08,60.4,2.551
2006-11-09,67.9,0.000
2006-11-10,69.7,0.000
2006-11-11,73.9,0.000
2006-11-12,60.5,1.165
2006-11-13,57.9,0.016
2006-11-14,63.2,0.000
2006-11-15,64.1,0.000
2006-11-16,66.9,1.094
2006-11-17,58.4,0.000
2006-11-18,50.5,0.000
2006-11-19,49.8,0.000
2006-11-20,45.9,0.000
2006-11-21,45.7,0.000
2006-11-22,42.5,0.638
2006-11-23,46.4,0.102
2006-11-24,60.0,0.000
2006-11-25,56.4,0.000
2006-11-26,59.3,0.000
2006-11-27,59.0,0.000
2006-11-28,62.3,0.000
2006-11-29,59.8,0.000
2006-11-30,69.0,0.000
2006-12-01,73.5,0.079
2006-12-02,47.9,0.000
2006-12-03,47.0,0.000
2006-12-04,39.0,0.000
2006-12-05,39.4,0.000
2006-12-06,47.3,0.000
2006-12-07,49.5,0.000
2006-12-08,33.5,0.000
2006-12-09,40.6,0.000
2006-12-10,51.6,0.000
2006-12-11,57.9,0.000
2006-12-12,54.1,0.000
2006-12-13,53.7,0.083
2006-12-14,59.5,0.000
2006-12-15,61.0,0.000
2006-12-16,52.4,0.000
2006-12-17,62.3,0.000
2006-12-18,69.7,0.000
2006-12-19,49.9,0.000
2006-12-20,47.7,0.000
2006-12-21,51.2,0.000
2006-12-22,55.0,0.661
2006-12-23,58.8,0.134
2006-12-24,52.9,0.000
2006-12-25,49.9,0.492
2006-12-26,54.2,0.012
2006-12-27,47.1,0.000
2006-12-28,50.6,0.000
2006-12-29,51.6,0.000
2006-12-30,53.4,0.000
2006-12-31,45.9,0.087
2007-01-01,58.4,1.217
2007-01-02,49.7,0.000
2007-01-03,52.2,0.000
2007-01-04,60.1,0.000
2007-01-05,64.2,0.091
2007-01-06,70.4,0.165
2007-01-07,53.2,0.299
2007-01-08,54.2,0.823
2007-01-09,47.1,0.008
2007-01-10,38.1,0.000
2007-01-11,41.6,0.000
2007-01-12,50.8,0.035
2007-01-13,63.5,0.024
2007-01-14,66.2,0.075
2007-01-15,67.9,0.000
2007-01-16,61.5,0.024
2007-01-17,34.6,0.000
2007-01-18,35.7,0.024
2007-01-19,43.2,0.008
2007-01-20,36.3,0.000
2007-01-21,33.1,0.008
2007-01-22,37.9,0.020
2007-01-23,37.9,0.000
2007-01-24,37.8,0.000
2007-01-25,35.8,0.000
2007-01-26,31.7,0.000
2007-01-27,53.3,0.000
2007-01-28,41.8,0.012
2007-01-29,31.7,0.000
2007-01-30,42.8,0.004
2007-01-31,33.7,0.000
2007-02-01,36.7,0.000
2007-02-02,41.4,0.083
2007-02-03,38.1,0.000
2007-02-04,37.0,0.000
2007-02-05,21.1,0.000
2007-02-06,26.0,0.000
2007-02-07,29.1,0.000
2007-02-08,28.2,0.000
2007-02-09,32.5,0.000
2007-02-10,35.4,0.000
2007-02-11,38.6,0.000
2007-02-12,46.0,0.000
2007-02-13,33.3,0.094
2007-02-14,35.2,0.835
2007-02-15,24.9,0.000
2007-02-16,27.4,0.000
2007-02-17,37.5,0.000
2007-02-18,32.8,0.000
2007-02-19,36.6,0.000
2007-02-20,53.2,0.063
2007-02-21,54.5,0.016
2007-02-22,55.0,0.035
2007-02-23,38.0,0.000
2007-02-24,43.5,0.000
2007-02-25,34.5,0.441
2007-02-26,45.1,0.008
2007-02-27,51.9,0.000
2007-02-28,50.2,0.000
2007-03-01,53.8,0.114
2007-03-02,62.2,0.673
2007-03-03,59.5,0.000
2007-03-04,40.3,0.000
2007-03-05,48.6,0.000
2007-03-06,32.6,0.000
2007-03-07,31.4,0.004
2007-03-08,41.0,0.000
2007-03-09,43.4,0.000
2007-03-10,64.5,0.012
2007-03-11,56.2,0.098
2007-03-12,58.0,0.008
2007-03-13,71.3,0.000
2007-03-14,79.4,0.000
2007-03-15,73.4,0.154
2007-03-16,40.3,1.496
2007-03-17,36.6,0.000
2007-03-18,43.5,0.000
2007-03-19,54.9,0.000
2007-03-20,60.4,0.000
2007-03-21,45.6,0.000
2007-03-22,72.5,0.008
2007-03-23,78.0,0.051
2007-03-24,59.1,0.177
2007-03-25,61.1,0.000
2007-03-26,66.2,0.000
2007-03-27,80.7,0.000
2007-03-28,68.7,0.000
2007-03-29,60.0,0.000
2007-03-30,64.3,0.000
2007-03-31,61.4,0.000
2007-04-01,64.5,0.236
2007-04-02,78.5,0.000
2007-04-03,75.8,0.000
2007-04-04,65.7,0.114
2007-04-05,46.4,0.000
2007-04-06,49.0,0.000
2007-04-07,42.5,0.004
2007-04-08,45.1,0.000
2007-04-09,47.8,0.000
2007-04-10,50.0,0.000
2007-04-11,51.6,0.028
2007-04-12,65.7,0.681
2007-04-13,56.6,0.000
2007-04-14,56.7,0.291
2007-04-15,47.8,2.673
2007-04-16,46.8,0.043
2007-04-17,54.6,0.000
2007-04-18,53.3,0.000
2007-04-19,54.6,0.035
2007-04-20,68.9,0.000
2007-04-21,73.7,0.000
2007-04-22,79.7,0.000
2007-04-23,82.7,0.000
2007-04-24,79.4,0.000
2007-04-25,76.8,0.024
2007-04-26,62.1,0.024
2007-04-27,68.6,0.425
2007-04-28,69.2,0.051
2007-04-29,73.1,0.000
2007-04-30,83.1,0.000
2007-05-01,78.2,0.000
2007-05-02,79.9,0.000
2007-05-03,65.3,0.000
2007-05-04,69.2,0.000
2007-05-05,66.8,0.012
2007-05-06,62.6,0.000
2007-05-07,65.3,0.000
2007-05-08,74.1,0.000
2007-05-09,79.9,0.000
2007-05-10,79.9,0.000
2007-05-11,85.2,0.000
2007-05-12,81.3,0.559
2007-05-13,69.6,0.205
2007-05-14,72.6,0.000
2007-05-15,84.2,0.000
2007-05-16,84.9,0.232
2007-05-17,69.5,0.055
2007-05-18,60.2,0.126
2007-05-19,71.6,0.020
2007-05-20,78.6,0.000
2007-05-21,74.7,0.000
2007-05-22,78.1,0.000
2007-05-23,77.6,0.000
2007-05-24,81.2,0.000
2007-05-25,87.0,0.000
2007-05-26,90.0,0.008
2007-05-27,91.0,0.035
2007-05-28,89.6,0.063
2007-05-29,85.7,0.000
2007-05-30,89.0,0.000
2007-05-31,90.3,0.008
2007-06-01,90.4,0.000
2007-06-02,90.5,0.000
2007-06-03,75.1,0.370
2007-06-04,82.6,0.051
2007-06-05,82.6,0.000
2007-06-06,75.2,0.098
2007-06-07,87.5,0.000
2007-06-08,96.4,0.000
2007-06-09,88.0,0.000
2007-06-10,74.9,0.008
2007-06-11,83.8,0.000
2007-06-12,88.3,0.142
2007-06-13,83.3,0.181
2007-06-14,70.2,0.055
2007-06-15,70.4,0.000
2007-06-16,79.0,0.000
2007-06-17,92.0,0.000
2007-06-18,93.8,0.000
2007-06-19,96.3,0.008
2007-06-20,86.3,0.004
2007-06-21,87.8,0.000
2007-06-22,82.8,0.000
2007-06-23,83.1,0.000
2007-06-24,86.5,0.000
2007-06-25,87.7,0.307
2007-06-26,92.9,0.024
2007-06-27,97.3,0.091
2007-06-28,94.3,0.083
2007-06-29,78.9,0.339
2007-06-30,80.1,0.134
2007-07-01,80.8,0.004
2007-07-02,80.2,0.000
2007-07-03,80.8,0.016
2007-07-04,86.0,0.031
2007-07-05,81.4,0.413
2007-07-06,87.0,0.016
2007-07-07,88.4,0.000
2007-07-08,94.5,0.000
2007-07-09,98.2,0.000
2007-07-10,97.9,0.106
2007-07-11,91.5,0.012
2007-07-12,85.1,0.000
2007-07-13,88.4,0.000
2007-07-14,87.6,0.000
2007-07-15,94.3,0.000
2007-07-16,90.3,0.063
2007-07-17,92.9,0.000
2007-07-18,90.2,0.004
2007-07-19,95.9,0.165
2007-07-20,85.1,0.008
2007-07-21,83.7,0.000
2007-07-22,84.1,0.000
2007-07-23,85.7,0.000
2007-07-24,87.0,0.000
2007-07-25,84.6,0.043
2007-07-26,91.1,0.000
2007-07-27,94.3,0.004
2007-07-28,92.9,0.232
2007-07-29,82.6,0.488
2007-07-30,85.9,0.138
2007-07-31,90.5,0.004
2007-08-01,92.5,0.000
2007-08-02,94.0,0.000
2007-08-03,95.4,0.020
2007-08-04,97.3,0.000
2007-08-05,93.4,0.480
2007-08-06,93.4,0.154
2007-08-07,95.7,0.000
2007-08-08,101.0,0.000
2007-08-09,95.5,0.000
2007-08-10,93.2,0.071
2007-08-11,86.4,0.000
2007-08-12,90.5,0.000
2007-08-13,92.2,0.000
2007-08-14,89.2,0.000
2007-08-15,94.4,0.000
2007-08-16,97.4,0.000
2007-08-17,92.4,0.421
2007-08-18,82.1,0.000
2007-08-19,80.6,0.031
2007-08-20,73.3,0.382
2007-08-21,77.5,0.697
2007-08-22,71.6,0.087
2007-08-23,81.9,0.000
2007-08-24,91.9,0.000
2007-08-25,96.4,0.205
2007-08-26,85.8,0.173
2007-08-27,86.2,0.000
2007-08-28,85.3,0.000
2007-08-29,84.8,0.000
2007-08-30,85.8,0.000
2007-08-31,85.2,0.000
2007-09-01,82.0,0.000
2007-09-02,82.5,0.000
2007-09-03,88.8,0.000
2007-09-04,91.1,0.000
2007-09-05,90.2,0.000
2007-09-06,90.0,0.000
2007-09-07,91.8,0.012
2007-09-08,91.8,0.000
2007-09-09,88.4,0.008
2007-09-10,90.8,0.051
2007-09-11,82.1,0.240
2007-09-12,79.1,0.000
2007-09-13,80.4,0.000
2007-09-14,78.6,0.378
2007-09-15,70.7,0.461
2007-09-16,66.7,0.000
2007-09-17,69.8,0.000
2007-09-18,71.4,0.000
2007-09-19,75.9,0.000
2007-09-20,78.5,0.000
2007-09-21,83.4,0.000
2007-09-22,86.6,0.012
2007-09-23,84.8,0.000
2007-09-24,82.6,0.000
2007-09-25,88.8,0.000
2007-09-26,91.1,0.000
2007-09-27,87.1,0.000
2007-09-28,79.7,0.000
2007-09-29,77.0,0.000
2007-09-30,77.7,0.000
2007-10-01,76.3,0.000
2007-10-02,79.2,0.000
2007-10-03,82.8,0.000
2007-10-04,84.8,0.000
2007-10-05,82.8,0.000
2007-10-06,83.2,0.000
2007-10-07,91.4,0.000
2007-10-08,90.1,0.000
2007-10-09,92.1,0.008
2007-10-10,83.5,0.039
2007-10-11,67.6,0.000
2007-10-12,67.9,0.000
2007-10-13,68.5,0.000
2007-10-14,70.2,0.000
2007-10-15,75.2,0.000
2007-10-16,77.6,0.000
2007-10-17,81.1,0.000
2007-10-18,80.8,0.004
2007-10-19,75.0,0.268
2007-10-20,73.4,0.000
2007-10-21,78.9,0.000
2007-10-22,80.1,0.000
2007-10-23,82.0,0.000
2007-10-24,73.5,0.457
2007-10-25,58.7,0.248
2007-10-26,65.0,1.484
2007-10-27,69.8,0.638
2007-10-28,58.0,0.000
2007-10-29,56.2,0.000
2007-10-30,62.5,0.000
2007-10-31,65.5,0.000
2007-11-01,68.3,0.000
2007-11-02,56.5,0.000
2007-11-03,60.2,0.000
2007-11-04,59.2,0.000
2007-11-05,60.7,0.008
2007-11-06,53.6,0.122
2007-11-07,50.9,0.000
2007-11-08,47.4,0.000
2007-11-09,50.5,0.031
2007-11-10,48.5,0.079
2007-11-11,51.3,0.035
2007-11-12,56.2,0.000
2007-11-13,64.1,0.039
2007-11-14,67.0,0.000
2007-11-15,62.3,0.732
2007-11-16,46.3,0.000
2007-11-17,50.7,0.000
2007-11-18,55.8,0.016
2007-11-19,46.8,0.004
2007-11-20,61.8,0.000
2007-11-21,72.4,0.000
2007-11-22,73.6,0.012
2007-11-23,45.4,0.000
2007-11-24,42.5,0.000
2007-11-25,53.0,0.000
2007-11-26,61.2,0.130
2007-11-27,61.6,0.071
2007-11-28,45.8,0.000
2007-11-29,57.0,0.000
2007-11-30,47.0,0.000
2007-12-01,42.4,0.000
2007-12-02,47.9,0.413
2007-12-03,50.7,0.091
2007-12-04,39.8,0.000
2007-12-05,34.2,0.000
2007-12-06,31.9,0.000
2007-12-07,35.5,0.020
2007-12-08,48.5,0.157
2007-12-09,47.6,0.004
2007-12-10,52.1,0.197
2007-12-11,52.9,0.008
2007-12-12,60.8,0.000
2007-12-13,42.5,0.118
2007-12-14,50.0,0.000
2007-12-15,38.7,0.157
2007-12-16,45.8,0.630
2007-12-17,39.3,0.000
2007-12-18,40.7,0.000
2007-12-19,43.2,0.000
2007-12-20,44.4,0.000
2007-12-21,44.6,0.000
2007-12-22,49.5,0.000
2007-12-23,60.3,0.339
2007-12-24,49.5,0.000
2007-12-25,49.1,0.000
2007-12-26,40.2,0.094
2007-12-27,52.4,0.000
2007-12-28,48.1,0.276
2007-12-29,52.4,0.276
2007-12-30,43.6,0.248
2007-12-31,49.9,0.039
2008-01-01,48.8,0.000
2008-01-02,36.4,0.000
2008-01-03,30.8,0.000
2008-01-04,39.5,0.000
2008-01-05,42.5,0.000
2008-01-06,53.8,0.193
2008-01-07,67.2,0.000
2008-01-08,67.2,0.000
2008-01-09,62.0,0.091
2008-01-10,52.3,0.248
2008-01-11,60.2,0.205
2008-01-12,49.5,0.000
2008-01-13,46.8,0.075
2008-01-14,44.3,0.000
2008-01-15,37.8,0.004
2008-01-16,40.7,0.000
2008-01-17,36.4,0.205
2008-01-18,44.4,0.008
2008-01-19,37.7,0.004
2008-01-20,32.2,0.000
2008-01-21,27.7,0.000
2008-01-22,37.1,0.079
2008-01-23,40.0,0.000
2008-01-24,37.1,0.000
2008-01-25,34.3,0.000
2008-01-26,38.5,0.000
2008-01-27,41.6,0.000
2008-01-28,43.9,0.000
2008-01-29,49.3,0.000
2008-01-30,50.9,0.051
2008-01-31,40.9,0.000
2008-02-01,52.5,1.650
2008-02-02,49.5,0.000
2008-02-03,54.2,0.000
2008-02-04,55.1,0.000
2008-02-05,64.6,0.012
2008-02-06,72.5,0.063
2008-02-07,61.4,0.047
2008-02-08,50.2,0.000
2008-02-09,56.4,0.008
2008-02-10,47.3,0.000
2008-02-11,29.9,0.000
2008-02-12,33.5,0.094
2008-02-13,39.1,0.457
2008-02-14,41.6,0.000
2008-02-15,55.6,0.000
2008-02-16,44.0,0.000
2008-02-17,56.7,0.000
2008-02-18,62.1,0.602
2008-02-19,47.5,0.004
2008-02-20,36.7,0.000
2008-02-21,33.3,0.000
2008-02-22,34.7,0.138
2008-02-23,40.7,0.000
2008-02-24,43.5,0.008
2008-02-25,49.9,0.000
2008-02-26,51.5,0.248
2008-02-27,41.1,0.000
2008-02-28,35.1,0.000
2008-02-29,43.8,0.024
2008-03-01,47.7,0.012
2008-03-02,49.3,0.000
2008-03-03,65.0,0.000
2008-03-04,71.4,0.205
2008-03-05,60.5,0.378
2008-03-06,53.9,0.000
2008-03-07,50.8,0.500
2008-03-08,58.6,0.791
2008-03-09,45.1,0.000
2008-03-10,53.1,0.028
2008-03-11,52.2,0.039
2008-03-12,55.8,0.000
2008-03-13,60.6,0.000
2008-03-14,64.7,0.004
2008-03-15,60.7,0.091
2008-03-16,52.1,0.260
2008-03-17,51.3,0.000
2008-03-18,51.7,0.020
2008-03-19,67.5,0.315
2008-03-20,64.4,0.134
2008-03-21,55.1,0.000
2008-03-22,49.2,0.031
2008-03-23,49.8,0.000
2008-03-24,48.6,0.000
2008-03-25,51.8,0.016
2008-03-26,67.0,0.004
2008-03-27,59.2,0.075
2008-03-28,72.1,0.016
2008-03-29,50.6,0.000
2008-03-30,49.3,0.000
2008-03-31,56.5,0.000
2008-04-01,72.1,0.110
2008-04-02,56.2,0.000
2008-04-03,52.0,0.465
2008-04-04,66.5,0.102
2008-04-05,62.8,0.102
2008-04-06,51.3,0.386
2008-04-07,48.3,0.004
2008-04-08,53.2,0.000
2008-04-09,66.8,0.000
2008-04-10,73.9,0.000
2008-04-11,79.5,0.000
2008-04-12,73.8,0.201
2008-04-13,57.3,0.004
2008-04-14,55.1,0.000
2008-04-15,59.6,0.000
2008-04-16,65.8,0.000
2008-04-17,74.0,0.000
2008-04-18,82.7,0.000
2008-04-19,80.3,0.000
2008-04-20,65.5,0.764
2008-04-21,61.8,0.693
2008-04-22,69.4,0.004
2008-04-23,73.5,0.000
2008-04-24,76.6,0.000
2008-04-25,78.7,0.000
2008-04-26,79.8,0.134
2008-04-27,59.3,0.161
2008-04-28,62.1,0.602
2008-04-29,61.1,0.028
2008-04-30,58.7,0.016
2008-05-01,66.6,0.008
2008-05-02,81.3,0.004
2008-05-03,80.9,0.012
2008-05-04,71.8,0.000
2008-05-05,71.5,0.000
2008-05-06,76.2,0.000
2008-05-07,81.1,0.000
2008-05-08,74.9,0.260
2008-05-09,63.6,1.295
2008-05-10,62.3,0.398
2008-05-11,63.3,1.087
2008-05-12,50.6,1.323
2008-05-13,70.4,0.000
2008-05-14,74.9,0.000
2008-05-15,74.9,0.039
2008-05-16,71.3,0.650
2008-05-17,73.8,0.000
2008-05-18,72.0,0.067
2008-05-19,64.1,0.000
2008-05-20,61.8,0.268
2008-05-21,67.8,0.000
2008-05-22,65.6,0.000
2008-05-23,69.3,0.000
2008-05-24,70.2,0.000
2008-05-25,74.6,0.000
2008-05-26,83.7,0.000
2008-05-27,82.0,0.181
2008-05-28,68.3,0.000
2008-05-29,76.8,0.000
2008-05-30,82.5,0.000
2008-05-31,84.1,0.134
2008-06-01,84.1,0.000
2008-06-02,78.9,0.000
2008-06-03,82.5,0.500
2008-06-04,88.4,0.406
2008-06-05,86.9,0.028
2008-06-06,87.6,0.000
2008-06-07,96.4,0.000
2008-06-08,96.0,0.000
2008-06-09,96.6,0.000
2008-06-10,98.5,0.024
2008-06-11,86.3,0.000
2008-06-12,89.8,0.000
2008-06-13,90.2,0.000
2008-06-14,90.7,0.205
2008-06-15,85.1,0.024
2008-06-16,90.5,0.138
2008-06-17,77.1,0.000
2008-06-18,78.9,0.000
2008-06-19,74.9,0.000
2008-06-20,83.9,0.000
2008-06-21,86.7,0.154
2008-06-22,86.7,0.051
2008-06-23,85.8,0.008
2008-06-24,81.9,0.000
2008-06-25,88.4,0.000
2008-06-26,93.1,0.000
2008-06-27,94.1,0.063
2008-06-28,93.9,0.000
2008-06-29,90.1,0.335
2008-06-30,83.8,0.161
2008-07-01,80.8,0.000
2008-07-02,86.5,0.000
2008-07-03,92.3,0.000
2008-07-04,87.4,0.091
2008-07-05,81.0,0.339
2008-07-06,82.1,0.508
2008-07-07,84.5,0.039
2008-07-08,89.8,0.063
2008-07-09,83.4,0.461
2008-07-10,84.5,0.000
2008-07-11,88.4,0.000
2008-07-12,89.3,0.000
2008-07-13,91.0,0.157
2008-07-14,83.5,0.650
2008-07-15,86.0,0.000
2008-07-16,88.7,0.000
2008-07-17,93.2,0.000
2008-07-18,93.6,0.000
2008-07-19,93.4,0.000
2008-07-20,94.2,0.000
2008-07-21,92.8,0.000
2008-07-22,96.4,0.016
2008-07-23,87.6,0.799
2008-07-24,82.8,0.031
2008-07-25,86.7,0.000
2008-07-26,86.0,0.000
2008-07-27,86.1,0.248
2008-07-28,88.0,0.000
2008-07-29,90.2,0.051
2008-07-30,90.7,0.000
2008-07-31,85.9,0.012
2008-08-01,91.3,0.000
2008-08-02,89.5,0.646
2008-08-03,84.7,0.000
2008-08-04,87.2,0.000
2008-08-05,89.6,0.004
2008-08-06,91.1,0.000
2008-08-07,88.5,0.059
2008-08-08,82.8,0.000
2008-08-09,82.0,0.000
2008-08-10,88.0,0.055
2008-08-11,77.6,0.000
2008-08-12,82.7,0.000
2008-08-13,84.6,0.000
2008-08-14,86.5,0.610
2008-08-15,83.4,0.000
2008-08-16,83.9,0.000
2008-08-17,86.9,0.000
2008-08-18,89.1,0.000
2008-08-19,92.0,0.000
2008-08-20,81.3,0.000
2008-08-21,84.6,0.000
2008-08-22,83.9,0.000
2008-08-23,83.3,0.004
2008-08-24,87.3,0.000
2008-08-25,91.0,0.020
2008-08-26,79.6,0.000
2008-08-27,78.9,0.000
2008-08-28,70.2,0.531
2008-08-29,75.8,0.276
2008-08-30,85.8,0.000
2008-08-31,85.9,0.000
2008-09-01,85.9,0.000
2008-09-02,89.8,0.000
2008-09-03,92.4,0.000
2008-09-04,93.6,0.000
2008-09-05,87.5,1.705
2008-09-06,76.3,1.906
2008-09-07,80.6,0.000
2008-09-08,83.1,0.000
2008-09-09,75.7,0.524
2008-09-10,73.1,0.000
2008-09-11,75.7,0.000
2008-09-12,76.6,0.067
2008-09-13,87.5,0.043
2008-09-14,91.1,0.000
2008-09-15,81.4,0.000
2008-09-16,73.4,0.000
2008-09-17,75.1,0.000
2008-09-18,79.6,0.000
2008-09-19,71.6,0.000
2008-09-20,72.1,0.000
2008-09-21,78.3,0.000
2008-09-22,79.4,0.004
2008-09-23,73.0,0.000
2008-09-24,73.5,0.000
2008-09-25,65.1,0.772
2008-09-26,67.2,0.228
2008-09-27,78.4,0.102
2008-09-28,76.4,0.441
2008-09-29,73.0,0.000
2008-09-30,75.4,0.512
2008-10-01,70.6,0.098
2008-10-02,64.1,0.000
2008-10-03,70.9,0.000
2008-10-04,71.3,0.000
2008-10-05,74.3,0.000
2008-10-06,69.5,0.000
2008-10-07,64.1,0.000
2008-10-08,69.5,0.012
2008-10-09,77.2,0.000
2008-10-10,75.2,0.000
2008-10-11,74.1,0.000
2008-10-12,74.2,0.000
2008-10-13,80.5,0.000
2008-10-14,82.6,0.000
2008-10-15,81.0,0.000
2008-10-16,83.5,0.000
2008-10-17,64.1,0.012
2008-10-18,60.0,0.000
2008-10-19,58.2,0.000
2008-10-20,63.2,0.000
2008-10-21,62.1,0.000
2008-10-22,57.2,0.000
2008-10-23,56.6,0.000
2008-10-24,58.9,0.063
2008-10-25,64.9,0.665
2008-10-26,63.6,0.000
2008-10-27,52.0,0.138
2008-10-28,51.3,0.181
2008-10-29,50.4,0.035
2008-10-30,53.4,0.000
2008-10-31,64.3,0.000
2008-11-01,72.0,0.000
2008-11-02,58.0,0.000
2008-11-03,61.9,0.000
2008-11-04,58.1,0.287
2008-11-05,65.0,0.417
2008-11-06,65.6,0.150
2008-11-07,69.3,0.004
2008-11-08,65.0,0.232
2008-11-09,58.2,0.000
2008-11-10,50.4,0.000
2008-11-11,48.8,0.000
2008-11-12,52.0,0.000
2008-11-13,52.2,0.740
2008-11-14,57.0,0.016
2008-11-15,69.8,0.421
2008-11-16,50.1,0.000
2008-11-17,47.9,0.012
2008-11-18,40.0,0.000
2008-11-19,38.4,0.000
2008-11-20,45.2,0.000
2008-11-21,40.1,0.016
2008-11-22,35.1,0.000
2008-11-23,41.1,0.000
2008-11-24,48.1,0.134
2008-11-25,47.0,0.091
2008-11-26,44.6,0.000
2008-11-27,48.2,0.000
2008-11-28,52.0,0.000
2008-11-29,47.4,0.000
2008-11-30,46.1,0.622
2008-12-01,50.4,0.055
2008-12-02,45.3,0.000
2008-12-03,45.5,0.000
2008-12-04,53.0,0.059
2008-12-05,40.3,0.004
2008-12-06,38.3,0.000
2008-12-07,34.0,0.000
2008-12-08,33.7,0.000
2008-12-09,54.8,0.000
2008-12-10,62.4,0.445
2008-12-11,46.5,1.921
2008-12-12,44.0,0.244
2008-12-13,37.1,0.000
2008-12-14,46.2,0.000
2008-12-15,65.3,0.043
2008-12-16,54.0,0.402
2008-12-17,51.3,0.059
2008-12-18,43.4,0.000
2008-12-19,55.1,0.303
2008-12-20,46.6,0.000
2008-12-21,43.2,0.075
2008-12-22,27.5,0.000
2008-12-23,32.7,0.000
2008-12-24,59.0,0.016
2008-12-25,58.7,0.020
2008-12-26,41.8,0.000
2008-12-27,59.3,0.000
2008-12-28,67.7,0.000
2008-12-29,49.4,0.000
2008-12-30,50.5,0.000
2008-12-31,43.1,0.000
2009-01-01,33.9,0.000
2009-01-02,42.0,0.000
2009-01-03,43.8,0.000
2009-01-04,44.3,0.000
2009-01-05,48.3,0.008
2009-01-06,38.8,0.547
2009-01-07,43.5,1.209
2009-01-08,42.0,0.000
2009-01-09,37.8,0.000
2009-01-10,44.0,0.161
2009-01-11,44.9,0.161
2009-01-12,38.8,0.000
2009-01-13,40.2,0.000
2009-01-14,31.8,0.000
2009-01-15,29.8,0.000
2009-01-16,19.1,0.000
2009-01-17,24.7,0.000
2009-01-18,39.4,0.000
2009-01-19,38.0,0.000
2009-01-20,31.3,0.000
2009-01-21,32.3,0.000
2009-01-22,44.3,0.000
2009-01-23,52.6,0.000
2009-01-24,40.8,0.004
2009-01-25,34.3,0.000
2009-01-26,34.4,0.000
2009-01-27,31.9,0.071
2009-01-28,48.1,0.307
2009-01-29,40.0,0.000
2009-01-30,41.9,0.000
2009-01-31,35.0,0.000
2009-02-01,56.1,0.000
2009-02-02,54.6,0.004
2009-02-03,41.1,0.000
2009-02-04,34.8,0.000
2009-02-05,26.6,0.000
2009-02-06,42.6,0.000
2009-02-07,56.5,0.000
2009-02-08,62.9,0.000
2009-02-09,50.8,0.000
2009-02-10,61.1,0.008
2009-02-11,68.1,0.000
2009-02-12,62.8,0.000
2009-02-13,47.9,0.000
2009-02-14,48.1,0.000
2009-02-15,43.5,0.000
2009-02-16,39.5,0.000
2009-02-17,41.7,0.000
2009-02-18,45.6,0.146
2009-02-19,46.7,0.004
2009-02-20,38.0,0.000
2009-02-21,44.1,0.000
2009-02-22,43.3,0.031
2009-02-23,36.4,0.000
2009-02-24,39.0,0.000
2009-02-25,47.8,0.000
2009-02-26,55.3,0.000
2009-02-27,66.2,0.024
2009-02-28,51.4,0.039
2009-03-01,39.2,0.047
2009-03-02,30.3,0.000
2009-03-03,29.1,0.000
2009-03-04,36.5,0.000
2009-03-05,44.0,0.000
2009-03-06,65.2,0.000
2009-03-07,74.0,0.000
2009-03-08,76.6,0.000
2009-03-09,64.0,0.000
2009-03-10,50.2,0.000
2009-03-11,74.8,0.000
2009-03-12,48.1,0.000
2009-03-13,42.4,0.051
2009-03-14,45.8,0.150
2009-03-15,42.3,0.276
2009-03-16,48.8,0.110
2009-03-17,52.1,0.083
2009-03-18,65.3,0.000
2009-03-19,52.7,0.059
2009-03-20,48.2,0.000
2009-03-21,49.4,0.000
2009-03-22,60.6,0.000
2009-03-23,51.2,0.000
2009-03-24,48.1,0.000
2009-03-25,50.8,0.000
2009-03-26,49.7,0.280
2009-03-27,62.4,0.327
2009-03-28,53.9,0.886
2009-03-29,74.6,0.189
2009-03-30,56.6,0.000
2009-03-31,58.5,0.000
2009-04-01,59.4,0.232
2009-04-02,60.2,0.016
2009-04-03,71.4,0.626
2009-04-04,63.5,0.000
2009-04-05,68.0,0.000
2009-04-06,65.9,0.201
2009-04-07,47.6,0.000
2009-04-08,55.0,0.000
2009-04-09,61.2,0.000
2009-04-10,71.9,0.020
2009-04-11,56.2,0.724
2009-04-12,54.3,0.000
2009-04-13,56.0,0.193
2009-04-14,50.2,0.185
2009-04-15,47.2,0.366
2009-04-16,63.1,0.000
2009-04-17,69.5,0.000
2009-04-18,75.3,0.000
2009-04-19,69.1,0.024
2009-04-20,58.9,1.291
2009-04-21,68.5,0.051
2009-04-22,58.2,0.315
2009-04-23,61.4,0.000
2009-04-24,74.4,0.000
2009-04-25,88.4,0.000
2009-04-26,90.3,0.000
2009-04-27,89.4,0.000
2009-04-28,86.0,0.000
2009-04-29,69.6,0.138
2009-04-30,64.1,0.000
2009-05-01,75.3,0.177
2009-05-02,71.0,0.134
2009-05-03,61.6,0.894
2009-05-04,55.0,0.661
2009-05-05,61.7,0.346
2009-05-06,69.7,0.142
2009-05-07,74.4,0.378
2009-05-08,78.8,0.000
2009-05-09,84.9,0.067
2009-05-10,72.6,0.000
2009-05-11,62.3,0.016
2009-05-12,67.5,0.000
2009-05-13,70.8,0.000
2009-05-14,75.1,0.075
2009-05-15,77.7,0.083
2009-05-16,81.2,0.193
2009-05-17,68.7,0.551
2009-05-18,62.3,0.000
2009-05-19,67.4,0.000
2009-05-20,74.9,0.000
2009-05-21,79.2,0.000
2009-05-22,82.9,0.000
2009-05-23,84.8,0.016
2009-05-24,84.3,0.043
2009-05-25,81.2,0.197
2009-05-26,68.3,0.457
2009-05-27,74.0,0.020
2009-05-28,81.0,0.512
2009-05-29,80.7,0.433
2009-05-30,78.5,0.000
2009-05-31,79.0,0.008
2009-06-01,76.1,0.000
2009-06-02,89.4,0.004
2009-06-03,84.9,0.791
2009-06-04,66.5,0.736
2009-06-05,60.6,1.020
2009-06-06,74.2,0.004
2009-06-07,80.6,0.000
2009-06-08,85.7,0.000
2009-06-09,86.0,0.291
2009-06-10,82.4,0.102
2009-06-11,81.5,0.094
2009-06-12,83.2,0.106
2009-06-13,83.4,0.059
2009-06-14,80.4,0.000
2009-06-15,81.2,0.000
2009-06-16,77.1,0.047
2009-06-17,69.8,0.146
2009-06-18,82.5,0.602
2009-06-19,83.0,0.000
2009-06-20,86.7,0.169
2009-06-21,78.6,0.028
2009-06-22,82.8,0.008
2009-06-23,81.1,0.000
2009-06-24,84.8,0.000
2009-06-25,88.9,0.000
2009-06-26,87.9,0.008
2009-06-27,83.3,0.000
2009-06-28,81.0,0.028
2009-06-29,84.7,0.008
2009-06-30,85.7,0.000
2009-07-01,84.7,0.110
2009-07-02,81.0,0.047
2009-07-03,80.3,0.000
2009-07-04,83.6,0.000
2009-07-05,76.7,0.063
2009-07-06,85.2,0.000
2009-07-07,87.9,0.000
2009-07-08,83.0,0.000
2009-07-09,82.2,0.000
2009-07-10,82.1,0.000
2009-07-11,88.3,0.000
2009-07-12,88.7,0.071
2009-07-13,86.8,0.000
2009-07-14,85.2,0.000
2009-07-15,90.4,0.000
2009-07-16,94.2,0.000
2009-07-17,90.1,0.138
2009-07-18,83.8,0.000
2009-07-19,81.9,0.000
2009-07-20,82.8,0.000
2009-07-21,83.9,0.028
2009-07-22,88.4,0.039
2009-07-23,85.9,0.220
2009-07-24,85.3,0.004
2009-07-25,91.7,0.000
2009-07-26,95.0,0.114
2009-07-27,88.7,0.118
2009-07-28,89.7,0.035
2009-07-29,86.5,0.579
2009-07-30,87.5,0.000
2009-07-31,89.1,0.398
2009-08-01,86.2,0.008
2009-08-02,82.8,0.374
2009-08-03,86.5,0.000
2009-08-04,90.5,0.000
2009-08-05,85.7,0.000
2009-08-06,77.0,0.402
2009-08-07,82.4,0.000
2009-08-08,86.7,0.000
2009-08-09,95.5,0.000
2009-08-10,96.2,0.000
2009-08-11,92.9,0.201
2009-08-12,86.9,0.394
2009-08-13,84.1,0.087
2009-08-14,84.5,0.020
2009-08-15,86.3,0.000
2009-08-16,90.9,0.000
2009-08-17,92.0,0.000
2009-08-18,94.6,0.213
2009-08-19,89.5,0.106
2009-08-20,93.7,0.039
2009-08-21,89.0,0.114
2009-08-22,77.8,1.437
2009-08-23,85.7,0.122
2009-08-24,83.9,0.000
2009-08-25,85.7,0.000
2009-08-26,89.1,0.000
2009-08-27,86.3,0.000
2009-08-28,81.5,0.441
2009-08-29,85.4,0.130
2009-08-30,84.1,0.000
2009-08-31,75.5,0.000
2009-09-01,74.4,0.000
2009-09-02,75.7,0.000
2009-09-03,77.7,0.000
2009-09-04,82.2,0.000
2009-09-05,87.2,0.000
2009-09-06,84.3,0.000
2009-09-07,78.6,0.063
2009-09-08,73.4,0.043
2009-09-09,78.8,0.000
2009-09-10,72.2,0.016
2009-09-11,63.2,0.772
2009-09-12,68.1,0.039
2009-09-13,80.3,0.000
2009-09-14,82.1,0.000
2009-09-15,83.7,0.000
2009-09-16,74.7,0.031
2009-09-17,71.3,0.000
2009-09-18,80.0,0.004
2009-09-19,74.8,0.000
2009-09-20,74.8,0.000
2009-09-21,77.8,0.000
2009-09-22,77.6,0.012
2009-09-23,86.0,0.000
2009-09-24,85.0,0.008
2009-09-25,74.0,0.130
2009-09-26,68.1,0.642
2009-09-27,75.1,0.461
2009-09-28,79.7,0.008
2009-09-29,67.7,0.000
2009-09-30,65.9,0.063
2009-10-01,64.4,0.000
2009-10-02,73.8,0.075
2009-10-03,77.4,0.016
2009-10-04,70.3,0.000
2009-10-05,69.5,0.000
2009-10-06,71.4,0.000
2009-10-07,69.0,0.059
2009-10-08,69.7,0.016
2009-10-09,84.8,0.000
2009-10-10,75.8,0.087
2009-10-11,67.8,0.000
2009-10-12,60.0,0.000
2009-10-13,69.8,0.000
2009-10-14,53.5,0.075
2009-10-15,48.5,0.492
2009-10-16,43.1,0.268
2009-10-17,42.7,0.996
2009-10-18,52.1,0.319
2009-10-19,56.5,0.000
2009-10-20,68.4,0.000
2009-10-21,73.5,0.000
2009-10-22,75.2,0.000
2009-10-23,67.1,0.118
2009-10-24,72.7,0.980
2009-10-25,60.8,0.000
2009-10-26,61.6,0.000
2009-10-27,58.7,0.795
2009-10-28,70.1,0.791
2009-10-29,61.3,0.000
2009-10-30,59.6,0.000
2009-10-31,69.9,0.283
2009-11-01,53.8,1.421
2009-11-02,58.7,0.000
2009-11-03,63.7,0.000
2009-11-04,52.9,0.012
2009-11-05,56.7,0.000
2009-11-06,49.8,0.000
2009-11-07,57.7,0.000
2009-11-08,70.7,0.000
2009-11-09,69.1,0.000
2009-11-10,65.0,0.004
2009-11-11,55.1,1.587
2009-11-12,45.3,1.118
2009-11-13,55.3,0.220
2009-11-14,60.3,0.024
2009-11-15,70.4,0.000
2009-11-16,67.2,0.000
2009-11-17,56.4,0.000
2009-11-18,58.2,0.000
2009-11-19,62.0,0.744
2009-11-20,58.2,0.067
2009-11-21,56.2,0.000
2009-11-22,56.2,0.000
2009-11-23,50.7,0.303
2009-11-24,49.7,0.177
2009-11-25,54.1,0.110
2009-11-26,50.8,0.012
2009-11-27,48.6,0.146
2009-11-28,50.7,0.000
2009-11-29,62.6,0.000
2009-11-30,54.1,0.303
2009-12-01,54.2,0.000
2009-12-02,59.3,0.457
2009-12-03,64.1,0.280
2009-12-04,50.6,0.000
2009-12-05,45.2,0.291
2009-12-06,35.5,0.000
2009-12-07,43.5,0.000
2009-12-08,44.3,0.091
2009-12-09,55.1,0.839
2009-12-10,44.6,0.000
2009-12-11,36.7,0.000
2009-12-12,41.2,0.000
2009-12-13,42.8,0.622
2009-12-14,50.1,0.000
2009-12-15,56.0,0.000
2009-12-16,39.7,0.000
2009-12-17,36.2,0.000
2009-12-18,35.9,0.000
2009-12-19,29.0,0.000
2009-12-20,32.8,0.000
2009-12-21,37.0,0.000
2009-12-22,37.3,0.000
2009-12-23,33.6,0.000
2009-12-24,32.5,0.000
2009-12-25,46.1,0.453
2009-12-26,50.1,0.886
2009-12-27,46.8,0.000
2009-12-28,35.3,0.000
2009-12-29,32.0,0.000
2009-12-30,34.1,0.000
2009-12-31,38.9,0.319
2010-01-01,42.8,0.016
2010-01-02,28.8,0.000
2010-01-03,26.6,0.000
2010-01-04,32.6,0.000
2010-01-05,34.1,0.000
2010-01-06,38.0,0.000
2010-01-07,37.8,0.000
2010-01-08,30.5,0.000
2010-01-09,34.3,0.000
2010-01-10,30.9,0.000
2010-01-11,36.7,0.000
2010-01-12,34.6,0.000
2010-01-13,41.5,0.000
2010-01-14,48.7,0.000
2010-01-15,54.2,0.000
2010-01-16,52.6,0.000
2010-01-17,43.5,0.709
2010-01-18,55.0,0.000
2010-01-19,57.7,0.000
2010-01-20,44.1,0.035
2010-01-21,42.0,0.091
2010-01-22,40.1,0.280
2010-01-23,43.5,0.000
2010-01-24,52.0,0.240
2010-01-25,60.7,0.898
2010-01-26,44.5,0.000
2010-01-27,44.4,0.000
2010-01-28,48.3,0.000
2010-01-29,29.3,0.000
2010-01-30,24.2,0.000
2010-01-31,30.1,0.000
2010-02-01,35.9,0.000
2010-02-02,38.3,0.016
2010-02-03,41.1,0.000
2010-02-04,37.9,0.000
2010-02-05,35.7,0.000
2010-02-06,30.4,0.000
2010-02-07,30.7,0.000
2010-02-08,32.0,0.000
2010-02-09,33.8,0.031
2010-02-10,29.7,0.020
2010-02-11,37.0,0.000
2010-02-12,35.3,0.000
2010-02-13,32.2,0.000
2010-02-14,38.3,0.000
2010-02-15,37.0,0.059
2010-02-16,35.0,0.000
2010-02-17,36.5,0.000
2010-02-18,41.9,0.000
2010-02-19,42.5,0.000
2010-02-20,42.4,0.000
2010-02-21,46.2,0.000
2010-02-22,41.5,0.110
2010-02-23,42.6,0.031
2010-02-24,42.7,0.028
2010-02-25,40.2,0.028
2010-02-26,35.3,0.000
2010-02-27,42.5,0.000
2010-02-28,43.9,0.008
2010-03-01,45.6,0.000
2010-03-02,40.8,0.083
2010-03-03,41.6,0.150
2010-03-04,45.1,0.000
2010-03-05,48.8,0.000
2010-03-06,51.3,0.000
2010-03-07,57.1,0.000
2010-03-08,58.6,0.000
2010-03-09,62.3,0.000
2010-03-10,63.4,0.000
2010-03-11,65.0,0.043
2010-03-12,51.2,1.083
2010-03-13,53.3,1.075
2010-03-14,51.8,0.335
2010-03-15,49.4,0.071
2010-03-16,61.6,0.000
2010-03-17,65.7,0.000
2010-03-18,68.0,0.000
2010-03-19,70.4,0.000
2010-03-20,73.0,0.000
2010-03-21,75.0,0.000
2010-03-22,64.1,0.516
2010-03-23,51.4,0.024
2010-03-24,64.9,0.000
2010-03-25,71.1,0.051
2010-03-26,53.9,0.811
2010-03-27,49.2,0.000
2010-03-28,60.5,0.598
2010-03-29,60.0,0.358
2010-03-30,55.0,0.051
2010-03-31,69.3,0.000
2010-04-01,73.7,0.000
2010-04-02,72.6,0.000
2010-04-03,72.9,0.000
2010-04-04,74.9,0.000
2010-04-05,82.2,0.000
2010-04-06,89.5,0.000
2010-04-07,89.2,0.000
2010-04-08,82.8,0.173
2010-04-09,59.4,0.358
2010-04-10,63.9,0.000
2010-04-11,75.8,0.000
2010-04-12,70.5,0.000
2010-04-13,56.0,0.150
2010-04-14,61.4,0.000
2010-04-15,74.9,0.000
2010-04-16,82.5,0.016
2010-04-17,67.0,0.012
2010-04-18,56.6,0.000
2010-04-19,67.1,0.000
2010-04-20,68.9,0.000
2010-04-21,59.6,0.346
2010-04-22,73.2,0.000
2010-04-23,71.5,0.000
2010-04-24,60.2,0.075
2010-04-25,73.5,0.850
2010-04-26,63.2,0.382
2010-04-27,62.7,0.000
2010-04-28,57.0,0.000
2010-04-29,68.6,0.000
2010-04-30,81.7,0.000
2010-05-01,88.8,0.000
2010-05-02,86.4,0.020
2010-05-03,80.2,0.094
2010-05-04,81.6,0.000
2010-05-05,82.3,0.000
2010-05-06,81.6,0.000
2010-05-07,78.0,0.000
2010-05-08,76.6,0.000
2010-05-09,60.7,0.000
2010-05-10,63.5,0.000
2010-05-11,58.5,0.181
2010-05-12,80.9,0.319
2010-05-13,62.0,0.008
2010-05-14,86.5,0.000
2010-05-15,77.5,0.000
2010-05-16,74.9,0.051
2010-05-17,63.8,0.339
2010-05-18,56.9,0.028
2010-05-19,64.7,0.000
2010-05-20,81.9,0.000
2010-05-21,87.1,0.000
2010-05-22,76.9,0.098
2010-05-23,74.3,0.465
2010-05-24,75.1,0.000
2010-05-25,77.6,0.000
2010-05-26,90.2,0.000
2010-05-27,93.3,0.181
2010-05-28,74.0,0.350
2010-05-29,80.1,0.055
2010-05-30,88.9,0.000
2010-05-31,92.0,0.004
2010-06-01,87.3,0.327
2010-06-02,86.9,0.000
2010-06-03,92.2,0.130
2010-06-04,91.2,0.185
2010-06-05,91.3,0.000
2010-06-06,94.2,0.571
2010-06-07,75.3,0.000
2010-06-08,77.3,0.000
2010-06-09,70.5,0.366
2010-06-10,86.6,0.000
2010-06-11,83.4,0.000
2010-06-12,92.4,0.055
2010-06-13,91.2,0.020
2010-06-14,88.4,0.000
2010-06-15,83.6,0.028
2010-06-16,80.9,0.390
2010-06-17,85.9,0.000
2010-06-18,85.1,0.000
2010-06-19,91.9,0.000
2010-06-20,93.3,0.000
2010-06-21,92.9,0.000
2010-06-22,97.1,0.043
2010-06-23,97.1,0.000
2010-06-24,100.4,0.114
2010-06-25,91.1,0.000
2010-06-26,93.8,0.000
2010-06-27,100.2,0.000
2010-06-28,99.3,0.130
2010-06-29,92.8,0.020
2010-06-30,83.6,0.000
2010-07-01,81.2,0.000
2010-07-02,81.8,0.000
2010-07-03,88.9,0.000
2010-07-04,96.7,0.000
2010-07-05,99.8,0.000
2010-07-06,101.8,0.000
2010-07-07,102.3,0.000
2010-07-08,94.0,0.016
2010-07-09,91.5,0.000
2010-07-10,85.2,0.453
2010-07-11,90.5,0.000
2010-07-12,92.8,0.067
2010-07-13,86.4,0.075
2010-07-14,85.7,0.142
2010-07-15,92.8,0.000
2010-07-16,97.0,0.000
2010-07-17,96.1,0.039
2010-07-18,96.5,0.016
2010-07-19,97.6,0.197
2010-07-20,94.8,0.232
2010-07-21,93.7,0.016
2010-07-22,95.6,0.000
2010-07-23,101.6,0.000
2010-07-24,103.3,0.000
2010-07-25,101.7,0.268
2010-07-26,89.6,0.004
2010-07-27,91.1,0.000
2010-07-28,94.1,0.000
2010-07-29,92.2,0.484
2010-07-30,84.7,0.000
2010-07-31,85.1,0.035
2010-08-01,80.1,0.122
2010-08-02,83.3,0.012
2010-08-03,88.1,0.000
2010-08-04,92.1,0.173
2010-08-05,98.4,0.197
2010-08-06,91.1,0.000
2010-08-07,87.2,0.000
2010-08-08,90.0,0.000
2010-08-09,94.5,0.000
2010-08-10,98.7,0.000
2010-08-11,97.1,0.000
2010-08-12,85.7,0.567
2010-08-13,79.4,0.512
2010-08-14,81.9,0.000
2010-08-15,78.4,0.079
2010-08-16,92.0,0.173
2010-08-17,90.6,0.000
2010-08-18,79.5,2.142
2010-08-19,85.6,0.000
2010-08-20,89.3,0.000
2010-08-21,88.6,0.000
2010-08-22,86.8,0.051
2010-08-23,82.8,0.008
2010-08-24,74.8,0.000
2010-08-25,79.4,0.000
2010-08-26,83.9,0.000
2010-08-27,81.1,0.000
2010-08-28,84.8,0.000
2010-08-29,91.9,0.000
2010-08-30,95.5,0.000
2010-08-31,94.7,0.000
2010-09-01,96.0,0.000
2010-09-02,94.3,0.000
2010-09-03,92.0,0.000
2010-09-04,82.5,0.000
2010-09-05,79.3,0.000
2010-09-06,84.4,0.000
2010-09-07,91.9,0.000
2010-09-08,92.9,0.000
2010-09-09,78.2,0.000
2010-09-10,73.6,0.000
2010-09-11,79.4,0.000
2010-09-12,69.6,0.429
2010-09-13,85.5,0.000
2010-09-14,82.4,0.000
2010-09-15,84.5,0.000
2010-09-16,90.2,0.126
2010-09-17,76.3,0.000
2010-09-18,77.0,0.000
2010-09-19,84.0,0.000
2010-09-20,78.2,0.000
2010-09-21,79.7,0.000
2010-09-22,94.1,0.063
2010-09-23,91.9,0.000
2010-09-24,96.1,0.000
2010-09-25,91.5,0.000
2010-09-26,73.3,0.213
2010-09-27,74.0,1.004
2010-09-28,79.7,0.512
2010-09-29,67.3,0.575
2010-09-30,74.9,3.772
2010-10-01,71.0,1.350
2010-10-02,67.6,0.000
2010-10-03,65.7,0.012
2010-10-04,57.8,0.260
2010-10-05,58.7,0.004
2010-10-06,59.4,0.039
2010-10-07,72.7,0.000
2010-10-08,74.0,0.000
2010-10-09,78.8,0.000
2010-10-10,76.5,0.000
2010-10-11,84.2,0.000
2010-10-12,79.9,0.000
2010-10-13,66.5,0.000
2010-10-14,59.7,0.728
2010-10-15,61.3,0.000
2010-10-16,64.5,0.000
2010-10-17,73.7,0.000
2010-10-18,65.6,0.008
2010-10-19,61.4,0.098
2010-10-20,57.5,0.201
2010-10-21,65.5,0.000
2010-10-22,56.9,0.000
2010-10-23,68.6,0.000
2010-10-24,73.9,0.000
2010-10-25,74.0,0.000
2010-10-26,72.6,0.000
2010-10-27,74.9,0.240
2010-10-28,76.7,0.000
2010-10-29,55.2,0.000
2010-10-30,58.7,0.000
2010-10-31,62.2,0.000
2010-11-01,52.6,0.000
2010-11-02,50.4,0.000
2010-11-03,56.6,0.043
2010-11-04,49.9,1.004
2010-11-05,54.4,0.004
2010-11-06,50.4,0.000
2010-11-07,50.3,0.000
2010-11-08,59.4,0.000
2010-11-09,59.9,0.000
2010-11-10,61.3,0.000
2010-11-11,57.5,0.000
2010-11-12,59.8,0.000
2010-11-13,62.1,0.000
2010-11-14,61.4,0.000
2010-11-15,59.0,0.043
2010-11-16,60.5,0.598
2010-11-17,61.3,0.067
2010-11-18,55.9,0.000
2010-11-19,51.1,0.000
2010-11-20,61.2,0.000
2010-11-21,55.3,0.000
2010-11-22,63.8,0.000
2010-11-23,66.9,0.047
2010-11-24,50.6,0.000
2010-11-25,53.1,0.012
2010-11-26,59.6,0.043
2010-11-27,45.0,0.000
2010-11-28,46.5,0.000
2010-11-29,47.9,0.000
2010-11-30,59.6,0.161
2010-12-01,61.7,0.807
2010-12-02,42.5,0.000
2010-12-03,39.9,0.000
2010-12-04,40.7,0.000
2010-12-05,38.4,0.000
2010-12-06,35.7,0.000
2010-12-07,34.4,0.000
2010-12-08,34.2,0.000
2010-12-09,34.6,0.000
2010-12-10,37.5,0.000
2010-12-11,43.1,0.008
2010-12-12,48.5,0.976
2010-12-13,36.2,0.004
2010-12-14,27.2,0.000
2010-12-15,31.4,0.000
2010-12-16,26.4,0.000
2010-12-17,36.7,0.000
2010-12-18,37.0,0.000
2010-12-19,37.4,0.000
2010-12-20,37.3,0.000
2010-12-21,39.7,0.000
2010-12-22,42.1,0.000
2010-12-23,39.8,0.000
2010-12-24,38.8,0.000
2010-12-25,35.9,0.000
2010-12-26,32.1,0.000
2010-12-27,31.2,0.000
2010-12-28,40.5,0.000
2010-12-29,43.3,0.000
2010-12-30,45.4,0.000
2010-12-31,49.0,0.000
2011-01-01,58.6,0.126
2011-01-02,56.9,0.150
2011-01-03,38.0,0.000
2011-01-04,44.3,0.000
2011-01-05,39.5,0.000
2011-01-06,38.2,0.000
2011-01-07,37.9,0.000
2011-01-08,35.0,0.000
2011-01-09,34.4,0.000
2011-01-10,34.1,0.000
2011-01-11,30.7,0.000
2011-01-12,33.9,0.000
2011-01-13,35.2,0.000
2011-01-14,35.3,0.000
2011-01-15,44.6,0.000
2011-01-16,39.2,0.000
2011-01-17,33.4,0.083
2011-01-18,38.6,0.173
2011-01-19,49.7,0.051
2011-01-20,42.1,0.000
2011-01-21,35.5,0.039
2011-01-22,27.0,0.000
2011-01-23,29.8,0.000
2011-01-24,30.8,0.000
2011-01-25,45.7,0.000
2011-01-26,35.7,0.280
2011-01-27,35.4,0.000
2011-01-28,36.4,0.004
2011-01-29,36.8,0.000
2011-01-30,39.7,0.000
2011-01-31,30.1,0.000
2011-02-01,40.5,0.028
2011-02-02,56.9,0.528
2011-02-03,35.9,0.000
2011-02-04,41.9,0.000
2011-02-05,41.4,0.083
2011-02-06,47.4,0.000
2011-02-07,50.5,0.020
2011-02-08,38.1,0.000
2011-02-09,35.6,0.000
2011-02-10,32.2,0.000
2011-02-11,43.1,0.000
2011-02-12,45.9,0.000
2011-02-13,52.8,0.000
2011-02-14,63.3,0.008
2011-02-15,44.6,0.000
2011-02-16,54.8,0.000
2011-02-17,67.4,0.000
2011-02-18,72.2,0.004
2011-02-19,53.0,0.000
2011-02-20,47.8,0.051
2011-02-21,52.9,0.165
2011-02-22,37.9,0.031
2011-02-23,45.2,0.000
2011-02-24,51.2,0.181
2011-02-25,65.1,0.350
2011-02-26,48.5,0.000
2011-02-27,59.9,0.004
2011-02-28,68.9,0.760
2011-03-01,47.5,0.000
2011-03-02,60.8,0.000
2011-03-03,38.6,0.000
2011-03-04,47.9,0.000
2011-03-05,63.1,0.000
2011-03-06,56.8,1.594
2011-03-07,49.2,0.016
2011-03-08,49.5,0.000
2011-03-09,47.9,0.020
2011-03-10,56.5,1.417
2011-03-11,53.1,0.000
2011-03-12,60.2,0.000
2011-03-13,58.5,0.000
2011-03-14,51.5,0.000
2011-03-15,50.8,0.150
2011-03-16,57.5,0.201
2011-03-17,64.1,0.000
2011-03-18,77.4,0.000
2011-03-19,61.4,0.004
2011-03-20,51.7,0.000
2011-03-21,72.4,0.244
2011-03-22,62.1,0.000
2011-03-23,55.9,0.476
2011-03-24,45.3,0.047
2011-03-25,49.0,0.000
2011-03-26,46.4,0.000
2011-03-27,46.4,0.004
2011-03-28,46.5,0.000
2011-03-29,50.8,0.000
2011-03-30,48.6,0.205
2011-03-31,42.0,0.122
2011-04-01,50.2,0.075
2011-04-02,52.5,0.098
2011-04-03,58.5,0.012
2011-04-04,80.3,0.000
2011-04-05,70.7,1.016
2011-04-06,62.4,0.000
2011-04-07,66.6,0.000
2011-04-08,51.7,0.398
2011-04-09,54.2,0.000
2011-04-10,69.5,0.000
2011-04-11,83.3,0.000
2011-04-12,67.6,0.500
2011-04-13,56.8,0.094
2011-04-14,69.5,0.000
2011-04-15,65.8,0.000
2011-04-16,63.2,1.343
2011-04-17,66.4,0.000
2011-04-18,74.8,0.000
2011-04-19,72.2,0.000
2011-04-20,83.1,0.000
2011-04-21,60.8,0.000
2011-04-22,48.9,0.272
2011-04-23,73.9,0.012
2011-04-24,83.4,0.067
2011-04-25,85.5,0.000
2011-04-26,82.7,0.000
2011-04-27,81.8,0.106
2011-04-28,75.2,0.272
2011-04-29,66.0,0.000
2011-04-30,66.6,0.000
2011-05-01,66.8,0.004
2011-05-02,79.9,0.000
2011-05-03,82.6,0.000
2011-05-04,62.0,0.602
2011-05-05,66.2,0.000
2011-05-06,70.2,0.012
2011-05-07,71.3,0.000
2011-05-08,71.8,0.004
2011-05-09,71.8,0.000
2011-05-10,73.9,0.000
2011-05-11,74.0,0.024
2011-05-12,75.9,0.000
2011-05-13,69.2,0.043
2011-05-14,68.3,0.409
2011-05-15,74.8,0.736
2011-05-16,76.4,0.157
2011-05-17,70.8,0.673
2011-05-18,70.8,0.626
2011-05-19,70.6,0.134
2011-05-20,71.0,0.000
2011-05-21,79.4,0.000
2011-05-22,81.6,0.000
2011-05-23,83.2,0.142
2011-05-24,86.6,0.024
2011-05-25,84.2,0.024
2011-05-26,90.8,0.000
2011-05-27,83.3,0.024
2011-05-28,82.1,0.016
2011-05-29,85.8,0.000
2011-05-30,94.3,0.000
2011-05-31,93.8,0.000
2011-06-01,93.9,0.004
2011-06-02,85.3,0.000
2011-06-03,78.9,0.000
2011-06-04,83.9,0.008
2011-06-05,82.5,0.087
2011-06-06,84.7,0.008
2011-06-07,90.6,0.000
2011-06-08,98.3,0.035
2011-06-09,99.9,0.028
2011-06-10,94.0,0.087
2011-06-11,92.3,0.724
2011-06-12,89.4,0.157
2011-06-13,77.7,0.000
2011-06-14,73.5,0.000
2011-06-15,81.8,0.000
2011-06-16,81.2,0.764
2011-06-17,83.0,0.039
2011-06-18,88.1,0.134
2011-06-19,83.7,0.406
2011-06-20,79.3,1.020
2011-06-21,86.0,0.063
2011-06-22,90.0,0.173
2011-06-23,82.5,0.134
2011-06-24,84.1,0.000
2011-06-25,80.5,0.000
2011-06-26,81.4,0.043
2011-06-27,82.1,0.094
2011-06-28,90.2,0.087
2011-06-29,86.1,0.000
2011-06-30,85.7,0.000
2011-07-01,88.5,0.000
2011-07-02,92.1,0.000
2011-07-03,94.5,0.236
2011-07-04,89.9,0.000
2011-07-05,89.2,0.051
2011-07-06,92.7,0.020
2011-07-07,94.4,0.016
2011-07-08,90.1,0.665
2011-07-09,89.5,0.000
2011-07-10,91.0,0.000
2011-07-11,92.8,0.000
2011-07-12,96.2,0.000
2011-07-13,94.2,0.283
2011-07-14,84.6,0.000
2011-07-15,84.2,0.004
2011-07-16,85.5,0.000
2011-07-17,88.4,0.000
2011-07-18,94.5,0.004
2011-07-19,94.8,0.276
2011-07-20,94.3,0.016
2011-07-21,98.6,0.000
2011-07-22,103.7,0.028
2011-07-23,100.7,0.110
2011-07-24,93.8,0.165
2011-07-25,89.2,0.453
2011-07-26,93.8,0.000
2011-07-27,90.9,0.000
2011-07-28,93.9,0.000
2011-07-29,100.3,0.000
2011-07-30,95.7,0.000
2011-07-31,95.6,0.000
2011-08-01,97.3,0.020
2011-08-02,95.1,0.000
2011-08-03,90.1,0.055
2011-08-04,83.9,0.008
2011-08-05,86.1,0.000
2011-08-06,88.5,0.000
2011-08-07,91.7,0.138
2011-08-08,92.3,0.000
2011-08-09,94.7,0.000
2011-08-10,90.1,0.000
2011-08-11,87.3,0.000
2011-08-12,89.2,0.000
2011-08-13,87.5,0.142
2011-08-14,82.1,0.772
2011-08-15,79.9,0.752
2011-08-16,83.4,0.000
2011-08-17,86.4,0.000
2011-08-18,89.4,0.122
2011-08-19,88.4,0.138
2011-08-20,86.0,0.000
2011-08-21,87.3,0.394
2011-08-22,81.3,0.000
2011-08-23,80.6,0.000
2011-08-24,84.5,0.000
2011-08-25,91.0,0.559
2011-08-26,86.5,0.004
2011-08-27,76.6,2.925
2011-08-28,83.6,1.394
2011-08-29,76.5,0.008
2011-08-30,79.8,0.000
2011-08-31,81.8,0.000
2011-09-01,81.6,0.008
2011-09-02,79.1,0.094
2011-09-03,84.9,0.197
2011-09-04,86.3,0.000
2011-09-05,83.8,0.409
2011-09-06,70.1,0.858
2011-09-07,77.1,0.976
2011-09-08,76.3,2.004
2011-09-09,79.4,0.276
2011-09-10,81.2,0.000
2011-09-11,81.4,0.000
2011-09-12,80.5,0.000
2011-09-13,82.1,0.000
2011-09-14,87.5,0.000
2011-09-15,75.6,0.024
2011-09-16,64.4,0.000
2011-09-17,62.7,0.059
2011-09-18,66.5,0.000
2011-09-19,69.1,0.000
2011-09-20,72.6,0.157
2011-09-21,75.7,0.201
2011-09-22,78.8,0.031
2011-09-23,71.2,0.890
2011-09-24,75.4,0.000
2011-09-25,76.6,0.000
2011-09-26,79.0,0.000
2011-09-27,77.6,0.232
2011-09-28,79.3,0.354
2011-09-29,75.0,0.035
2011-09-30,74.6,0.000
2011-10-01,60.5,0.173
2011-10-02,51.9,0.098
2011-10-03,53.6,0.047
2011-10-04,66.5,0.008
2011-10-05,72.6,0.000
2011-10-06,67.7,0.000
2011-10-07,70.6,0.000
2011-10-08,71.4,0.000
2011-10-09,77.2,0.000
2011-10-10,79.1,0.000
2011-10-11,71.2,0.000
2011-10-12,67.2,0.319
2011-10-13,70.8,0.150
2011-10-14,68.9,0.276
2011-10-15,68.8,0.000
2011-10-16,69.7,0.000
2011-10-17,70.6,0.000
2011-10-18,72.3,0.000
2011-10-19,68.5,0.917
2011-10-20,66.2,0.016
2011-10-21,59.6,0.000
2011-10-22,59.1,0.000
2011-10-23,63.0,0.000
2011-10-24,66.2,0.000
2011-10-25,65.3,0.000
2011-10-26,68.8,0.024
2011-10-27,66.8,0.461
2011-10-28,49.7,0.130
2011-10-29,41.4,1.083
2011-10-30,52.3,0.000
2011-10-31,54.7,0.000
2011-11-01,58.4,0.000
2011-11-02,59.7,0.000
2011-11-03,62.1,0.000
2011-11-04,56.4,0.000
2011-11-05,50.5,0.000
2011-11-06,55.9,0.000
2011-11-07,63.5,0.000
2011-11-08,66.7,0.000
2011-11-09,61.8,0.000
2011-11-10,54.1,0.059
2011-11-11,48.7,0.000
2011-11-12,59.1,0.000
2011-11-13,61.6,0.000
2011-11-14,71.0,0.000
2011-11-15,66.3,0.004
2011-11-16,64.7,0.791
2011-11-17,52.0,0.051
2011-11-18,45.1,0.000
2011-11-19,51.9,0.000
2011-11-20,65.0,0.071
2011-11-21,56.8,0.098
2011-11-22,60.7,0.508
2011-11-23,62.2,0.913
2011-11-24,58.4,0.000
2011-11-25,62.9,0.000
2011-11-26,63.2,0.000
2011-11-27,66.4,0.000
2011-11-28,68.3,0.000
2011-11-29,64.1,0.429
2011-11-30,48.8,0.000
2011-12-01,50.1,0.000
2011-12-02,53.2,0.000
2011-12-03,47.9,0.000
2011-12-04,54.8,0.000
2011-12-05,61.0,0.016
2011-12-06,61.5,0.480
2011-12-07,61.3,2.776
2011-12-08,44.7,0.051
2011-12-09,50.2,0.000
2011-12-10,44.9,0.000
2011-12-11,40.8,0.000
2011-12-12,44.7,0.000
2011-12-13,47.9,0.000
2011-12-14,50.6,0.000
2011-12-15,61.4,0.000
2011-12-16,56.0,0.024
2011-12-17,42.7,0.016
2011-12-18,40.7,0.000
2011-12-19,47.0,0.000
2011-12-20,55.7,0.000
2011-12-21,60.5,0.173
2011-12-22,59.4,0.291
2011-12-23,60.2,0.339
2011-12-24,44.7,0.000
2011-12-25,48.2,0.000
2011-12-26,47.9,0.000
2011-12-27,52.4,0.547
2011-12-28,42.9,0.000
2011-12-29,42.7,0.016
2011-12-30,53.3,0.000
2011-12-31,57.6,0.000
2012-01-01,56.9,0.020
2012-01-02,44.7,0.000
2012-01-03,33.0,0.000
2012-01-04,32.4,0.000
2012-01-05,44.6,0.000
2012-01-06,56.8,0.000
2012-01-07,63.1,0.000
2012-01-08,49.7,0.000
2012-01-09,43.3,0.043
2012-01-10,52.1,0.000
2012-01-11,47.9,0.583
2012-01-12,56.4,0.461
2012-01-13,50.6,0.063
2012-01-14,36.9,0.000
2012-01-15,33.5,0.000
2012-01-16,39.9,0.098
2012-01-17,58.1,0.059
2012-01-18,53.4,0.000
2012-01-19,38.9,0.000
2012-01-20,35.3,0.000
2012-01-21,33.5,0.102
2012-01-22,33.7,0.000
2012-01-23,44.7,0.102
2012-01-24,54.6,0.000
2012-01-25,47.6,0.028
2012-01-26,54.2,0.000
2012-01-27,61.0,0.217
2012-01-28,53.9,0.000
2012-01-29,47.0,0.000
2012-01-30,45.3,0.000
2012-01-31,61.7,0.000
2012-02-01,67.1,0.028
2012-02-02,54.0,0.386
2012-02-03,49.3,0.000
2012-02-04,44.6,0.122
2012-02-05,44.1,0.051
2012-02-06,50.4,0.000
2012-02-07,53.3,0.000
2012-02-08,41.6,0.106
2012-02-09,45.4,0.000
2012-02-10,46.1,0.000
2012-02-11,42.4,0.150
2012-02-12,31.7,0.000
2012-02-13,45.8,0.000
2012-02-14,53.9,0.031
2012-02-15,53.1,0.000
2012-02-16,50.3,0.142
2012-02-17,52.1,0.000
2012-02-18,57.0,0.000
2012-02-19,44.0,0.008
2012-02-20,47.8,0.000
2012-02-21,48.0,0.000
2012-02-22,60.8,0.031
2012-02-23,62.9,0.075
2012-02-24,70.0,0.209
2012-02-25,44.3,0.000
2012-02-26,47.3,0.000
2012-02-27,60.9,0.000
2012-02-28,53.5,0.000
2012-02-29,58.7,0.697
2012-03-01,64.9,0.000
2012-03-02,53.5,0.181
2012-03-03,60.1,0.091
2012-03-04,47.0,0.000
2012-03-05,43.1,0.016
2012-03-06,47.9,0.000
2012-03-07,64.5,0.000
2012-03-08,71.3,0.012
2012-03-09,59.6,0.146
2012-03-10,46.5,0.000
2012-03-11,60.5,0.000
2012-03-12,68.6,0.000
2012-03-13,77.1,0.063
2012-03-14,77.0,0.000
2012-03-15,78.2,0.000
2012-03-16,70.3,0.000
2012-03-17,72.5,0.000
2012-03-18,67.3,0.000
2012-03-19,74.4,0.000
2012-03-20,71.6,0.118
2012-03-21,67.8,0.000
2012-03-22,75.8,0.035
2012-03-23,79.9,0.000
2012-03-24,63.8,0.441
2012-03-25,61.9,0.024
2012-03-26,59.0,0.000
2012-03-27,54.2,0.000
2012-03-28,73.9,0.008
2012-03-29,61.7,0.000
2012-03-30,56.0,0.020
2012-03-31,66.1,0.000
2012-04-01,62.9,0.028
2012-04-02,59.6,0.028
2012-04-03,68.9,0.004
2012-04-04,75.0,0.000
2012-04-05,60.0,0.000
2012-04-06,59.5,0.000
2012-04-07,62.9,0.000
2012-04-08,71.4,0.000
2012-04-09,66.6,0.039
2012-04-10,64.7,0.000
2012-04-11,54.6,0.020
2012-04-12,58.9,0.004
2012-04-13,64.7,0.000
2012-04-14,74.8,0.000
2012-04-15,85.1,0.000
2012-04-16,88.3,0.000
2012-04-17,75.5,0.000
2012-04-18,59.2,0.138
2012-04-19,69.2,0.020
2012-04-20,74.0,0.000
2012-04-21,79.2,0.075
2012-04-22,54.3,1.563
2012-04-23,49.1,0.071
2012-04-24,60.4,0.000
2012-04-25,66.8,0.000
2012-04-26,67.2,0.102
2012-04-27,59.9,0.000
2012-04-28,59.6,0.094
2012-04-29,69.0,0.165
2012-04-30,64.3,0.000
2012-05-01,81.8,0.075
2012-05-02,80.3,0.063
2012-05-03,81.0,0.000
2012-05-04,87.5,0.083
2012-05-05,79.5,0.217
2012-05-06,70.0,0.000
2012-05-07,70.9,0.000
2012-05-08,73.9,0.024
2012-05-09,74.4,0.398
2012-05-10,66.1,0.024
2012-05-11,71.8,0.000
2012-05-12,77.4,0.000
2012-05-13,79.8,0.000
2012-05-14,69.3,0.256
2012-05-15,78.3,0.315
2012-05-16,81.8,0.024
2012-05-17,74.2,0.000
2012-05-18,74.4,0.000
2012-05-19,81.0,0.000
2012-05-20,79.8,0.071
2012-05-21,77.0,0.264
2012-05-22,75.4,0.150
2012-05-23,79.6,0.303
2012-05-24,80.3,0.020
2012-05-25,84.1,0.028
2012-05-26,87.6,0.000
2012-05-27,87.7,0.000
2012-05-28,91.5,0.020
2012-05-29,91.3,0.028
2012-05-30,81.1,0.252
2012-05-31,84.6,0.000
2012-06-01,82.8,0.780
2012-06-02,72.5,0.020
2012-06-03,77.2,0.000
2012-06-04,74.5,0.000
2012-06-05,69.3,0.000
2012-06-06,73.6,0.000
2012-06-07,78.8,0.000
2012-06-08,83.0,0.000
2012-06-09,90.3,0.000
2012-06-10,94.0,0.000
2012-06-11,89.3,0.000
2012-06-12,74.6,0.335
2012-06-13,81.6,0.000
2012-06-14,79.3,0.000
2012-06-15,80.5,0.000
2012-06-16,80.7,0.000
2012-06-17,79.2,0.000
2012-06-18,70.3,0.220
2012-06-19,88.7,0.024
2012-06-20,98.0,0.000
2012-06-21,99.5,0.000
2012-06-22,97.6,0.020
2012-06-23,90.0,0.055
2012-06-24,90.8,0.000
2012-06-25,86.2,0.122
2012-06-26,81.0,0.000
2012-06-27,90.2,0.000
2012-06-28,97.2,0.000
2012-06-29,104.6,0.091
2012-06-30,99.3,0.228
2012-07-01,99.3,0.063
2012-07-02,94.8,0.000
2012-07-03,98.4,0.000
2012-07-04,97.9,0.000
2012-07-05,101.3,0.067
2012-07-06,100.0,0.000
2012-07-07,106.3,0.000
2012-07-08,102.8,0.728
2012-07-09,81.9,0.917
2012-07-10,85.7,0.028
2012-07-11,86.1,0.000
2012-07-12,85.7,0.000
2012-07-13,85.7,0.000
2012-07-14,85.7,0.346
2012-07-15,90.2,0.102
2012-07-16,91.8,0.028
2012-07-17,97.8,0.000
2012-07-18,96.7,0.031
2012-07-19,93.3,0.303
2012-07-20,84.4,0.224
2012-07-21,73.3,0.602
2012-07-22,80.6,0.035
2012-07-23,87.5,0.000
2012-07-24,94.1,0.000
2012-07-25,86.7,0.000
2012-07-26,98.5,0.000
2012-07-27,91.2,0.142
2012-07-28,92.4,0.059
2012-07-29,87.2,0.008
2012-07-30,85.9,0.012
2012-07-31,87.1,0.067
2012-08-01,88.6,0.079
2012-08-02,91.1,0.004
2012-08-03,94.3,0.079
2012-08-04,91.2,0.008
2012-08-05,95.6,0.091
2012-08-06,88.3,0.079
2012-08-07,86.0,0.020
2012-08-08,90.2,0.008
2012-08-09,94.1,0.039
2012-08-10,84.7,0.626
2012-08-11,86.8,0.311
2012-08-12,84.5,0.008
2012-08-13,85.7,0.000
2012-08-14,88.1,0.189
2012-08-15,82.5,0.008
2012-08-16,88.0,0.000
2012-08-17,92.2,0.122
2012-08-18,84.8,0.004
2012-08-19,80.8,0.051
2012-08-20,79.4,0.075
2012-08-21,82.9,0.020
2012-08-22,85.5,0.004
2012-08-23,85.9,0.000
2012-08-24,85.7,0.012
2012-08-25,79.8,1.173
2012-08-26,77.2,0.665
2012-08-27,85.5,0.094
2012-08-28,87.5,0.035
2012-08-29,83.3,0.000
2012-08-30,85.8,0.000
2012-08-31,94.6,0.000
2012-09-01,91.7,0.228
2012-09-02,80.5,0.252
2012-09-03,84.3,0.669
2012-09-04,86.0,0.154
2012-09-05,86.5,0.772
2012-09-06,81.3,0.020
2012-09-07,88.1,0.008
2012-09-08,87.6,0.449
2012-09-09,76.3,0.000
2012-09-10,73.1,0.000
2012-09-11,75.4,0.000
2012-09-12,78.4,0.000
2012-09-13,79.2,0.000
2012-09-14,81.2,0.000
2012-09-15,75.9,0.000
2012-09-16,77.4,0.000
2012-09-17,76.8,0.079
2012-09-18,77.4,1.220
2012-09-19,69.9,0.004
2012-09-20,73.2,0.000
2012-09-21,77.5,0.000
2012-09-22,82.9,0.000
2012-09-23,68.0,0.000
2012-09-24,68.1,0.000
2012-09-25,74.9,0.000
2012-09-26,83.8,0.004
2012-09-27,81.4,0.244
2012-09-28,76.7,0.413
2012-09-29,70.6,0.039
2012-09-30,71.3,0.000
2012-10-01,69.1,0.020
2012-10-02,77.3,0.110
2012-10-03,83.1,0.020
2012-10-04,79.6,0.000
2012-10-05,80.8,0.000
2012-10-06,76.9,0.000
2012-10-07,53.7,0.232
2012-10-08,55.0,0.122
2012-10-09,60.9,0.028
2012-10-10,68.9,0.008
2012-10-11,61.1,0.000
2012-10-12,64.3,0.000
2012-10-13,58.7,0.000
2012-10-14,72.4,0.000
2012-10-15,65.4,0.488
2012-10-16,62.6,0.000
2012-10-17,67.0,0.000
2012-10-18,69.9,0.028
2012-10-19,73.3,0.402
2012-10-20,66.6,0.000
2012-10-21,64.7,0.000
2012-10-22,69.6,0.000
2012-10-23,77.6,0.000
2012-10-24,80.5,0.000
2012-10-25,73.4,0.000
2012-10-26,70.0,0.000
2012-10-27,67.3,0.000
2012-10-28,59.3,0.311
2012-10-29,52.7,3.433
2012-10-30,46.9,1.197
2012-10-31,52.5,0.000
2012-11-01,52.2,0.000
2012-11-02,51.9,0.000
2012-11-03,48.6,0.000
2012-11-04,50.5,0.000
2012-11-05,48.2,0.000
2012-11-06,45.8,0.000
2012-11-07,43.3,0.016
2012-11-08,52.7,0.000
2012-11-09,55.9,0.000
2012-11-10,62.6,0.000
2012-11-11,67.0,0.000
2012-11-12,69.9,0.012
2012-11-13,60.4,0.433
2012-11-14,47.0,0.000
2012-11-15,48.2,0.000
2012-11-16,51.7,0.000
2012-11-17,52.3,0.000
2012-11-18,51.7,0.000
2012-11-19,53.6,0.000
2012-11-20,53.8,0.000
2012-11-21,54.8,0.000
2012-11-22,56.2,0.000
2012-11-23,59.4,0.000
2012-11-24,44.5,0.000
2012-11-25,41.7,0.000
2012-11-26,53.6,0.000
2012-11-27,44.8,0.224
2012-11-28,47.7,0.000
2012-11-29,47.9,0.000
2012-11-30,50.4,0.000
2012-12-01,51.5,0.000
2012-12-02,57.4,0.122
2012-12-03,68.6,0.000
2012-12-04,70.0,0.000
2012-12-05,59.3,0.004
2012-12-06,43.0,0.000
2012-12-07,51.5,0.138
2012-12-08,59.4,0.008
2012-12-09,49.8,0.035
2012-12-10,63.5,0.000
2012-12-11,57.4,0.016
2012-12-12,46.1,0.000
2012-12-13,47.0,0.000
2012-12-14,50.2,0.000
2012-12-15,51.9,0.024
2012-12-16,50.6,0.059
2012-12-17,54.2,0.114
2012-12-18,56.5,0.004
2012-12-19,52.8,0.000
2012-12-20,48.9,0.256
2012-12-21,56.3,0.370
2012-12-22,42.5,0.000
2012-12-23,47.4,0.000
2012-12-24,40.4,0.181
2012-12-25,48.8,0.000
2012-12-26,45.4,0.748
2012-12-27,42.3,0.004
2012-12-28,42.1,0.000
2012-12-29,38.1,0.157
2012-12-30,38.9,0.000
2012-12-31,42.1,0.000
2013-01-01,44.5,0.000
2013-01-02,37.0,0.000
2013-01-03,38.4,0.000
2013-01-04,42.7,0.000
2013-01-05,43.3,0.000
2013-01-06,50.4,0.020
2013-01-07,46.1,0.000
2013-01-08,49.7,0.000
2013-01-09,53.5,0.000
2013-01-10,52.3,0.000
2013-01-11,46.1,0.161
2013-01-12,52.5,0.000
2013-01-13,59.3,0.000
2013-01-14,60.2,0.122
2013-01-15,41.7,0.634
2013-01-16,40.2,0.909
2013-01-17,43.6,0.319
2013-01-18,37.4,0.004
2013-01-19,51.5,0.000
2013-01-20,57.4,0.000
2013-01-21,45.7,0.000
2013-01-22,29.1,0.000
2013-01-23,28.1,0.000
2013-01-24,29.2,0.000
2013-01-25,25.8,0.000
2013-01-26,34.4,0.000
2013-01-27,38.2,0.000
2013-01-28,44.2,0.165
2013-01-29,64.4,0.000
2013-01-30,68.7,0.071
2013-01-31,64.3,0.461
2013-02-01,31.5,0.000
2013-02-02,33.0,0.000
2013-02-03,37.3,0.000
2013-02-04,37.1,0.000
2013-02-05,45.2,0.000
2013-02-06,44.1,0.000
2013-02-07,39.5,0.000
2013-02-08,42.3,0.240
2013-02-09,40.0,0.000
2013-02-10,43.2,0.000
2013-02-11,56.0,0.283
2013-02-12,54.3,0.000
2013-02-13,45.3,0.311
2013-02-14,48.9,0.000
2013-02-15,57.8,0.051
2013-02-16,39.8,0.106
2013-02-17,33.8,0.000
2013-02-18,40.4,0.000
2013-02-19,44.3,0.126
2013-02-20,39.4,0.000
2013-02-21,39.0,0.000
2013-02-22,34.0,0.000
2013-02-23,42.3,0.063
2013-02-24,51.1,0.008
2013-02-25,46.8,0.000
2013-02-26,48.8,0.681
2013-02-27,55.7,0.094
2013-02-28,47.0,0.028
2013-03-01,44.6,0.000
2013-03-02,38.7,0.000
2013-03-03,40.5,0.000
2013-03-04,43.5,0.000
2013-03-05,49.7,0.016
2013-03-06,37.7,0.516
2013-03-07,45.9,0.000
2013-03-08,48.2,0.000
2013-03-09,58.6,0.000
2013-03-10,59.9,0.000
2013-03-11,62.7,0.008
2013-03-12,61.4,1.012
2013-03-13,50.6,0.012
2013-03-14,46.1,0.000
2013-03-15,56.5,0.000
2013-03-16,58.6,0.307
2013-03-17,41.7,0.063
2013-03-18,39.1,0.598
2013-03-19,59.2,0.004
2013-03-20,51.5,0.000
2013-03-21,38.9,0.000
2013-03-22,46.1,0.000
2013-03-23,52.9,0.000
2013-03-24,44.2,0.035
2013-03-25,38.2,0.138
2013-03-26,49.0,0.004
2013-03-27,49.6,0.004
2013-03-28,51.5,0.000
2013-03-29,54.5,0.000
2013-03-30,58.5,0.000
2013-03-31,54.4,0.118
2013-04-01,62.3,0.000
2013-04-02,48.8,0.000
2013-04-03,51.2,0.000
2013-04-04,49.6,0.075
2013-04-05,63.6,0.394
2013-04-06,54.0,0.000
2013-04-07,67.2,0.000
2013-04-08,77.9,0.000
2013-04-09,83.3,0.000
2013-04-10,88.4,0.035
2013-04-11,84.8,0.000
2013-04-12,73.0,0.898
2013-04-13,67.0,0.000
2013-04-14,67.0,0.000
2013-04-15,63.2,0.039
2013-04-16,71.5,0.004
2013-04-17,72.5,0.020
2013-04-18,75.6,0.126
2013-04-19,78.5,0.858
2013-04-20,59.9,0.146
2013-04-21,54.2,0.000
2013-04-22,54.3,0.000
2013-04-23,59.3,0.000
2013-04-24,75.8,0.008
2013-04-25,63.2,0.004
2013-04-26,65.7,0.000
2013-04-27,68.8,0.000
2013-04-28,68.4,0.035
2013-04-29,59.8,0.417
2013-04-30,59.6,0.039
2013-05-01,67.4,0.000
2013-05-02,66.3,0.000
2013-05-03,64.7,0.000
2013-05-04,65.7,0.000
2013-05-05,61.4,0.000
2013-05-06,62.2,0.102
2013-05-07,65.5,0.961
2013-05-08,70.4,0.354
2013-05-09,74.2,0.000
2013-05-10,82.3,0.000
2013-05-11,77.6,0.311
2013-05-12,64.1,0.035
2013-05-13,59.4,0.000
2013-05-14,65.0,0.000
2013-05-15,83.7,0.008
2013-05-16,82.1,0.110
2013-05-17,81.5,0.000
2013-05-18,64.0,0.406
2013-05-19,72.7,0.024
2013-05-20,79.4,0.173
2013-05-21,83.2,0.000
2013-05-22,86.6,0.043
2013-05-23,79.8,0.189
2013-05-24,67.3,0.067
2013-05-25,65.4,0.000
2013-05-26,71.3,0.000
2013-05-27,75.6,0.000
2013-05-28,82.6,0.157
2013-05-29,89.8,0.000
2013-05-30,91.7,0.000
2013-05-31,91.0,0.000
2013-06-01,90.5,0.000
2013-06-02,88.9,0.181
2013-06-03,81.2,0.776
2013-06-04,76.1,0.000
2013-06-05,78.3,0.000
2013-06-06,73.1,0.756
2013-06-07,70.2,1.724
2013-06-08,78.9,0.016
2013-06-09,81.0,0.000
2013-06-10,78.4,0.917
2013-06-11,82.7,0.000
2013-06-12,85.9,0.000
2013-06-13,88.4,0.909
2013-06-14,76.1,0.051
2013-06-15,81.0,0.000
2013-06-16,85.0,0.039
2013-06-17,86.3,0.024
2013-06-18,79.6,0.630
2013-06-19,75.8,0.008
2013-06-20,78.3,0.000
2013-06-21,80.7,0.000
2013-06-22,84.0,0.000
2013-06-23,81.2,0.429
2013-06-24,91.1,0.043
2013-06-25,91.3,0.047
2013-06-26,91.3,0.642
2013-06-27,82.9,0.256
2013-06-28,84.9,0.303
2013-06-29,85.7,0.028
2013-06-30,84.6,0.406
2013-07-01,80.5,0.610
2013-07-02,78.2,0.413
2013-07-03,84.3,0.504
2013-07-04,85.9,0.004
2013-07-05,87.5,0.000
2013-07-06,89.6,0.000
2013-07-07,89.5,0.004
2013-07-08,86.1,0.047
2013-07-09,86.2,0.091
2013-07-10,87.6,0.020
2013-07-11,83.8,0.205
2013-07-12,73.5,0.646
2013-07-13,82.1,0.106
2013-07-14,87.3,0.000
2013-07-15,92.2,0.000
2013-07-16,94.6,0.000
2013-07-17,94.7,0.000
2013-07-18,95.7,0.031
2013-07-19,97.0,0.063
2013-07-20,93.8,0.043
2013-07-21,91.6,0.311
2013-07-22,87.5,0.409
2013-07-23,86.5,0.130
2013-07-24,84.7,0.004
2013-07-25,80.0,0.000
2013-07-26,82.9,0.000
2013-07-27,84.5,0.028
2013-07-28,85.4,0.276
2013-07-29,83.2,0.012
2013-07-30,82.6,0.000
2013-07-31,80.6,0.016
2013-08-01,83.1,0.988
2013-08-02,85.2,0.000
2013-08-03,81.3,0.114
2013-08-04,80.2,0.000
2013-08-05,79.6,0.000
2013-08-06,74.2,0.118
2013-08-07,83.0,0.169
2013-08-08,87.5,0.024
2013-08-09,86.4,0.122
2013-08-10,83.4,0.004
2013-08-11,85.4,0.012
2013-08-12,89.6,0.004
2013-08-13,85.4,0.276
2013-08-14,75.9,0.000
2013-08-15,78.1,0.000
2013-08-16,79.4,0.000
2013-08-17,78.7,0.004
2013-08-18,69.5,0.626
2013-08-19,76.0,0.028
2013-08-20,86.0,0.000
2013-08-21,87.7,0.075
2013-08-22,88.7,0.063
2013-08-23,76.6,0.035
2013-08-24,81.5,0.000
2013-08-25,81.0,0.000
2013-08-26,87.2,0.000
2013-08-27,89.7,0.134
2013-08-28,79.1,0.626
2013-08-29,84.2,0.012
2013-08-30,85.3,0.008
2013-08-31,88.4,0.000
2013-09-01,90.3,0.004
2013-09-02,90.2,0.028
2013-09-03,83.9,0.020
2013-09-04,83.5,0.000
2013-09-05,84.7,0.000
2013-09-06,77.0,0.000
2013-09-07,82.1,0.000
2013-09-08,89.3,0.000
2013-09-09,78.8,0.000
2013-09-10,92.4,0.000
2013-09-11,94.0,0.000
2013-09-12,92.1,0.154
2013-09-13,79.9,0.028
2013-09-14,72.2,0.000
2013-09-15,77.4,0.000
2013-09-16,72.3,0.000
2013-09-17,68.6,0.000
2013-09-18,71.3,0.000
2013-09-19,78.6,0.000
2013-09-20,80.2,0.000
2013-09-21,76.5,0.705
2013-09-22,72.8,0.012
2013-09-23,67.3,0.000
2013-09-24,72.8,0.000
2013-09-25,75.6,0.000
2013-09-26,73.8,0.000
2013-09-27,70.3,0.008
2013-09-28,69.5,0.000
2013-09-29,73.0,0.004
2013-09-30,75.1,0.000
2013-10-01,81.4,0.000
2013-10-02,85.7,0.000
2013-10-03,83.5,0.000
2013-10-04,87.4,0.000
2013-10-05,87.9,0.000
2013-10-06,88.2,0.000
2013-10-07,77.0,0.551
2013-10-08,69.1,0.000
2013-10-09,61.1,1.024
2013-10-10,57.2,1.075
2013-10-11,62.3,1.157
2013-10-12,64.7,0.083
2013-10-13,63.6,0.067
2013-10-14,67.7,0.000
2013-10-15,69.8,0.000
2013-10-16,69.4,0.000
2013-10-17,75.1,0.035
2013-10-18,65.4,0.000
2013-10-19,65.2,0.020
2013-10-20,61.8,0.000
2013-10-21,65.7,0.000
2013-10-22,63.4,0.000
2013-10-23,56.8,0.134
2013-10-24,51.5,0.000
2013-10-25,54.0,0.000
2013-10-26,55.0,0.000
2013-10-27,59.6,0.000
2013-10-28,63.9,0.000
2013-10-29,62.6,0.000
2013-10-30,67.1,0.075
2013-10-31,72.2,0.039
2013-11-01,75.8,0.106
2013-11-02,66.4,0.004
2013-11-03,56.0,0.000
2013-11-04,46.7,0.000
2013-11-05,57.9,0.000
2013-11-06,66.5,0.000
2013-11-07,58.7,0.083
2013-11-08,50.9,0.000
2013-11-09,53.7,0.000
2013-11-10,59.3,0.000
2013-11-11,55.8,0.000
2013-11-12,48.9,0.000
2013-11-13,42.5,0.000
2013-11-14,53.7,0.000
2013-11-15,58.0,0.000
2013-11-16,59.8,0.268
2013-11-17,66.5,0.016
2013-11-18,67.7,0.051
2013-11-19,49.1,0.000
2013-11-20,45.7,0.000
2013-11-21,50.1,0.000
2013-11-22,62.4,0.087
2013-11-23,52.4,0.000
2013-11-24,33.2,0.000
2013-11-25,35.8,0.000
2013-11-26,52.4,0.996
2013-11-27,53.7,0.823
2013-11-28,37.7,0.000
2013-11-29,41.4,0.000
2013-11-30,39.7,0.000
2013-12-01,45.6,0.000
2013-12-02,50.6,0.000
2013-12-03,55.2,0.000
2013-12-04,56.1,0.000
2013-12-05,66.1,0.000
2013-12-06,62.9,0.520
2013-12-07,43.5,0.213
2013-12-08,32.7,0.429
2013-12-09,38.7,0.626
2013-12-10,36.0,0.012
2013-12-11,37.0,0.000
2013-12-12,29.7,0.000
2013-12-13,38.3,0.000
2013-12-14,38.4,0.606
2013-12-15,43.0,0.008
2013-12-16,36.8,0.000
2013-12-17,43.0,0.177
2013-12-18,38.1,0.012
2013-12-19,52.9,0.000
2013-12-20,56.6,0.000
2013-12-21,67.7,0.000
2013-12-22,72.7,0.126
2013-12-23,64.6,0.921
2013-12-24,41.8,0.000
2013-12-25,32.5,0.000
2013-12-26,42.6,0.000
2013-12-27,46.7,0.000
2013-12-28,52.8,0.000
2013-12-29,45.1,1.075
2013-12-30,43.0,0.000
2013-12-31,43.6,0.000
2014-01-01,44.1,0.000
2014-01-02,41.8,0.071
2014-01-03,30.4,0.000
2014-01-04,32.2,0.000
2014-01-05,49.2,0.075
2014-01-06,52.2,0.193
2014-01-07,17.6,0.000
2014-01-08,30.7,0.000
2014-01-09,38.0,0.000
2014-01-10,36.6,0.539
2014-01-11,60.0,0.528
2014-01-12,49.6,0.000
2014-01-13,55.1,0.000
2014-01-14,48.3,0.315
2014-01-15,47.3,0.102
2014-01-16,39.5,0.004
2014-01-17,46.4,0.000
2014-01-18,33.3,0.000
2014-01-19,45.8,0.000
2014-01-20,53.7,0.000
2014-01-21,31.7,0.000
2014-01-22,16.4,0.000
2014-01-23,24.8,0.000
2014-01-24,21.8,0.000
2014-01-25,31.5,0.000
2014-01-26,32.6,0.000
2014-01-27,42.2,0.000
2014-01-28,20.7,0.000
2014-01-29,22.0,0.000
2014-01-30,29.7,0.000
2014-01-31,46.4,0.000
2014-02-01,47.9,0.000
2014-02-02,58.7,0.000
2014-02-03,42.5,1.047
2014-02-04,35.7,0.008
2014-02-05,43.1,0.512
2014-02-06,34.2,0.000
2014-02-07,41.4,0.000
2014-02-08,32.8,0.000
2014-02-09,36.5,0.000
2014-02-10,33.4,0.000
2014-02-11,32.4,0.000
2014-02-12,29.3,0.000
2014-02-13,35.9,0.138
2014-02-14,45.3,0.000
2014-02-15,37.0,0.087
2014-02-16,37.7,0.000
2014-02-17,33.7,0.000
2014-02-18,48.8,0.000
2014-02-19,58.7,0.102
2014-02-20,52.1,0.000
2014-02-21,65.2,0.220
2014-02-22,60.4,0.000
2014-02-23,60.5,0.028
2014-02-24,43.8,0.087
2014-02-25,36.1,0.000
2014-02-26,36.7,0.000
2014-02-27,39.8,0.000
2014-02-28,29.2,0.000
2014-03-01,45.0,0.000
2014-03-02,49.2,0.276
2014-03-03,34.0,0.220
2014-03-04,29.0,0.000
2014-03-05,40.2,0.000
2014-03-06,32.4,0.000
2014-03-07,41.0,0.000
2014-03-08,61.0,0.000
2014-03-09,48.2,0.004
2014-03-10,56.9,0.000
2014-03-11,69.0,0.000
2014-03-12,66.2,0.138
2014-03-13,34.0,0.000
2014-03-14,54.2,0.000
2014-03-15,62.7,0.000
2014-03-16,45.0,0.016
2014-03-17,31.5,0.000
2014-03-18,37.7,0.000
2014-03-19,41.4,0.102
2014-03-20,56.9,0.000
2014-03-21,56.1,0.012
2014-03-22,68.0,0.000
2014-03-23,45.5,0.000
2014-03-24,39.9,0.000
2014-03-25,37.2,0.012
2014-03-26,33.9,0.000
2014-03-27,47.3,0.000
2014-03-28,66.3,0.012
2014-03-29,56.3,0.571
2014-03-30,56.7,1.106
2014-03-31,63.6,0.004
2014-04-01,64.0,0.000
2014-04-02,66.5,0.000
2014-04-03,65.2,0.094
2014-04-04,60.0,0.118
2014-04-05,57.2,0.000
2014-04-06,57.2,0.000
2014-04-07,51.2,0.508
2014-04-08,63.2,0.063
2014-04-09,63.4,0.000
2014-04-10,68.2,0.000
2014-04-11,76.8,0.114
2014-04-12,71.9,0.000
2014-04-13,80.6,0.000
2014-04-14,74.4,0.008
2014-04-15,67.1,1.075
2014-04-16,49.0,0.000
2014-04-17,53.3,0.000
2014-04-18,52.9,0.000
2014-04-19,66.4,0.000
2014-04-20,61.2,0.000
2014-04-21,66.2,0.000
2014-04-22,73.1,0.039
2014-04-23,58.2,0.000
2014-04-24,61.9,0.000
2014-04-25,67.2,0.512
2014-04-26,74.3,0.016
2014-04-27,65.3,0.000
2014-04-28,62.5,0.413
2014-04-29,51.2,0.492
2014-04-30,67.8,2.173
2014-05-01,75.3,0.122
2014-05-02,66.7,0.000
2014-05-03,69.5,0.004
2014-05-04,73.8,0.000
2014-05-05,64.5,0.039
2014-05-06,70.8,0.000
2014-05-07,67.2,0.000
2014-05-08,83.7,0.000
2014-05-09,78.2,0.000
2014-05-10,79.8,0.079
2014-05-11,78.3,0.059
2014-05-12,86.4,0.071
2014-05-13,88.1,0.059
2014-05-14,73.4,0.012
2014-05-15,79.3,0.087
2014-05-16,70.3,1.571
2014-05-17,64.8,0.000
2014-05-18,64.5,0.000
2014-05-19,70.0,0.000
2014-05-20,75.3,0.000
2014-05-21,78.0,0.000
2014-05-22,83.5,0.012
2014-05-23,73.8,0.000
2014-05-24,73.4,0.000
2014-05-25,79.4,0.000
2014-05-26,85.4,0.000
2014-05-27,89.3,0.079
2014-05-28,83.9,0.382
2014-05-29,60.6,0.339
2014-05-30,70.9,0.004
2014-05-31,76.7,0.000
2014-06-01,75.1,0.000
2014-06-02,81.1,0.000
2014-06-03,87.6,0.020
2014-06-04,85.7,0.000
2014-06-05,77.0,0.217
2014-06-06,78.0,0.000
2014-06-07,82.6,0.000
2014-06-08,85.5,0.000
2014-06-09,81.4,0.075
2014-06-10,85.7,0.083
2014-06-11,84.8,0.012
2014-06-12,74.7,0.449
2014-06-13,81.7,0.130
2014-06-14,75.0,0.000
2014-06-15,82.6,0.000
2014-06-16,91.1,0.000
2014-06-17,94.3,0.000
2014-06-18,95.9,0.000
2014-06-19,88.0,0.394
2014-06-20,84.3,0.000
2014-06-21,73.4,0.059
2014-06-22,80.7,0.024
2014-06-23,85.4,0.000
2014-06-24,88.8,0.000
2014-06-25,89.5,0.339
2014-06-26,87.8,0.000
2014-06-27,86.8,0.114
2014-06-28,86.0,0.000
2014-06-29,86.5,0.000
2014-06-30,91.0,0.000
2014-07-01,94.7,0.051
2014-07-02,97.4,0.350
2014-07-03,90.7,0.437
2014-07-04,79.6,0.051
2014-07-05,82.4,0.000
2014-07-06,87.5,0.000
2014-07-07,92.8,0.000
2014-07-08,95.6,0.000
2014-07-09,89.3,0.205
2014-07-10,85.7,0.496
2014-07-11,84.5,0.000
2014-07-12,86.6,0.000
2014-07-13,89.3,0.016
2014-07-14,94.0,0.063
2014-07-15,89.1,0.496
2014-07-16,81.6,0.035
2014-07-17,80.3,0.000
2014-07-18,82.6,0.000
2014-07-19,80.9,0.039
2014-07-20,80.9,0.008
2014-07-21,82.9,0.039
2014-07-22,86.1,0.004
2014-07-23,94.0,0.000
2014-07-24,80.1,0.390
2014-07-25,83.9,0.000
2014-07-26,87.1,0.004
2014-07-27,87.7,0.059
2014-07-28,85.1,0.008
2014-07-29,78.3,0.000
2014-07-30,81.1,0.000
2014-07-31,87.2,0.000
2014-08-01,76.2,0.295
2014-08-02,79.0,0.350
2014-08-03,80.8,0.075
2014-08-04,85.7,0.004
2014-08-05,87.3,0.000
2014-08-06,86.6,0.138
2014-08-07,85.5,0.000
2014-08-08,85.0,0.000
2014-08-09,82.5,0.083
2014-08-10,85.1,0.000
2014-08-11,83.3,0.260
2014-08-12,75.5,0.508
2014-08-13,80.7,0.000
2014-08-14,81.9,0.000
2014-08-15,78.2,0.000
2014-08-16,83.9,0.000
2014-08-17,86.7,0.008
2014-08-18,86.4,0.000
2014-08-19,82.8,0.004
2014-08-20,87.5,0.004
2014-08-21,89.3,0.205
2014-08-22,82.0,0.008
2014-08-23,76.7,0.150
2014-08-24,77.5,0.000
2014-08-25,81.1,0.000
2014-08-26,86.3,0.000
2014-08-27,91.9,0.000
2014-08-28,86.8,0.000
2014-08-29,81.6,0.000
2014-08-30,82.8,0.000
2014-08-31,93.5,0.201
2014-09-01,90.5,0.091
2014-09-02,94.7,0.016
2014-09-03,85.9,0.079
2014-09-04,87.3,0.012
2014-09-05,91.9,0.272
2014-09-06,93.3,0.205
2014-09-07,79.7,0.039
2014-09-08,73.5,0.142
2014-09-09,76.4,0.000
2014-09-10,79.4,0.000
2014-09-11,87.3,0.075
2014-09-12,78.0,0.000
2014-09-13,68.5,0.146
2014-09-14,70.1,0.000
2014-09-15,74.5,0.000
2014-09-16,76.9,0.000
2014-09-17,74.6,0.000
2014-09-18,74.9,0.028
2014-09-19,74.5,0.000
2014-09-20,81.0,0.000
2014-09-21,86.0,0.000
2014-09-22,73.4,0.000
2014-09-23,71.4,0.000
2014-09-24,71.0,0.287
2014-09-25,64.2,0.496
2014-09-26,75.1,0.000
2014-09-27,80.0,0.000
2014-09-28,81.0,0.000
2014-09-29,75.5,0.000
2014-09-30,77.7,0.000
2014-10-01,73.1,0.000
2014-10-02,73.2,0.000
2014-10-03,71.4,0.315
2014-10-04,67.7,0.047
2014-10-05,63.4,0.000
2014-10-06,73.0,0.000
2014-10-07,71.5,0.059
2014-10-08,74.9,0.008
2014-10-09,72.5,0.000
2014-10-10,64.1,0.492
2014-10-11,57.8,0.445
2014-10-12,64.4,0.000
2014-10-13,69.5,0.130
2014-10-14,77.6,0.008
2014-10-15,75.6,0.957
2014-10-16,67.2,0.020
2014-10-17,71.6,0.000
2014-10-18,67.1,0.000
2014-10-19,57.8,0.000
2014-10-20,65.5,0.039
2014-10-21,68.0,0.150
2014-10-22,54.7,0.496
2014-10-23,64.2,0.000
2014-10-24,66.4,0.000
2014-10-25,69.9,0.000
2014-10-26,67.5,0.000
2014-10-27,69.3,0.000
2014-10-28,80.1,0.000
2014-10-29,66.5,0.016
2014-10-30,58.8,0.000
2014-10-31,56.1,0.000
2014-11-01,52.0,0.150
2014-11-02,50.1,0.000
2014-11-03,60.5,0.000
2014-11-04,69.9,0.000
2014-11-05,68.8,0.004
2014-11-06,65.1,0.315
2014-11-07,53.7,0.000
2014-11-08,51.0,0.000
2014-11-09,58.0,0.000
2014-11-10,62.1,0.000
2014-11-11,68.3,0.000
2014-11-12,62.7,0.000
2014-11-13,44.1,0.059
2014-11-14,42.1,0.016
2014-11-15,43.2,0.000
2014-11-16,46.0,0.280
2014-11-17,54.8,0.500
2014-11-18,36.4,0.000
2014-11-19,35.2,0.000
2014-11-20,50.5,0.000
2014-11-21,36.6,0.000
2014-11-22,44.8,0.000
2014-11-23,56.3,0.016
2014-11-24,69.5,0.287
2014-11-25,60.5,0.000
2014-11-26,46.7,0.882
2014-11-27,44.1,0.016
2014-11-28,38.1,0.000
2014-11-29,44.2,0.000
2014-11-30,61.4,0.000
2014-12-01,70.5,0.331
2014-12-02,43.8,0.295
2014-12-03,52.9,0.043
2014-12-04,45.3,0.071
2014-12-05,40.7,0.087
2014-12-06,50.2,0.429
2014-12-07,45.7,0.008
2014-12-08,37.6,0.008
2014-12-09,42.0,0.579
2014-12-10,47.2,0.012
2014-12-11,40.4,0.000
2014-12-12,42.6,0.000
2014-12-13,46.0,0.000
2014-12-14,50.5,0.000
2014-12-15,53.9,0.000
2014-12-16,49.1,0.189
2014-12-17,51.9,0.000
2014-12-18,41.3,0.000
2014-12-19,41.0,0.000
2014-12-20,37.5,0.000
2014-12-21,41.7,0.000
2014-12-22,37.0,0.209
2014-12-23,46.0,0.008
2014-12-24,61.4,0.992
2014-12-25,62.5,0.134
2014-12-26,51.5,0.000
2014-12-27,56.0,0.000
2014-12-28,58.7,0.087
2014-12-29,43.2,0.024
2014-12-30,40.0,0.000
2014-12-31,35.5,0.000
2015-01-01,42.1,0.000
2015-01-02,46.8,0.000
2015-01-03,40.4,0.169
2015-01-04,62.5,0.232
2015-01-05,44.3,0.000
2015-01-06,34.2,0.000
2015-01-07,24.0,0.000
2015-01-08,21.9,0.000
2015-01-09,38.3,0.000
2015-01-10,26.5,0.000
2015-01-11,40.5,0.008
2015-01-12,40.0,1.043
2015-01-13,36.2,0.000
2015-01-14,32.6,0.000
2015-01-15,40.1,0.000
2015-01-16,43.5,0.000
2015-01-17,37.7,0.000
2015-01-18,44.1,0.461
2015-01-19,45.7,0.000
2015-01-20,45.8,0.008
2015-01-21,36.2,0.028
2015-01-22,45.3,0.000
2015-01-23,41.5,0.240
2015-01-24,39.5,0.583
2015-01-25,49.8,0.000
2015-01-26,39.0,0.079
2015-01-27,36.4,0.000
2015-01-28,35.6,0.000
2015-01-29,37.7,0.004
2015-01-30,38.9,0.000
2015-01-31,32.4,0.000
2015-02-01,43.3,0.098
2015-02-02,50.8,0.394
2015-02-03,35.3,0.000
2015-02-04,49.8,0.000
2015-02-05,36.3,0.000
2015-02-06,39.4,0.000
2015-02-07,47.9,0.000
2015-02-08,60.5,0.000
2015-02-09,39.2,0.059
2015-02-10,41.2,0.055
2015-02-11,42.3,0.000
2015-02-12,40.9,0.020
2015-02-13,28.1,0.000
2015-02-14,41.9,0.020
2015-02-15,19.1,0.000
2015-02-16,19.1,0.000
2015-02-17,28.8,0.000
2015-02-18,33.0,0.000
2015-02-19,16.4,0.000
2015-02-20,18.1,0.000
2015-02-21,35.1,0.291
2015-02-22,43.4,0.177
2015-02-23,33.5,0.000
2015-02-24,29.9,0.000
2015-02-25,38.3,0.000
2015-02-26,36.4,0.000
2015-02-27,32.5,0.000
2015-02-28,32.0,0.000
2015-03-01,31.3,0.217
2015-03-02,40.0,0.075
2015-03-03,39.6,0.024
2015-03-04,45.0,0.484
2015-03-05,39.0,0.303
2015-03-06,26.9,0.000
2015-03-07,44.7,0.000
2015-03-08,51.3,0.000
2015-03-09,60.9,0.000
2015-03-10,49.3,0.354
2015-03-11,64.6,0.106
2015-03-12,55.8,0.000
2015-03-13,51.8,0.075
2015-03-14,55.5,0.437
2015-03-15,54.1,0.000
2015-03-16,66.4,0.000
2015-03-17,65.9,0.000
2015-03-18,47.7,0.000
2015-03-19,49.8,0.000
2015-03-20,38.5,0.413
2015-03-21,60.2,0.000
2015-03-22,51.9,0.000
2015-03-23,46.8,0.000
2015-03-24,43.0,0.000
2015-03-25,49.3,0.020
2015-03-26,69.7,0.217
2015-03-27,47.7,0.323
2015-03-28,38.6,0.000
2015-03-29,44.6,0.000
2015-03-30,59.5,0.024
2015-03-31,65.7,0.047
2015-04-01,57.0,0.000
2015-04-02,67.3,0.000
2015-04-03,70.7,0.409
2015-04-04,63.1,0.063
2015-04-05,63.2,0.000
2015-04-06,72.8,0.000
2015-04-07,72.6,0.098
2015-04-08,56.9,0.181
2015-04-09,52.1,0.071
2015-04-10,68.7,0.024
2015-04-11,62.7,0.000
2015-04-12,66.3,0.000
2015-04-13,75.6,0.000
2015-04-14,60.7,0.744
2015-04-15,65.3,0.004
2015-04-16,69.5,0.000
2015-04-17,76.7,0.043
2015-04-18,77.5,0.000
2015-04-19,63.2,0.240
2015-04-20,77.5,1.126
2015-04-21,66.1,0.008
2015-04-22,70.6,0.071
2015-04-23,55.1,0.000
2015-04-24,57.1,0.000
2015-04-25,51.8,0.268
2015-04-26,61.1,0.039
2015-04-27,57.9,0.004
2015-04-28,65.8,0.000
2015-04-29,72.5,0.000
2015-04-30,70.8,0.031
2015-05-01,61.2,0.098
2015-05-02,71.9,0.000
2015-05-03,78.2,0.000
2015-05-04,82.5,0.000
2015-05-05,83.1,0.047
2015-05-06,81.4,0.035
2015-05-07,78.6,0.000
2015-05-08,80.9,0.000
2015-05-09,79.6,0.000
2015-05-10,81.2,0.008
2015-05-11,77.0,0.051
2015-05-12,87.1,0.000
2015-05-13,68.6,0.000
2015-05-14,69.4,0.000
2015-05-15,76.0,0.000
2015-05-16,87.8,0.201
2015-05-17,84.3,0.063
2015-05-18,89.0,0.268
2015-05-19,85.8,0.000
2015-05-20,71.4,0.000
2015-05-21,59.1,0.465
2015-05-22,74.4,0.000
2015-05-23,73.0,0.000
2015-05-24,82.6,0.000
2015-05-25,84.8,0.000
2015-05-26,88.2,0.000
2015-05-27,88.0,0.398
2015-05-28,88.7,0.000
2015-05-29,83.0,0.000
2015-05-30,87.6,0.000
2015-05-31,88.6,0.004
2015-06-01,89.3,0.807
2015-06-02,68.7,0.567
2015-06-03,61.5,0.012
2015-06-04,65.1,0.307
2015-06-05,71.0,0.031
2015-06-06,78.5,0.130
2015-06-07,76.8,0.008
2015-06-08,85.8,0.000
2015-06-09,83.8,0.122
2015-06-10,83.4,0.000
2015-06-11,92.6,0.004
2015-06-12,92.1,0.031
2015-06-13,89.5,0.236
2015-06-14,90.8,0.201
2015-06-15,90.2,0.185
2015-06-16,94.0,0.000
2015-06-17,86.9,0.130
2015-06-18,88.2,0.449
2015-06-19,84.9,0.024
2015-06-20,87.8,0.264
2015-06-21,90.5,0.051
2015-06-22,88.8,0.000
2015-06-23,95.9,0.154
2015-06-24,84.4,0.000
2015-06-25,86.2,0.744
2015-06-26,79.3,0.299
2015-06-27,72.1,0.787
2015-06-28,76.4,0.063
2015-06-29,79.6,0.000
2015-06-30,85.9,0.063
2015-07-01,84.2,0.055
2015-07-02,74.3,0.287
2015-07-03,80.3,0.028
2015-07-04,78.8,0.157
2015-07-05,83.2,0.079
2015-07-06,84.2,0.319
2015-07-07,87.8,0.000
2015-07-08,86.2,0.697
2015-07-09,89.5,0.008
2015-07-10,83.5,0.000
2015-07-11,83.1,0.358
2015-07-12,85.4,0.000
2015-07-13,79.1,0.016
2015-07-14,85.1,0.126
2015-07-15,82.2,0.102
2015-07-16,81.1,0.000
2015-07-17,81.4,0.000
2015-07-18,91.1,0.000
2015-07-19,93.7,0.000
2015-07-20,93.5,0.008
2015-07-21,89.3,0.232
2015-07-22,85.8,0.000
2015-07-23,85.7,0.000
2015-07-24,87.0,0.000
2015-07-25,88.1,0.000
2015-07-26,90.0,0.012
2015-07-27,84.1,0.244
2015-07-28,88.9,0.020
2015-07-29,88.0,0.169
2015-07-30,92.9,0.244
2015-07-31,89.3,0.000
2015-08-01,88.7,0.000
2015-08-02,87.8,0.000
2015-08-03,91.6,0.000
2015-08-04,91.6,0.094
2015-08-05,90.9,0.000
2015-08-06,84.2,0.130
2015-08-07,79.2,0.189
2015-08-08,82.4,0.008
2015-08-09,84.6,0.000
2015-08-10,77.1,0.110
2015-08-11,87.4,0.547
2015-08-12,83.1,0.000
2015-08-13,82.1,0.000
2015-08-14,86.2,0.000
2015-08-15,89.0,0.000
2015-08-16,91.9,0.004
2015-08-17,92.9,0.000
2015-08-18,91.6,0.051
2015-08-19,88.1,0.039
2015-08-20,86.3,0.433
2015-08-21,85.2,0.000
2015-08-22,83.6,0.000
2015-08-23,84.4,0.012
2015-08-24,89.3,0.075
2015-08-25,86.2,0.008
2015-08-26,81.2,0.000
2015-08-27,80.4,0.000
2015-08-28,81.6,0.000
2015-08-29,87.9,0.000
2015-08-30,90.2,0.000
2015-08-31,90.1,0.012
2015-09-01,93.1,0.000
2015-09-02,93.3,0.134
2015-09-03,92.9,0.118
2015-09-04,91.4,0.008
2015-09-05,84.4,0.012
2015-09-06,84.7,0.000
2015-09-07,89.9,0.000
2015-09-08,92.6,0.000
2015-09-09,92.1,0.012
2015-09-10,78.7,0.610
2015-09-11,82.9,0.000
2015-09-12,76.7,1.039
2015-09-13,73.1,0.004
2015-09-14,76.3,0.000
2015-09-15,81.1,0.000
2015-09-16,83.8,0.000
2015-09-17,84.1,0.000
2015-09-18,83.9,0.000
2015-09-19,84.9,0.000
2015-09-20,78.8,0.260
2015-09-21,70.2,0.059
2015-09-22,70.9,0.197
2015-09-23,76.9,0.000
2015-09-24,78.2,0.000
2015-09-25,72.7,0.000
2015-09-26,72.2,0.059
2015-09-27,73.1,0.059
2015-09-28,80.1,0.012
2015-09-29,81.1,0.520
2015-09-30,77.5,0.043
2015-10-01,63.6,0.047
2015-10-02,56.0,1.098
2015-10-03,57.8,0.272
2015-10-04,62.0,0.028
2015-10-05,65.7,0.000
2015-10-06,73.2,0.000
2015-10-07,74.6,0.000
2015-10-08,76.0,0.000
2015-10-09,77.5,0.150
2015-10-10,64.3,0.000
2015-10-11,69.2,0.000
2015-10-12,73.5,0.000
2015-10-13,76.7,0.059
2015-10-14,66.4,0.000
2015-10-15,65.7,0.000
2015-10-16,65.2,0.000
2015-10-17,57.0,0.000
2015-10-18,51.8,0.000
2015-10-19,55.8,0.000
2015-10-20,69.5,0.000
2015-10-21,74.0,0.000
2015-10-22,78.2,0.000
2015-10-23,68.0,0.000
2015-10-24,63.1,0.000
2015-10-25,70.1,0.075
2015-10-26,59.8,0.000
2015-10-27,56.9,0.024
2015-10-28,69.0,0.665
2015-10-29,71.0,0.047
2015-10-30,59.3,0.000
2015-10-31,59.0,0.000
2015-11-01,69.9,0.031
2015-11-02,65.8,0.000
2015-11-03,71.4,0.000
2015-11-04,73.3,0.008
2015-11-05,71.2,0.004
2015-11-06,79.2,0.016
2015-11-07,65.9,0.161
2015-11-08,57.3,0.000
2015-11-09,57.6,0.287
2015-11-10,60.7,0.398
2015-11-11,63.2,0.000
2015-11-12,64.5,0.075
2015-11-13,59.5,0.000
2015-11-14,52.3,0.000
2015-11-15,62.7,0.000
2015-11-16,67.5,0.000
2015-11-17,60.3,0.000
2015-11-18,65.9,0.000
2015-11-19,62.7,0.823
2015-11-20,56.7,0.000
2015-11-21,54.1,0.000
2015-11-22,47.0,0.000
2015-11-23,41.3,0.000
2015-11-24,53.1,0.000
2015-11-25,55.7,0.000
2015-11-26,61.2,0.000
2015-11-27,65.9,0.000
2015-11-28,68.7,0.031
2015-11-29,52.7,0.232
2015-11-30,46.1,0.165
2015-12-01,48.9,0.457
2015-12-02,57.3,0.303
2015-12-03,49.5,0.000
2015-12-04,50.6,0.000
2015-12-05,51.4,0.000
2015-12-06,51.0,0.000
2015-12-07,56.1,0.000
2015-12-08,52.6,0.000
2015-12-09,51.8,0.000
2015-12-10,60.7,0.024
2015-12-11,65.8,0.000
2015-12-12,70.3,0.000
2015-12-13,71.1,0.000
2015-12-14,70.2,0.126
2015-12-15,66.4,0.091
2015-12-16,55.7,0.000
2015-12-17,52.8,0.421
2015-12-18,49.9,0.000
2015-12-19,42.6,0.000
2015-12-20,45.2,0.000
2015-12-21,54.4,0.000
2015-12-22,59.2,0.252
2015-12-23,66.7,1.075
2015-12-24,70.3,0.248
2015-12-25,70.4,0.563
2015-12-26,61.2,0.028
2015-12-27,70.4,0.079
2015-12-28,51.0,0.043
2015-12-29,55.1,0.374
2015-12-30,53.6,0.110
2015-12-31,55.0,0.000
2016-01-01,46.4,0.000
2016-01-02,47.0,0.000
2016-01-03,49.8,0.000
2016-01-04,36.9,0.000
2016-01-05,31.3,0.000
2016-01-06,39.3,0.000
2016-01-07,39.0,0.000
2016-01-08,43.5,0.028
2016-01-09,49.1,0.028
2016-01-10,59.5,0.626
2016-01-11,38.1,0.000
2016-01-12,44.4,0.000
2016-01-13,29.9,0.000
2016-01-14,49.5,0.000
2016-01-15,50.4,0.500
2016-01-16,53.3,0.181
2016-01-17,37.1,0.000
2016-01-18,29.8,0.000
2016-01-19,26.8,0.000
2016-01-20,31.0,0.000
2016-01-21,33.3,0.000
2016-01-22,28.7,0.000
2016-01-23,27.2,0.000
2016-01-24,31.9,0.000
2016-01-25,34.0,0.000
2016-01-26,47.0,0.008
2016-01-27,39.5,0.008
2016-01-28,39.5,0.000
2016-01-29,38.2,0.004
2016-01-30,42.0,0.000
2016-01-31,49.8,0.000
2016-02-01,52.0,0.189
2016-02-02,45.2,0.000
2016-02-03,60.0,0.685
2016-02-04,56.4,0.106
2016-02-05,43.1,0.122
2016-02-06,43.1,0.000
2016-02-07,47.5,0.000
2016-02-08,46.8,0.016
2016-02-09,40.2,0.130
2016-02-10,38.4,0.000
2016-02-11,29.0,0.000
2016-02-12,31.6,0.000
2016-02-13,24.4,0.000
2016-02-14,26.0,0.000
2016-02-15,31.4,0.102
2016-02-16,53.4,0.606
2016-02-17,46.5,0.000
2016-02-18,37.9,0.000
2016-02-19,40.0,0.000
2016-02-20,62.1,0.000
2016-02-21,56.5,0.098
2016-02-22,51.2,0.000
2016-02-23,42.3,0.547
2016-02-24,62.8,0.720
2016-02-25,54.1,0.000
2016-02-26,40.3,0.000
2016-02-27,44.8,0.000
2016-02-28,62.9,0.000
2016-02-29,61.0,0.004
2016-03-01,63.3,0.000
2016-03-02,60.1,0.138
2016-03-03,40.8,0.000
2016-03-04,42.4,0.000
2016-03-05,43.2,0.000
2016-03-06,47.9,0.016
2016-03-07,63.6,0.000
2016-03-08,74.8,0.008
2016-03-09,78.3,0.000
2016-03-10,78.3,0.000
2016-03-11,70.7,0.024
2016-03-12,57.8,0.039
2016-03-13,55.8,0.421
2016-03-14,55.0,0.091
2016-03-15,61.9,0.138
2016-03-16,71.7,0.000
2016-03-17,66.3,0.000
2016-03-18,63.2,0.000
2016-03-19,45.6,0.185
2016-03-20,41.4,0.114
2016-03-21,50.8,0.004
2016-03-22,59.8,0.000
2016-03-23,72.5,0.000
2016-03-24,75.4,0.000
2016-03-25,71.3,0.094
2016-03-26,58.6,0.000
2016-03-27,57.8,0.016
2016-03-28,65.5,0.240
2016-03-29,57.5,0.000
2016-03-30,61.0,0.000
2016-03-31,73.0,0.000
2016-04-01,80.6,0.189
2016-04-02,62.5,0.248
2016-04-03,51.6,0.000
2016-04-04,72.8,0.102
2016-04-05,44.9,0.000
2016-04-06,55.5,0.000
2016-04-07,61.5,0.622
2016-04-08,52.0,0.000
2016-04-09,50.0,0.094
2016-04-10,50.8,0.000
2016-04-11,71.3,0.020
2016-04-12,63.7,0.161
2016-04-13,56.3,0.000
2016-04-14,60.9,0.000
2016-04-15,61.7,0.000
2016-04-16,67.7,0.000
2016-04-17,71.3,0.000
2016-04-18,81.4,0.000
2016-04-19,78.3,0.008
2016-04-20,69.3,0.000
2016-04-21,74.9,0.000
2016-04-22,72.8,0.031
2016-04-23,69.1,0.122
2016-04-24,68.6,0.000
2016-04-25,80.6,0.000
2016-04-26,87.1,0.024
2016-04-27,66.7,0.142
2016-04-28,55.8,0.213
2016-04-29,55.1,0.028
2016-04-30,61.3,0.035
2016-05-01,56.8,0.843
2016-05-02,78.6,0.358
2016-05-03,65.9,1.366
2016-05-04,61.1,0.220
2016-05-05,55.1,0.031
2016-05-06,53.4,0.984
2016-05-07,63.3,0.039
2016-05-08,69.1,0.000
2016-05-09,65.7,0.039
2016-05-10,60.5,0.228
2016-05-11,67.1,0.220
2016-05-12,68.3,0.000
2016-05-13,73.1,0.224
2016-05-14,74.9,0.177
2016-05-15,58.1,0.000
2016-05-16,63.7,0.000
2016-05-17,54.9,0.343
2016-05-18,65.5,0.000
2016-05-19,68.7,0.000
2016-05-20,73.2,0.000
2016-05-21,59.4,0.988
2016-05-22,56.8,0.354
2016-05-23,72.8,0.465
2016-05-24,80.3,0.000
2016-05-25,84.0,0.000
2016-05-26,86.9,0.000
2016-05-27,87.5,0.016
2016-05-28,87.3,0.000
2016-05-29,83.5,0.327
2016-05-30,78.8,0.327
2016-05-31,82.5,0.004
2016-06-01,84.2,0.000
2016-06-02,79.5,0.012
2016-06-03,77.6,0.685
2016-06-04,80.8,0.008
2016-06-05,82.8,0.602
2016-06-06,84.6,0.000
2016-06-07,84.0,0.028
2016-06-08,69.4,0.000
2016-06-09,78.7,0.000
2016-06-10,80.6,0.000
2016-06-11,93.5,0.000
2016-06-12,89.8,0.000
2016-06-13,79.6,0.000
2016-06-14,80.7,0.000
2016-06-15,79.8,0.067
2016-06-16,81.8,0.906
2016-06-17,79.1,0.756
2016-06-18,82.0,0.000
2016-06-19,87.0,0.000
2016-06-20,88.3,0.000
2016-06-21,86.5,0.390
2016-06-22,84.8,0.000
2016-06-23,81.3,0.791
2016-06-24,82.5,0.091
2016-06-25,81.5,0.012
2016-06-26,83.3,0.000
2016-06-27,85.7,0.280
2016-06-28,83.0,0.453
2016-06-29,82.0,0.000
2016-06-30,82.5,0.008
2016-07-01,83.5,0.181
2016-07-02,80.9,0.000
2016-07-03,73.4,0.209
2016-07-04,71.7,0.634
2016-07-05,87.3,0.291
2016-07-06,90.5,0.000
2016-07-07,91.9,0.024
2016-07-08,89.7,0.106
2016-07-09,90.9,0.000
2016-07-10,83.5,0.000
2016-07-11,85.2,0.000
2016-07-12,85.4,0.000
2016-07-13,87.4,0.350
2016-07-14,95.9,0.000
2016-07-15,90.6,0.000
2016-07-16,92.1,0.201
2016-07-17,91.9,0.000
2016-07-18,95.2,0.130
2016-07-19,88.9,0.000
2016-07-20,86.2,0.004
2016-07-21,89.8,0.000
2016-07-22,94.7,0.000
2016-07-23,97.3,0.319
2016-07-24,95.2,0.000
2016-07-25,100.1,0.000
2016-07-26,94.7,0.000
2016-07-27,92.9,0.248
2016-07-28,89.9,1.283
2016-07-29,86.1,0.394
2016-07-30,85.7,0.547
2016-07-31,88.7,0.094
2016-08-01,88.7,0.004
2016-08-02,85.2,0.004
2016-08-03,79.8,0.000
2016-08-04,81.5,0.000
2016-08-05,81.2,0.004
2016-08-06,89.4,0.063
2016-08-07,86.8,0.000
2016-08-08,87.8,0.000
2016-08-09,82.5,0.000
2016-08-10,91.2,0.000
2016-08-11,93.6,0.000
2016-08-12,95.2,0.000
2016-08-13,96.9,0.000
2016-08-14,98.0,0.055
2016-08-15,95.3,0.390
2016-08-16,94.7,0.008
2016-08-17,92.5,0.256
2016-08-18,88.1,0.043
2016-08-19,89.3,0.000
2016-08-20,90.1,0.000
2016-08-21,82.0,0.461
2016-08-22,82.1,0.000
2016-08-23,82.0,0.000
2016-08-24,85.8,0.000
2016-08-25,91.1,0.008
2016-08-26,94.2,0.000
2016-08-27,90.7,0.000
2016-08-28,89.0,0.000
2016-08-29,92.0,0.000
2016-08-30,89.9,0.000
2016-08-31,90.2,0.000
2016-09-01,80.3,0.102
2016-09-02,80.7,0.000
2016-09-03,75.9,0.492
2016-09-04,80.3,0.035
2016-09-05,87.5,0.000
2016-09-06,91.6,0.000
2016-09-07,93.1,0.209
2016-09-08,94.5,0.154
2016-09-09,95.1,0.000
2016-09-10,93.6,0.000
2016-09-11,85.0,0.000
2016-09-12,82.5,0.000
2016-09-13,87.5,0.000
2016-09-14,92.9,0.000
2016-09-15,76.0,0.012
2016-09-16,76.4,0.000
2016-09-17,81.1,0.000
2016-09-18,87.2,0.000
2016-09-19,75.1,1.630
2016-09-20,78.8,0.339
2016-09-21,83.3,0.000
2016-09-22,83.0,0.000
2016-09-23,87.6,0.000
2016-09-24,76.1,0.000
2016-09-25,71.3,0.000
2016-09-26,68.6,0.004
2016-09-27,74.9,0.465
2016-09-28,69.3,1.437
2016-09-29,70.7,1.461
2016-09-30,66.9,0.094
2016-10-01,68.0,0.181
2016-10-02,71.7,0.000
2016-10-03,74.4,0.008
