date,temperature_2m_max (Â°F),rain_sum (inch)
4/3/2005,47.6,0.063
4/4/2005,53.1,0
4/5/2005,63.6,0
4/6/2005,66.9,0
4/7/2005,69.7,0.122
4/8/2005,61,0.382
4/9/2005,58.6,0
4/10/2005,67.3,0
4/11/2005,54.9,0
4/12/2005,54.3,0
4/13/2005,53.5,0
4/14/2005,60.9,0
4/15/2005,54.2,0
4/16/2005,55.9,0
4/17/2005,71.2,0
4/18/2005,71.9,0
4/19/2005,72.4,0
4/20/2005,81.7,0
4/21/2005,64.6,0.008
4/22/2005,56.1,0.016
4/23/2005,58.3,1.217
4/24/2005,55.8,0.083
4/25/2005,54,0.02
4/26/2005,62.4,0
4/27/2005,62.3,0.807
4/28/2005,62.9,0.016
4/29/2005,60.6,0
4/30/2005,58.2,0.508
5/1/2005,62.1,0.13
5/2/2005,61.1,0.079
5/3/2005,57.1,0.004
5/4/2005,58.4,0
5/5/2005,58.4,0
5/6/2005,54.3,0.213
5/7/2005,58,0.098
5/8/2005,58.8,0
5/9/2005,66.1,0
5/10/2005,66.2,0
5/11/2005,71.8,0
5/12/2005,64.8,0
5/13/2005,60.6,0
5/14/2005,70.1,0
5/15/2005,73.2,0.051
5/16/2005,67.9,0.012
5/17/2005,65.5,0
5/18/2005,66.3,0
5/19/2005,66.1,0
5/20/2005,53.5,0.209
5/21/2005,68.2,0.063
5/22/2005,62.5,0.118
5/23/2005,61.2,0
5/24/2005,60,0.138
5/25/2005,52,0.61
5/26/2005,58.3,0.134
5/27/2005,74.8,0
5/28/2005,75.4,0.035
5/29/2005,74,0
5/30/2005,74.2,0.012
5/31/2005,74.2,0
6/1/2005,67.3,0
6/2/2005,66.6,0
6/3/2005,64.8,0.244
6/4/2005,79.6,0.244
6/5/2005,84.9,0
6/6/2005,83.6,0
6/7/2005,87.6,0.087
6/8/2005,87.4,0
6/9/2005,86.5,0
6/10/2005,82.1,0.138
6/11/2005,85.7,0.047
6/12/2005,88.1,0
6/13/2005,89.4,0.004
6/14/2005,92.3,0
6/15/2005,81.2,0.016
6/16/2005,79.3,0.295
6/17/2005,74,0.024
6/18/2005,74.8,0
6/19/2005,69.4,0.051
6/20/2005,73,0
6/21/2005,82.6,0
6/22/2005,83.5,0.102
6/23/2005,77.3,0
6/24/2005,84.1,0
6/25/2005,91.1,0
6/26/2005,91.9,0
6/27/2005,80,0.453
6/28/2005,85.8,0.224
6/29/2005,79.2,0.63
6/30/2005,79.1,0.657
7/1/2005,81.2,0.043
7/2/2005,79.6,0
7/3/2005,77.5,0
7/4/2005,78,0
7/5/2005,81.5,0.13
7/6/2005,80.5,0.264
7/7/2005,74.2,0.004
7/8/2005,66.7,1.654
7/9/2005,80,0.004
7/10/2005,88.2,0
7/11/2005,88.7,0
7/12/2005,80.3,0
7/13/2005,76.2,0.024
7/14/2005,80.5,0
7/15/2005,82.4,0.028
7/16/2005,80.3,0.031
7/17/2005,80.9,0.098
7/18/2005,85.8,0.39
7/19/2005,91.3,0.055
7/20/2005,89.4,0
7/21/2005,90.8,0
7/22/2005,90.7,0
7/23/2005,84.9,0
7/24/2005,85.8,0
7/25/2005,90.1,0.067
7/26/2005,92.7,0
7/27/2005,94.9,0.012
7/28/2005,81.1,0
7/29/2005,84,0
7/30/2005,82.8,0
7/31/2005,81.3,0.031
8/1/2005,85,0
8/2/2005,92.8,0
8/3/2005,93.1,0
8/4/2005,92.7,0.047
8/5/2005,97.1,0
8/6/2005,86.7,0
8/7/2005,84.7,0
8/8/2005,85,0.283
8/9/2005,83.5,0.028
8/10/2005,85.4,0.008
8/11/2005,92.7,0
8/12/2005,93,0.008
8/13/2005,96.6,0.031
8/14/2005,93.5,0.02
8/15/2005,81.5,0.138
8/16/2005,76.1,0.118
8/17/2005,86.8,0
8/18/2005,79.9,0
8/19/2005,79.6,0.004
8/20/2005,81.4,0
8/21/2005,91.3,0.008
8/22/2005,88.1,0
8/23/2005,82.8,0
8/24/2005,80,0
8/25/2005,82.7,0
8/26/2005,82.6,0
8/27/2005,80.3,0
8/28/2005,80.4,0.047
8/29/2005,84,0
8/30/2005,80.4,0.102
8/31/2005,85.7,0.181
9/1/2005,84.5,0
9/2/2005,88,0
9/3/2005,82,0
9/4/2005,83.4,0
9/5/2005,80.3,0
9/6/2005,80.8,0
9/7/2005,81.5,0
9/8/2005,85.7,0
9/9/2005,82.2,0
9/10/2005,81.3,0
9/11/2005,78.1,0
9/12/2005,93.1,0
9/13/2005,90.7,0
9/14/2005,84.9,0.059
9/15/2005,81,0.173
9/16/2005,81.2,0.11
9/17/2005,83.1,0.071
9/18/2005,82.8,0
9/19/2005,83.9,0
9/20/2005,83.2,0
9/21/2005,82.5,0
9/22/2005,83.4,0
9/23/2005,89.8,0
9/24/2005,72.4,0
9/25/2005,73.8,0
9/26/2005,78.7,0.201
9/27/2005,74.4,0
9/28/2005,72.4,0
9/29/2005,75.3,0.079
9/30/2005,66.1,0
10/1/2005,71.4,0
10/2/2005,77.3,0
10/3/2005,74.4,0
10/4/2005,76.1,0
10/5/2005,77.5,0
10/6/2005,75.4,0
10/7/2005,74.8,0.295
10/8/2005,72.4,3.157
10/9/2005,62.2,0
10/10/2005,61.6,0.169
10/11/2005,61.6,0.437
10/12/2005,58.1,2.642
10/13/2005,61.5,1.189
10/14/2005,63.7,3.906
10/15/2005,71,0.091
10/16/2005,61.8,0
10/17/2005,61.3,0
10/18/2005,68.1,0.024
10/19/2005,66,0
10/20/2005,58.1,0
10/21/2005,54,0.004
10/22/2005,52.6,1.016
10/23/2005,52.9,0.067
10/24/2005,52.6,0.476
10/25/2005,50.3,0.862
10/26/2005,51.7,0.075
10/27/2005,48.4,0
10/28/2005,47.8,0
10/29/2005,46.6,0
10/30/2005,63.6,0
10/31/2005,63.8,0
11/1/2005,64.3,0
11/2/2005,56.4,0.024
11/3/2005,62.2,0
11/4/2005,63.3,0
11/5/2005,68.2,0
11/6/2005,65.1,0.047
11/7/2005,60,0
11/8/2005,60.7,0
11/9/2005,59.7,0.173
11/10/2005,60.7,0.319
11/11/2005,45.7,0
11/12/2005,53.8,0
11/13/2005,60.7,0
11/14/2005,61.8,0.016
11/15/2005,63.2,0.02
11/16/2005,68.2,0.331
11/17/2005,48.5,0.063
11/18/2005,40.7,0
11/19/2005,44.5,0
11/20/2005,53.6,0
11/21/2005,52,0.268
11/22/2005,45.9,0.843
11/23/2005,36,0
11/24/2005,47.5,0.079
11/25/2005,33,0
11/26/2005,38.1,0
11/27/2005,46.3,0
11/28/2005,58.5,0.035
11/29/2005,60.2,0.22
11/30/2005,59.4,0.587
12/1/2005,46.2,0
12/2/2005,40.9,0
12/3/2005,36,0
12/4/2005,37.2,0.035
12/5/2005,35.1,0
12/6/2005,35.5,0
12/7/2005,31.1,0
12/8/2005,30,0
12/9/2005,35.4,0.358
12/10/2005,32.3,0
12/11/2005,36.5,0
12/12/2005,35.3,0
12/13/2005,24.2,0
12/14/2005,22.9,0
12/15/2005,39.4,0.075
12/16/2005,50.2,0.815
12/17/2005,39.9,0
12/18/2005,38.5,0
12/19/2005,34.5,0
12/20/2005,33.6,0
12/21/2005,32.8,0
12/22/2005,35.7,0
12/23/2005,46,0
12/24/2005,50.2,0
12/25/2005,51.7,0.795
12/26/2005,51,0.122
12/27/2005,42.8,0
12/28/2005,46.7,0
12/29/2005,47.7,0.563
12/30/2005,43.2,0
12/31/2005,38.7,0.083
1/1/2006,41.4,0
1/2/2006,43.5,0.343
1/3/2006,38.6,0.697
1/4/2006,37.2,0.008
1/5/2006,47.8,0.055
1/6/2006,40.3,0
1/7/2006,33.1,0
1/8/2006,43.3,0.004
1/9/2006,57.6,0
1/10/2006,46.2,0
1/11/2006,51.8,0.11
1/12/2006,53.5,0.028
1/13/2006,49.9,0.024
1/14/2006,53.2,1.024
1/15/2006,29.6,0.055
1/16/2006,31.9,0
1/17/2006,41.8,0.008
1/18/2006,56.9,0.807
1/19/2006,43.5,0
1/20/2006,54.9,0
1/21/2006,58,0
1/22/2006,39.5,0
1/23/2006,39.9,0.854
1/24/2006,43.4,0.028
1/25/2006,43.1,0.02
1/26/2006,35.1,0
1/27/2006,40.7,0
1/28/2006,52.4,0
1/29/2006,48.8,0.102
1/30/2006,56.9,0
1/31/2006,41.6,0.307
2/1/2006,44,0
2/2/2006,48.8,0
2/3/2006,57.6,0.555
2/4/2006,52.7,0.492
2/5/2006,54,0.264
2/6/2006,39,0
2/7/2006,42.2,0
2/8/2006,36.4,0
2/9/2006,34.9,0
2/10/2006,37.3,0
2/11/2006,38.5,0
2/12/2006,30,0
2/13/2006,31.6,0
2/14/2006,36,0
2/15/2006,41.5,0
2/16/2006,42.7,0
2/17/2006,52.8,0.051
2/18/2006,35.3,0
2/19/2006,29.7,0
2/20/2006,35.4,0
2/21/2006,41.2,0
2/22/2006,42.2,0
2/23/2006,45.2,0.02
2/24/2006,37.7,0.016
2/25/2006,44.9,0.012
2/26/2006,29.2,0
2/27/2006,30.2,0
2/28/2006,33.7,0
3/1/2006,39.6,0
3/2/2006,34.8,0.154
3/3/2006,31.2,0
3/4/2006,38.4,0
3/5/2006,45.2,0
3/6/2006,42,0
3/7/2006,42.8,0
3/8/2006,45.4,0
3/9/2006,50.8,0
3/10/2006,69.1,0.012
3/11/2006,59.8,0
3/12/2006,51.7,0.35
3/13/2006,57.8,0
3/14/2006,58,0.114
3/15/2006,44,0
3/16/2006,45.5,0
3/17/2006,44.8,0
3/18/2006,42.8,0
3/19/2006,41.4,0
3/20/2006,39.7,0
3/21/2006,42.8,0
3/22/2006,45.3,0
3/23/2006,51.1,0
3/24/2006,49.9,0
3/25/2006,44.5,0.004
3/26/2006,51.4,0.055
3/27/2006,56.5,0
3/28/2006,52.5,0
3/29/2006,58.9,0
3/30/2006,63.4,0
3/31/2006,65.9,0
4/1/2006,70.6,0.177
4/2/2006,63.7,0
4/3/2006,51.7,0.858
4/4/2006,54.4,0.134
4/5/2006,47,0.075
4/6/2006,51.6,0
4/7/2006,58,0.126
4/8/2006,51.4,0.642
4/9/2006,55.3,0
4/10/2006,57.9,0
4/11/2006,63,0
4/12/2006,62.1,0
4/13/2006,73.4,0.134
4/14/2006,63.8,0.217
4/15/2006,76.1,0.02
4/16/2006,64.2,0
4/17/2006,60.4,0
4/18/2006,68,0
4/19/2006,69.4,0
4/20/2006,77.7,0
4/21/2006,56.4,0
4/22/2006,46.3,0.972
4/23/2006,57.9,2.846
4/24/2006,57.8,0.024
4/25/2006,67.3,0
4/26/2006,56.2,0
4/27/2006,68.1,0
4/28/2006,59.6,0
4/29/2006,60.9,0
4/30/2006,66,0
5/1/2006,66.4,0
5/2/2006,63.6,0
5/3/2006,65.5,0.039
5/4/2006,77.3,0
5/5/2006,76.6,0
5/6/2006,73.2,0
5/7/2006,63.6,0
5/8/2006,61.2,0
5/9/2006,61.2,0
5/10/2006,62.5,0.012
5/11/2006,62.5,0.004
5/12/2006,65.6,1.055
5/13/2006,69.5,0
5/14/2006,62.1,0
5/15/2006,61.5,0.366
5/16/2006,63,0.559
5/17/2006,68.4,0.004
5/18/2006,69.6,0.004
5/19/2006,63.3,0.748
5/20/2006,66.3,0
5/21/2006,67.9,0.039
5/22/2006,63.7,0
5/23/2006,63.6,0
5/24/2006,71,0
5/25/2006,77.1,0.02
5/26/2006,73.2,0.071
5/27/2006,79.6,0.039
5/28/2006,79.6,0
5/29/2006,85.5,0
5/30/2006,82.9,0
5/31/2006,76.3,0
6/1/2006,87.1,0.402
6/2/2006,81.6,0.618
6/3/2006,73.4,0.929
6/4/2006,66.8,0.024
6/5/2006,69.6,0.012
6/6/2006,71.3,0.004
6/7/2006,61.9,1.016
6/8/2006,65.2,0.154
6/9/2006,71.7,0.016
6/10/2006,64.7,0.028
6/11/2006,68.5,0
6/12/2006,72,0
6/13/2006,78,0
6/14/2006,74.7,0.024
6/15/2006,76.2,0
6/16/2006,82.6,0
6/17/2006,83.9,0
6/18/2006,90.2,0
6/19/2006,88.3,0.102
6/20/2006,83.3,0.201
6/21/2006,82.3,0
6/22/2006,86.2,0
6/23/2006,84.6,0.697
6/24/2006,75.4,2.244
6/25/2006,71,1.362
6/26/2006,75.1,0.094
6/27/2006,78,0.031
6/28/2006,82.1,0.657
6/29/2006,81.7,0.028
6/30/2006,79.1,0
7/1/2006,82.3,0
7/2/2006,88.5,0
7/3/2006,85.6,0.083
7/4/2006,86.8,0.063
7/5/2006,76.6,0.126
7/6/2006,76.6,0.598
7/7/2006,78.5,0
7/8/2006,79.6,0
7/9/2006,81.5,0
7/10/2006,80.6,0
7/11/2006,87.2,0
7/12/2006,83.1,0.307
7/13/2006,83,0.185
7/14/2006,83,0
7/15/2006,82.8,0.012
7/16/2006,91,0
7/17/2006,95.8,0
7/18/2006,96.8,0.012
7/19/2006,84.1,0
7/20/2006,80.7,0.126
7/21/2006,87.3,0.146
7/22/2006,80.5,0.669
7/23/2006,75.9,0.004
7/24/2006,82.4,0
7/25/2006,81.7,0
7/26/2006,84.5,0
7/27/2006,86.4,0.008
7/28/2006,89.8,0.248
7/29/2006,90.3,0
7/30/2006,89.5,0
7/31/2006,90.6,0
8/1/2006,97,0
8/2/2006,99.3,0.098
8/3/2006,98.4,0
8/4/2006,88,0.024
8/5/2006,89.8,0
8/6/2006,80.3,0.031
8/7/2006,86.9,0.024
8/8/2006,87.3,0
8/9/2006,82.5,0
8/10/2006,84.7,0
8/11/2006,80.6,0
8/12/2006,80.3,0
8/13/2006,83,0
8/14/2006,87.2,0
8/15/2006,84.1,0.169
8/16/2006,85.4,0
8/17/2006,83.8,0
8/18/2006,80.7,0
8/19/2006,82.8,0.043
8/20/2006,88.5,0.157
8/21/2006,84.5,0
8/22/2006,86.1,0
8/23/2006,86.7,0
8/24/2006,81.4,0.02
8/25/2006,76.7,0.098
8/26/2006,70.4,0.815
8/27/2006,71.5,0.854
8/28/2006,76.6,0.882
8/29/2006,69.1,0.5
8/30/2006,72.5,0.083
8/31/2006,70.2,0
9/1/2006,68,0.118
9/2/2006,66.2,1.508
9/3/2006,75.6,0.106
9/4/2006,73,0
9/5/2006,68.7,0.614
9/6/2006,73.8,0
9/7/2006,76.4,0
9/8/2006,78.7,0
9/9/2006,80.4,0
9/10/2006,71,0
9/11/2006,66.3,0
9/12/2006,66.2,0
9/13/2006,67.9,0
9/14/2006,66.8,0.512
9/15/2006,68.7,0.677
9/16/2006,74.8,0.413
9/17/2006,77.5,0
9/18/2006,78.5,0
9/19/2006,77.6,0.189
9/20/2006,68.7,0
9/21/2006,66.2,0
9/22/2006,68.1,0
9/23/2006,73.2,0.165
9/24/2006,79.1,0.071
9/25/2006,69.2,0
9/26/2006,70.3,0
9/27/2006,69.7,0.012
9/28/2006,70.7,0.004
9/29/2006,64.1,0.213
9/30/2006,64.9,0.012
10/1/2006,66.1,0.331
10/2/2006,66.1,0
10/3/2006,76.7,0
10/4/2006,76.9,0.028
10/5/2006,67.9,0.161
10/6/2006,56.8,0.043
10/7/2006,61.3,0.161
10/8/2006,67.3,0
10/9/2006,75.9,0
10/10/2006,73.2,0
10/11/2006,64.3,1.146
10/12/2006,68.8,0.091
10/13/2006,53.6,0
10/14/2006,57.5,0
10/15/2006,56.2,0
10/16/2006,58.9,0
10/17/2006,60.2,0.567
10/18/2006,71.1,0.122
10/19/2006,66.1,0.024
10/20/2006,64.9,0.319
10/21/2006,56.5,0
10/22/2006,59.3,0
10/23/2006,53.2,0.016
10/24/2006,49.9,0.008
10/25/2006,52.6,0
10/26/2006,49.3,0
10/27/2006,49.3,0.173
10/28/2006,62.5,1.457
10/29/2006,51.4,0
10/30/2006,58.1,0
10/31/2006,66.8,0
11/1/2006,65.5,0.055
11/2/2006,53.4,0.205
11/3/2006,46.7,0
11/4/2006,45.4,0
11/5/2006,48.1,0
11/6/2006,54.3,0
11/7/2006,58.4,0.016
11/8/2006,57.7,1.146
11/9/2006,66.6,0
11/10/2006,59.2,0
11/11/2006,63.4,0
11/12/2006,60.9,0.409
11/13/2006,58.5,0.5
11/14/2006,57.5,0.094
11/15/2006,63.3,0
11/16/2006,66.4,0.693
11/17/2006,63.7,0.055
11/18/2006,50.5,0
11/19/2006,48.9,0
11/20/2006,46.1,0
11/21/2006,44.3,0
11/22/2006,45.7,0.126
11/23/2006,43,1.264
11/24/2006,55.5,0.102
11/25/2006,50.3,0
11/26/2006,55.6,0
11/27/2006,57.7,0
11/28/2006,54.1,0
11/29/2006,56.2,0
11/30/2006,63.6,0
12/1/2006,65.5,0.197
12/2/2006,49.8,0
12/3/2006,44,0
12/4/2006,39.3,0.016
12/5/2006,36.2,0
12/6/2006,45.2,0
12/7/2006,50.7,0
12/8/2006,29.2,0
12/9/2006,37,0
12/10/2006,48.6,0
12/11/2006,53.1,0
12/12/2006,46.7,0
12/13/2006,53.5,0.106
12/14/2006,53.5,0
12/15/2006,51.8,0
12/16/2006,49.2,0
12/17/2006,54.5,0
12/18/2006,58.5,0.031
12/19/2006,44.4,0
12/20/2006,43.2,0
12/21/2006,50.4,0
12/22/2006,48.1,0.299
12/23/2006,57.1,0.795
12/24/2006,50.9,0
12/25/2006,43.3,0.244
12/26/2006,51.8,0.047
12/27/2006,42.6,0
12/28/2006,46.4,0
12/29/2006,45,0
12/30/2006,48.1,0
12/31/2006,41.6,0
1/1/2007,55.3,1.059
1/2/2007,45.9,0
1/3/2007,48.7,0
1/4/2007,53.4,0
1/5/2007,57.9,0.043
1/6/2007,67.4,0.276
1/7/2007,50.5,0.114
1/8/2007,54.3,1.13
1/9/2007,43.4,0
1/10/2007,36.2,0
1/11/2007,35.5,0
1/12/2007,46.8,0
1/13/2007,52.6,0.189
1/14/2007,45.7,0.197
1/15/2007,55.3,0.122
1/16/2007,55.4,0.039
1/17/2007,28.9,0
1/18/2007,38.4,0.11
1/19/2007,42,0.008
1/20/2007,31,0
1/21/2007,28.7,0
1/22/2007,33.7,0
1/23/2007,36.1,0
1/24/2007,39.1,0
1/25/2007,34.3,0
1/26/2007,22.5,0
1/27/2007,39.2,0
1/28/2007,40.7,0.039
1/29/2007,30.1,0
1/30/2007,35.4,0.004
1/31/2007,33.7,0
2/1/2007,36.4,0
2/2/2007,40.4,0.161
2/3/2007,33.6,0
2/4/2007,25.8,0
2/5/2007,20,0
2/6/2007,25.8,0
2/7/2007,26.1,0
2/8/2007,28.7,0
2/9/2007,30.7,0
2/10/2007,33.6,0
2/11/2007,32.6,0
2/12/2007,39.6,0
2/13/2007,28.3,0
2/14/2007,32.2,1.154
2/15/2007,21.1,0
2/16/2007,26.1,0
2/17/2007,33.6,0
2/18/2007,31.9,0
2/19/2007,24.7,0
2/20/2007,50.3,0.012
2/21/2007,48.1,0.098
2/22/2007,43.1,0.134
2/23/2007,36.4,0
2/24/2007,40.3,0
2/25/2007,38.7,0
2/26/2007,33.9,0.008
2/27/2007,39.6,0
2/28/2007,43.2,0
3/1/2007,42.8,0
3/2/2007,53.6,1.654
3/3/2007,54.6,0.012
3/4/2007,38.7,0
3/5/2007,40,0.031
3/6/2007,19.6,0
3/7/2007,25.6,0
3/8/2007,33.7,0
3/9/2007,31.7,0
3/10/2007,53.1,0.067
3/11/2007,49.5,0.142
3/12/2007,53.4,0
3/13/2007,53.8,0
3/14/2007,64.9,0.016
3/15/2007,60.3,0.205
3/16/2007,34.7,1.39
3/17/2007,36.1,0.217
3/18/2007,36.2,0
3/19/2007,38.4,0.031
3/20/2007,45.5,0
3/21/2007,38.2,0
3/22/2007,62.6,0.134
3/23/2007,55.8,0.118
3/24/2007,51.7,0.181
3/25/2007,51.4,0
3/26/2007,49.9,0
3/27/2007,73,0
3/28/2007,60,0
3/29/2007,53.3,0
3/30/2007,63,0
3/31/2007,52.8,0
4/1/2007,48.6,0.154
4/2/2007,54.3,0.043
4/3/2007,61.3,0
4/4/2007,41.8,0.736
4/5/2007,44.5,0
4/6/2007,42.1,0
4/7/2007,41.8,0
4/8/2007,42,0
4/9/2007,47.8,0
4/10/2007,48.1,0
4/11/2007,48.8,0
4/12/2007,49.1,1.201
4/13/2007,50.5,0
4/14/2007,53.8,0
4/15/2007,51,3.469
4/16/2007,52.4,0.319
4/17/2007,47.7,0.091
4/18/2007,47.9,0
4/19/2007,56,0.051
4/20/2007,66,0
4/21/2007,73,0
4/22/2007,70.6,0
4/23/2007,77.2,0
4/24/2007,71.9,0
4/25/2007,63.2,0.276
4/26/2007,56,0.031
4/27/2007,57.2,0.862
4/28/2007,65.7,0.016
4/29/2007,62.5,0.031
4/30/2007,73.4,0.016
5/1/2007,66.3,0.146
5/2/2007,65.1,0.331
5/3/2007,66.1,0
5/4/2007,65.9,0
5/5/2007,67.1,0
5/6/2007,57.6,0.004
5/7/2007,61.7,0
5/8/2007,66.5,0
5/9/2007,76.5,0
5/10/2007,72.4,0.008
5/11/2007,74.5,0.346
5/12/2007,69.1,0.012
5/13/2007,64.5,0.15
5/14/2007,66.3,0
5/15/2007,80.6,0
5/16/2007,81.6,0.437
5/17/2007,64.6,0
5/18/2007,55.8,0.209
5/19/2007,57.3,0.197
5/20/2007,72.5,0.071
5/21/2007,68.6,0
5/22/2007,69.7,0
5/23/2007,70.4,0
5/24/2007,81.4,0
5/25/2007,87.5,0
5/26/2007,85.1,0.004
5/27/2007,80.9,0
5/28/2007,84,0.055
5/29/2007,78.3,0
5/30/2007,81.9,0
5/31/2007,87,0.004
6/1/2007,88.6,0
6/2/2007,87.6,0.063
6/3/2007,76.3,0.378
6/4/2007,67.1,0.496
6/5/2007,80,0
6/6/2007,70.6,0.024
6/7/2007,72.5,0
6/8/2007,79,0
6/9/2007,79.6,0.173
6/10/2007,72.1,0
6/11/2007,82.3,0.012
6/12/2007,82.2,0.118
6/13/2007,67.5,0.197
6/14/2007,65.2,0.004
6/15/2007,70.3,0
6/16/2007,78.5,0
6/17/2007,87.8,0
6/18/2007,83.1,0
6/19/2007,80.5,0
6/20/2007,80.5,0.571
6/21/2007,81.5,0.012
6/22/2007,75,0
6/23/2007,75.1,0
6/24/2007,80.9,0
6/25/2007,79.4,0
6/26/2007,91.2,0
6/27/2007,93,0.059
6/28/2007,91,0.063
6/29/2007,78.6,0.004
6/30/2007,82.6,0
7/1/2007,76.4,0
7/2/2007,75.9,0
7/3/2007,79.8,0
7/4/2007,72.2,0.441
7/5/2007,78.7,0.472
7/6/2007,84.1,0.079
7/7/2007,84.8,0
7/8/2007,90.4,0
7/9/2007,91.6,0
7/10/2007,91.3,0
7/11/2007,85.6,0.079
7/12/2007,83.2,0
7/13/2007,83.2,0
7/14/2007,82.3,0
7/15/2007,89,0
7/16/2007,82.1,0.039
7/17/2007,87,0
7/18/2007,79.6,0.311
7/19/2007,84.1,0.114
7/20/2007,81.3,0.012
7/21/2007,82.5,0
7/22/2007,81.4,0
7/23/2007,73.9,1.295
7/24/2007,80.1,0
7/25/2007,81.5,0
7/26/2007,82.9,0
7/27/2007,81.5,0.039
7/28/2007,84.6,0.071
7/29/2007,83.9,0.5
7/30/2007,85,0.185
7/31/2007,85.3,0
8/1/2007,87.9,0
8/2/2007,91.4,0
8/3/2007,91,0.012
8/4/2007,91.5,0
8/5/2007,83.1,0
8/6/2007,84.7,0.189
8/7/2007,91,0.004
8/8/2007,92.2,0.37
8/9/2007,81.6,0.063
8/10/2007,69.5,0.949
8/11/2007,79.8,0
8/12/2007,84.2,0
8/13/2007,84.6,0
8/14/2007,81,0
8/15/2007,86.4,0
8/16/2007,85.6,0.055
8/17/2007,84.3,0.531
8/18/2007,74.2,0
8/19/2007,76.3,0.374
8/20/2007,67,0.421
8/21/2007,62.5,0.776
8/22/2007,66,0.008
8/23/2007,73.4,0
8/24/2007,81.8,0
8/25/2007,87.3,0
8/26/2007,82.5,0.043
8/27/2007,81.2,0
8/28/2007,81.2,0.004
8/29/2007,81.4,0
8/30/2007,82.6,0
8/31/2007,80.1,0.008
9/1/2007,79,0
9/2/2007,76,0
9/3/2007,83.7,0
9/4/2007,83.9,0
9/5/2007,79.2,0
9/6/2007,79.7,0
9/7/2007,86.2,0
9/8/2007,88,0
9/9/2007,83.4,0
9/10/2007,81.7,0.075
9/11/2007,75.6,0.654
9/12/2007,74.3,0
9/13/2007,73.6,0
9/14/2007,72.4,0.004
9/15/2007,69,0.118
9/16/2007,64.7,0
9/17/2007,66.9,0
9/18/2007,68.7,0
9/19/2007,72.5,0
9/20/2007,80.5,0
9/21/2007,80.7,0
9/22/2007,76.9,0.02
9/23/2007,80.5,0
9/24/2007,78.2,0
9/25/2007,85.7,0
9/26/2007,88,0
9/27/2007,82.4,0
9/28/2007,75.7,0.004
9/29/2007,75.3,0
9/30/2007,71.7,0
10/1/2007,67.6,0
10/2/2007,73.2,0.012
10/3/2007,77.1,0.035
10/4/2007,82.7,0
10/5/2007,81.1,0
10/6/2007,83.8,0
10/7/2007,79.9,0.004
10/8/2007,87.9,0
10/9/2007,75,0.035
10/10/2007,72.6,0.264
10/11/2007,68.6,0.638
10/12/2007,60.5,0.055
10/13/2007,60.1,0
10/14/2007,63.1,0
10/15/2007,65.9,0
10/16/2007,67.8,0
10/17/2007,72.2,0
10/18/2007,76.2,0.004
10/19/2007,72.2,0.516
10/20/2007,70,0.016
10/21/2007,72.7,0
10/22/2007,74.1,0
10/23/2007,75.8,0
10/24/2007,72.1,0.311
10/25/2007,55.3,0.22
10/26/2007,59.6,0.213
10/27/2007,67.7,0.811
10/28/2007,55.5,0
10/29/2007,52.4,0
10/30/2007,60.7,0
10/31/2007,61.8,0
11/1/2007,65,0
11/2/2007,54.4,0
11/3/2007,50.1,0.083
11/4/2007,56.6,0
11/5/2007,56.2,0
11/6/2007,56,0.323
11/7/2007,50.1,0
11/8/2007,44.3,0
11/9/2007,48.1,0.264
11/10/2007,46.3,0.315
11/11/2007,45.5,0
11/12/2007,47.6,0.028
11/13/2007,58.6,0.087
11/14/2007,56.7,0
11/15/2007,58.6,0.358
11/16/2007,45.8,0
11/17/2007,46.6,0
11/18/2007,44.3,0
11/19/2007,43.9,0.146
11/20/2007,47.1,0.106
11/21/2007,55.1,0
11/22/2007,65.5,0.012
11/23/2007,41,0
11/24/2007,37.3,0
11/25/2007,46.7,0
11/26/2007,60.2,0.571
11/27/2007,60.6,0.11
11/28/2007,43.8,0
11/29/2007,49.8,0
11/30/2007,41.9,0
12/1/2007,36.4,0
12/2/2007,41.7,0.094
12/3/2007,45.3,0.335
12/4/2007,33.7,0
12/5/2007,32.2,0
12/6/2007,32.9,0
12/7/2007,36,0
12/8/2007,45.4,0
12/9/2007,36.6,0.331
12/10/2007,40.2,0.307
12/11/2007,46.3,0.028
12/12/2007,52.2,0.024
12/13/2007,34.6,0.409
12/14/2007,41.5,0
12/15/2007,32,0
12/16/2007,44.8,0.787
12/17/2007,32.1,0
12/18/2007,37.4,0
12/19/2007,42.8,0.016
12/20/2007,43.1,0
12/21/2007,39.2,0.02
12/22/2007,42.7,0
12/23/2007,55,0.882
12/24/2007,47.1,0
12/25/2007,43.5,0
12/26/2007,38.2,0.236
12/27/2007,38.2,0
12/28/2007,46.3,0.02
12/29/2007,51.2,0.567
12/30/2007,41,0.189
12/31/2007,44.5,0.228
1/1/2008,45.6,0.079
1/2/2008,33.7,0
1/3/2008,21,0
1/4/2008,35.4,0
1/5/2008,41,0.016
1/6/2008,45.3,0.028
1/7/2008,56.7,0
1/8/2008,59.7,0
1/9/2008,58.4,0.063
1/10/2008,46.6,0
1/11/2008,56,0.591
1/12/2008,47.5,0
1/13/2008,43.6,0.122
1/14/2008,37.6,0.197
1/15/2008,37.6,0.024
1/16/2008,38.4,0
1/17/2008,38,0.098
1/18/2008,45.8,0.13
1/19/2008,37.3,0
1/20/2008,31.9,0
1/21/2008,26.8,0
1/22/2008,39.1,0.031
1/23/2008,39.3,0
1/24/2008,34,0
1/25/2008,32.8,0
1/26/2008,32.1,0
1/27/2008,36.8,0
1/28/2008,40.5,0
1/29/2008,39.2,0
1/30/2008,45.4,0.118
1/31/2008,37.3,0
2/1/2008,51.8,0.969
2/2/2008,46.1,0
2/3/2008,47.2,0
2/4/2008,39.7,0.083
2/5/2008,51.4,0.213
2/6/2008,62.4,0.402
2/7/2008,48.1,0.075
2/8/2008,45.7,0
2/9/2008,41.8,0.047
2/10/2008,43.5,0.02
2/11/2008,25.6,0
2/12/2008,31.9,0.059
2/13/2008,49.3,2.063
2/14/2008,40.1,0.024
2/15/2008,48.1,0
2/16/2008,34.1,0
2/17/2008,48.5,0.201
2/18/2008,59.2,0.748
2/19/2008,40.8,0
2/20/2008,34.2,0
2/21/2008,32.8,0
2/22/2008,33.7,0.134
2/23/2008,34.1,0
2/24/2008,35.3,0
2/25/2008,42.5,0
2/26/2008,45.1,0.488
2/27/2008,40.8,0
2/28/2008,28.3,0
2/29/2008,34.6,0.008
3/1/2008,44.8,0.146
3/2/2008,42.1,0
3/3/2008,52.4,0
3/4/2008,60.7,0.11
3/5/2008,52.9,0.772
3/6/2008,45.8,0
3/7/2008,49.3,0.587
3/8/2008,57,1.185
3/9/2008,41.8,0
3/10/2008,45.9,0
3/11/2008,45.6,0.012
3/12/2008,48,0
3/13/2008,42.8,0
3/14/2008,54.2,0.031
3/15/2008,52.8,0.098
3/16/2008,46.4,0.039
3/17/2008,46.3,0
3/18/2008,42.7,0.012
3/19/2008,54.3,0.894
3/20/2008,56.6,0.24
3/21/2008,44,0
3/22/2008,48.3,0
3/23/2008,46,0
3/24/2008,46.1,0
3/25/2008,44.4,0.008
3/26/2008,58.7,0
3/27/2008,48.2,0.043
3/28/2008,48.7,0.071
3/29/2008,44.8,0
3/30/2008,44.1,0
3/31/2008,51.3,0.091
4/1/2008,64,0.134
4/2/2008,49.4,0
4/3/2008,48.5,0.016
4/4/2008,53.2,0.571
4/5/2008,59.1,0.047
4/6/2008,49.6,0
4/7/2008,47.5,0
4/8/2008,53.6,0
4/9/2008,55.3,0
4/10/2008,70.5,0
4/11/2008,54.4,0.11
4/12/2008,71.4,0.122
4/13/2008,54.9,0.016
4/14/2008,53.6,0
4/15/2008,56.5,0
4/16/2008,61.3,0
4/17/2008,68.7,0
4/18/2008,76.5,0
4/19/2008,67.5,0
4/20/2008,62,0
4/21/2008,62.5,0
4/22/2008,66.4,0
4/23/2008,74.6,0
4/24/2008,74.4,0
4/25/2008,68,0
4/26/2008,58.6,0
4/27/2008,54,0.039
4/28/2008,58.9,1.295
4/29/2008,57.9,0.071
4/30/2008,54.2,0
5/1/2008,56.8,0.031
5/2/2008,60.4,0.098
5/3/2008,57.1,0.067
5/4/2008,67,0.098
5/5/2008,67.4,0
5/6/2008,73.6,0
5/7/2008,70.6,0.008
5/8/2008,70.4,0.291
5/9/2008,58,1.126
5/10/2008,62.9,0
5/11/2008,58.9,0
5/12/2008,51.1,0.37
5/13/2008,67.4,0
5/14/2008,68.4,0
5/15/2008,69.9,0.035
5/16/2008,57.5,0.677
5/17/2008,70.4,0.094
5/18/2008,64.5,0.118
5/19/2008,58.8,0.008
5/20/2008,55.4,0.323
5/21/2008,65.6,0.008
5/22/2008,60.2,0.063
5/23/2008,66.3,0
5/24/2008,67.9,0
5/25/2008,73.4,0
5/26/2008,74.4,0
5/27/2008,80.8,0.402
5/28/2008,66,0
5/29/2008,73.7,0
5/30/2008,77,0
5/31/2008,74.7,0.094
6/1/2008,80.2,0
6/2/2008,78.4,0
6/3/2008,82.1,0
6/4/2008,71.3,1.76
6/5/2008,73.8,0.528
6/6/2008,71.5,0.004
6/7/2008,90.2,0
6/8/2008,91,0
6/9/2008,93.9,0
6/10/2008,92.3,0.063
6/11/2008,84.3,0.028
6/12/2008,82.1,0
6/13/2008,79.1,0
6/14/2008,87.1,0.071
6/15/2008,81.2,0.079
6/16/2008,78.4,0.138
6/17/2008,76.4,0
6/18/2008,74.2,0.075
6/19/2008,73.3,0
6/20/2008,77.8,0
6/21/2008,81.2,0
6/22/2008,79.6,0.138
6/23/2008,78.1,0.232
6/24/2008,78,0.157
6/25/2008,81.6,0
6/26/2008,79.3,0.232
6/27/2008,85.9,0.024
6/28/2008,87.2,0
6/29/2008,84.8,0.012
6/30/2008,84.6,0
7/1/2008,84.9,0.024
7/2/2008,84.6,0
7/3/2008,90.1,0
7/4/2008,81,0.165
7/5/2008,76.9,0.402
7/6/2008,78.4,0.004
7/7/2008,81.1,0.012
7/8/2008,87.4,0
7/9/2008,86.8,0.087
7/10/2008,85.4,0
7/11/2008,84.4,0
7/12/2008,83.4,0
7/13/2008,83,0
7/14/2008,81.5,0.118
7/15/2008,87.4,0
7/16/2008,88.9,0
7/17/2008,92.5,0
7/18/2008,94.7,0
7/19/2008,95.3,0.047
7/20/2008,92.5,0.016
7/21/2008,90.9,0
7/22/2008,88,0.134
7/23/2008,80.4,0.685
7/24/2008,80,0.921
7/25/2008,83.9,0
7/26/2008,83.3,0
7/27/2008,81.4,0.15
7/28/2008,84.1,0
7/29/2008,87.2,0
7/30/2008,84.9,0.039
7/31/2008,89.1,0.067
8/1/2008,86.9,0
8/2/2008,82,0.169
8/3/2008,81.9,0
8/4/2008,83.2,0.004
8/5/2008,84.8,0
8/6/2008,86.3,0.244
8/7/2008,83.4,0.008
8/8/2008,78.8,0.197
8/9/2008,78.8,0
8/10/2008,81.7,0.709
8/11/2008,73.3,0.413
8/12/2008,78.1,0.024
8/13/2008,78.6,0
8/14/2008,81.6,0.268
8/15/2008,78,0.319
8/16/2008,79.5,0.031
8/17/2008,82.4,0
8/18/2008,85.7,0
8/19/2008,81.4,0.051
8/20/2008,76.2,0
8/21/2008,78.2,0
8/22/2008,79,0
8/23/2008,78.3,0
8/24/2008,79.6,0.004
8/25/2008,83.4,0.051
8/26/2008,79.2,0
8/27/2008,76,0
8/28/2008,80.5,0
8/29/2008,77.3,0.173
8/30/2008,81.9,0.217
8/31/2008,83.2,0
9/1/2008,84.1,0
9/2/2008,85.6,0
9/3/2008,82.7,0.031
9/4/2008,89.2,0
9/5/2008,84.2,0.098
9/6/2008,81.1,1.933
9/7/2008,78.8,0.008
9/8/2008,79.2,0
9/9/2008,75.1,0.075
9/10/2008,71.1,0
9/11/2008,69.7,0
9/12/2008,68.8,0.772
9/13/2008,77.4,0.016
9/14/2008,84.8,0.043
9/15/2008,80.3,0
9/16/2008,69.6,0
9/17/2008,71.8,0
9/18/2008,72.2,0
9/19/2008,63.5,0
9/20/2008,66.7,0
9/21/2008,77.8,0
9/22/2008,72.1,0
9/23/2008,68.8,0
9/24/2008,68.6,0
9/25/2008,65.5,0.098
9/26/2008,64.6,1.791
9/27/2008,68,1.063
9/28/2008,73.4,0.413
9/29/2008,72.4,0.043
9/30/2008,69.7,0
10/1/2008,70.1,0.031
10/2/2008,62.9,0
10/3/2008,65.2,0
10/4/2008,62,0
10/5/2008,62.3,0.165
10/6/2008,60.7,0
10/7/2008,62,0
10/8/2008,63.8,0.008
10/9/2008,73.2,0.193
10/10/2008,70.6,0
10/11/2008,67.1,0
10/12/2008,67.6,0
10/13/2008,73.7,0
10/14/2008,69,0
10/15/2008,68.9,0
10/16/2008,76.8,0.016
10/17/2008,59.9,0
10/18/2008,55.8,0
10/19/2008,54.2,0
10/20/2008,60.2,0
10/21/2008,61.1,0
10/22/2008,51.6,0
10/23/2008,52.4,0
10/24/2008,55.1,0
10/25/2008,64.2,0.909
10/26/2008,61.5,0.142
10/27/2008,61.6,0
10/28/2008,49,2.339
10/29/2008,46.6,0.016
10/30/2008,48,0
10/31/2008,58.8,0
11/1/2008,63.6,0
11/2/2008,48.3,0
11/3/2008,58.8,0
11/4/2008,60.8,0
11/5/2008,60.8,0.142
11/6/2008,59.8,0.047
11/7/2008,62.5,0
11/8/2008,61.2,0.248
11/9/2008,55.3,0.008
11/10/2008,49.7,0
11/11/2008,49.2,0
11/12/2008,49,0
11/13/2008,56.8,0.28
11/14/2008,61.7,0.008
11/15/2008,64.2,0.882
11/16/2008,59.4,0.079
11/17/2008,45.6,0
11/18/2008,40.6,0
11/19/2008,35.1,0
11/20/2008,37.7,0
11/21/2008,36.7,0
11/22/2008,31.7,0
11/23/2008,36.1,0
11/24/2008,47.3,0.016
11/25/2008,46.1,0.583
11/26/2008,45.1,0
11/27/2008,43,0
11/28/2008,46.8,0
11/29/2008,43.9,0
11/30/2008,47,0.52
12/1/2008,54.6,0.161
12/2/2008,45.3,0
12/3/2008,41.1,0
12/4/2008,48.6,0.039
12/5/2008,39.1,0
12/6/2008,35.4,0.008
12/7/2008,36.3,0.008
12/8/2008,29.1,0
12/9/2008,51.4,0.008
12/10/2008,58.3,0.669
12/11/2008,39.1,1.386
12/12/2008,52.6,1.236
12/13/2008,32.6,0
12/14/2008,42.6,0
12/15/2008,60.3,0.024
12/16/2008,54.8,0.201
12/17/2008,43.6,0.28
12/18/2008,41.3,0
12/19/2008,34.6,0.181
12/20/2008,31.1,0.012
12/21/2008,42.7,0.35
12/22/2008,22.6,0
12/23/2008,28.4,0
12/24/2008,52.5,0.457
12/25/2008,53.3,0.083
12/26/2008,38.9,0.035
12/27/2008,48.2,0.016
12/28/2008,62.5,0.004
12/29/2008,43.6,0
12/30/2008,40.9,0
12/31/2008,38,0.039
1/1/2009,26.5,0
1/2/2009,32.8,0
1/3/2009,37.6,0
1/4/2009,40,0
1/5/2009,43.4,0
1/6/2009,34.2,0.039
1/7/2009,40.3,1.343
1/8/2009,37.8,0
1/9/2009,33.5,0
1/10/2009,29.4,0.012
1/11/2009,32.8,0.138
1/12/2009,31,0
1/13/2009,38,0
1/14/2009,31.6,0
1/15/2009,20.8,0
1/16/2009,16,0
1/17/2009,18.6,0
1/18/2009,33.5,0.008
1/19/2009,32.8,0
1/20/2009,26.9,0
1/21/2009,24.7,0
1/22/2009,34.8,0
1/23/2009,40.5,0
1/24/2009,38,0
1/25/2009,27.2,0
1/26/2009,28.5,0
1/27/2009,29.5,0
1/28/2009,42.2,0.606
1/29/2009,32.2,0
1/30/2009,35.5,0
1/31/2009,25.6,0
2/1/2009,47.1,0
2/2/2009,50.6,0
2/3/2009,34.1,0
2/4/2009,26.9,0
2/5/2009,20.9,0
2/6/2009,30.4,0
2/7/2009,45.4,0
2/8/2009,53.3,0
2/9/2009,45,0
2/10/2009,47.1,0
2/11/2009,58.9,0
2/12/2009,52.6,0.087
2/13/2009,41.5,0
2/14/2009,41.8,0
2/15/2009,41.2,0
2/16/2009,39.6,0
2/17/2009,39,0
2/18/2009,41.5,0.402
2/19/2009,47.1,0.024
2/20/2009,33.7,0
2/21/2009,40,0
2/22/2009,44.2,0.157
2/23/2009,34.1,0
2/24/2009,36.4,0
2/25/2009,38.8,0
2/26/2009,47.1,0
2/27/2009,57.6,0.217
2/28/2009,49.9,0.02
3/1/2009,35.4,0
3/2/2009,29.8,0
3/3/2009,23.4,0
3/4/2009,30.1,0
3/5/2009,35.5,0
3/6/2009,47.1,0.016
3/7/2009,64.8,0
3/8/2009,61.2,0.142
3/9/2009,45,0.346
3/10/2009,44,0.004
3/11/2009,57.5,0.055
3/12/2009,41.4,0
3/13/2009,36.9,0
3/14/2009,47.2,0
3/15/2009,49.9,0
3/16/2009,47.6,0
3/17/2009,50,0
3/18/2009,58.8,0
3/19/2009,46.1,0.102
3/20/2009,43.5,0.004
3/21/2009,44.8,0
3/22/2009,53,0
3/23/2009,41.8,0
3/24/2009,45.9,0
3/25/2009,48.8,0
3/26/2009,45,0.205
3/27/2009,61,0
3/28/2009,55.7,0.055
3/29/2009,53.9,0.803
3/30/2009,52.9,0
3/31/2009,56.6,0
4/1/2009,48.1,0.071
4/2/2009,60.6,0.028
4/3/2009,59,0.469
4/4/2009,53.8,0
4/5/2009,62.4,0
4/6/2009,53.5,0.362
4/7/2009,47.6,0.004
4/8/2009,48.1,0.012
4/9/2009,58,0
4/10/2009,56.6,0.063
4/11/2009,46.8,0.528
4/12/2009,46.9,0
4/13/2009,54.5,0
4/14/2009,45.8,0.232
4/15/2009,54.6,0.016
4/16/2009,58.6,0
4/17/2009,66.1,0
4/18/2009,74.6,0
4/19/2009,58,0
4/20/2009,49.4,0.594
4/21/2009,59.1,0.087
4/22/2009,54.7,0.134
4/23/2009,56.6,0.02
4/24/2009,66.5,0
4/25/2009,80.5,0
4/26/2009,84.2,0
4/27/2009,76.7,0
4/28/2009,85.1,0
4/29/2009,63.2,0.047
4/30/2009,57.5,0
5/1/2009,69.1,0.378
5/2/2009,64.8,0.13
5/3/2009,57.3,0.409
5/4/2009,57.1,0.512
5/5/2009,54.6,0.228
5/6/2009,60.8,0.362
5/7/2009,71.6,0.551
5/8/2009,69.3,0
5/9/2009,75.4,0.244
5/10/2009,66.6,0
5/11/2009,63.3,0
5/12/2009,64.6,0
5/13/2009,64.5,0
5/14/2009,67,0.228
5/15/2009,73,0.024
5/16/2009,67.9,0.031
5/17/2009,65.2,0.248
5/18/2009,56.2,0
5/19/2009,65.1,0
5/20/2009,77.8,0
5/21/2009,80.2,0
5/22/2009,83.2,0
5/23/2009,70.5,0
5/24/2009,82,0.15
5/25/2009,78.3,0
5/26/2009,62.2,0.157
5/27/2009,65.9,0.067
5/28/2009,62.4,0.024
5/29/2009,71.3,0.126
5/30/2009,75.8,0.012
5/31/2009,78.5,0
6/1/2009,70.6,0
6/2/2009,78.9,0.031
6/3/2009,73.3,0.362
6/4/2009,69.4,0.433
6/5/2009,59.8,0.571
6/6/2009,74.3,0
6/7/2009,78.1,0
6/8/2009,74.8,0.079
6/9/2009,73.4,0.35
6/10/2009,69.9,0
6/11/2009,66.1,0.224
6/12/2009,77.2,0.421
6/13/2009,73.1,0.047
6/14/2009,72.6,0.059
6/15/2009,67.1,0.205
6/16/2009,66.6,0.008
6/17/2009,67.6,0
6/18/2009,64.8,1.665
6/19/2009,76.9,0.031
6/20/2009,72.5,1.043
6/21/2009,75.7,0.386
6/22/2009,73.4,0.02
6/23/2009,76,0.031
6/24/2009,74.4,0.189
6/25/2009,76.8,0
6/26/2009,84.9,0.122
6/27/2009,78.9,0.043
6/28/2009,77.4,0
6/29/2009,79.4,0.004
6/30/2009,81.1,0
7/1/2009,78.4,0.165
7/2/2009,77.8,0.303
7/3/2009,78,0.083
7/4/2009,77.8,0
7/5/2009,77.9,0
7/6/2009,80.3,0
7/7/2009,79.6,0.276
7/8/2009,75.1,0
7/9/2009,70,0
7/10/2009,74,0
7/11/2009,76.7,0.028
7/12/2009,81.2,0.098
7/13/2009,78,0.008
7/14/2009,79.7,0
7/15/2009,82.8,0
7/16/2009,84.7,0.035
7/17/2009,85.9,0.362
7/18/2009,81.8,0.22
7/19/2009,79.8,0
7/20/2009,79,0.024
7/21/2009,71,1.291
7/22/2009,79.9,0.008
7/23/2009,75.2,1.252
7/24/2009,77.3,0.043
7/25/2009,80.9,0.012
7/26/2009,83.5,0.28
7/27/2009,81.8,0.051
7/28/2009,83.2,0.012
7/29/2009,81.7,0.157
7/30/2009,84.9,0.146
7/31/2009,84.9,1.315
8/1/2009,81.4,0
8/2/2009,77,0.264
8/3/2009,81,0.016
8/4/2009,83.9,0
8/5/2009,85.4,0.13
8/6/2009,76.4,0
8/7/2009,77.9,0
8/8/2009,76.6,0
8/9/2009,78,0.11
8/10/2009,90,0.134
8/11/2009,87,0
8/12/2009,78.8,0.264
8/13/2009,73.6,0.299
8/14/2009,82.1,0.008
8/15/2009,84.4,0
8/16/2009,87.7,0
8/17/2009,90.4,0
8/18/2009,88.9,0
8/19/2009,88.7,0.012
8/20/2009,86.6,0.008
8/21/2009,88.8,0.205
8/22/2009,80.7,0.795
8/23/2009,81.9,0.291
8/24/2009,82.1,0
8/25/2009,82.3,0
8/26/2009,85.7,0.035
8/27/2009,76.5,0.043
8/28/2009,69.5,1.272
8/29/2009,72.3,1.311
8/30/2009,79.6,0.039
8/31/2009,70.7,0
9/1/2009,71.2,0
9/2/2009,73.5,0
9/3/2009,74.9,0
9/4/2009,79.8,0
9/5/2009,80.1,0
9/6/2009,72.4,0
9/7/2009,71.4,0
9/8/2009,74.9,0
9/9/2009,74.1,0
9/10/2009,67.1,0.118
9/11/2009,65.2,0.815
9/12/2009,70.3,0.122
9/13/2009,78.6,0
9/14/2009,77.3,0
9/15/2009,76.6,0
9/16/2009,67.4,0.063
9/17/2009,63.7,0.043
9/18/2009,73.6,0
9/19/2009,68,0
9/20/2009,70.9,0
9/21/2009,71.7,0
9/22/2009,73.4,0
9/23/2009,77.4,0.047
9/24/2009,80,0.079
9/25/2009,68.8,0
9/26/2009,61.6,0.016
9/27/2009,68.9,0.638
9/28/2009,73.1,0.055
9/29/2009,66.4,0
9/30/2009,59.4,0
10/1/2009,56.4,0
10/2/2009,64.3,0.024
10/3/2009,66.9,0.323
10/4/2009,71,0.012
10/5/2009,65.2,0
10/6/2009,64.9,0
10/7/2009,66.6,0.244
10/8/2009,64.1,0
10/9/2009,69.8,0.094
10/10/2009,63.7,0.102
10/11/2009,63.1,0
10/12/2009,53.4,0
10/13/2009,62.2,0
10/14/2009,52.8,0
10/15/2009,47.4,0.768
10/16/2009,46.5,0.13
10/17/2009,50.2,0.075
10/18/2009,45,1.146
10/19/2009,54.7,0
10/20/2009,63.4,0
10/21/2009,65.3,0
10/22/2009,69.8,0
10/23/2009,58,0.091
10/24/2009,67.1,1.122
10/25/2009,60.6,0.031
10/26/2009,58,0
10/27/2009,55.3,0.886
10/28/2009,55.8,1.079
10/29/2009,55.7,0
10/30/2009,55.7,0
10/31/2009,69.2,0.154
11/1/2009,56,0.307
11/2/2009,51.8,0
11/3/2009,58.6,0
11/4/2009,49.7,0
11/5/2009,51.1,0.016
11/6/2009,48.1,0
11/7/2009,49.9,0
11/8/2009,65.2,0
11/9/2009,63.3,0
11/10/2009,62.8,0
11/11/2009,53.3,0
11/12/2009,48.3,0.134
11/13/2009,52.7,1.094
11/14/2009,58.1,0.5
11/15/2009,64.6,0.008
11/16/2009,57.4,0
11/17/2009,52.7,0
11/18/2009,51.6,0
11/19/2009,58.7,0.024
11/20/2009,58.2,0.811
11/21/2009,55.4,0
11/22/2009,52.7,0
11/23/2009,49.7,0.004
11/24/2009,54.9,0.047
11/25/2009,51.8,0.028
11/26/2009,54.8,0
11/27/2009,48.8,0.012
11/28/2009,49.7,0
11/29/2009,53.8,0
11/30/2009,52.8,0.244
12/1/2009,45.8,0
12/2/2009,53.9,0.189
12/3/2009,61.4,0.878
12/4/2009,50.8,0
12/5/2009,42.3,0.571
12/6/2009,39.8,0.008
12/7/2009,39.3,0
12/8/2009,42.6,0
12/9/2009,52.5,1.594
12/10/2009,42.8,0
12/11/2009,29.7,0
12/12/2009,35.8,0
12/13/2009,49.4,0.693
12/14/2009,44.7,0
12/15/2009,50.7,0
12/16/2009,38,0
12/17/2009,30.5,0
12/18/2009,31,0
12/19/2009,28.5,0
12/20/2009,28.8,0
12/21/2009,33.5,0
12/22/2009,33.7,0
12/23/2009,28,0
12/24/2009,34.9,0
12/25/2009,38,0.11
12/26/2009,51.5,0.74
12/27/2009,53.7,0.5
12/28/2009,40,0
12/29/2009,30,0
12/30/2009,31.5,0
12/31/2009,34,0.024
1/1/2010,40.2,0.024
1/2/2010,31.2,0
1/3/2010,22.6,0
1/4/2010,30.1,0
1/5/2010,31,0
1/6/2010,34.4,0
1/7/2010,38.7,0
1/8/2010,35.1,0
1/9/2010,28.5,0
1/10/2010,29.2,0
1/11/2010,33.4,0
1/12/2010,36,0
1/13/2010,35.8,0
1/14/2010,39.2,0
1/15/2010,46.9,0
1/16/2010,46.9,0
1/17/2010,40.3,0.382
1/18/2010,48.1,0.071
1/19/2010,47.2,0
1/20/2010,41.6,0
1/21/2010,39.9,0
1/22/2010,42.7,0
1/23/2010,38.6,0
1/24/2010,48,0
1/25/2010,54.9,1.138
1/26/2010,42.1,0.059
1/27/2010,39.5,0
1/28/2010,40.9,0
1/29/2010,24.7,0
1/30/2010,22.2,0
1/31/2010,30.8,0
2/1/2010,35.5,0
2/2/2010,33.9,0
2/3/2010,40.1,0
2/4/2010,36.3,0
2/5/2010,37,0
2/6/2010,30.3,0
2/7/2010,32,0
2/8/2010,34.5,0
2/9/2010,38.2,0
2/10/2010,33.7,0.008
2/11/2010,34.6,0
2/12/2010,33.5,0
2/13/2010,30.7,0
2/14/2010,36.5,0
2/15/2010,36.1,0.008
2/16/2010,33.7,0.067
2/17/2010,34.5,0
2/18/2010,38.7,0
2/19/2010,41,0
2/20/2010,44,0
2/21/2010,41.8,0
2/22/2010,40,0
2/23/2010,37.6,0.378
2/24/2010,39.3,0.465
2/25/2010,35.4,0.429
2/26/2010,32.3,0.004
2/27/2010,36.4,0
2/28/2010,38.1,0
3/1/2010,43.5,0
3/2/2010,42.1,0.031
3/3/2010,39.6,0.087
3/4/2010,42.9,0
3/5/2010,42.6,0
3/6/2010,46.4,0
3/7/2010,50.2,0
3/8/2010,55.4,0
3/9/2010,55.7,0
3/10/2010,50.7,0
3/11/2010,53.5,0.004
3/12/2010,44.1,0.406
3/13/2010,46.1,2.701
3/14/2010,48.1,0.228
3/15/2010,44.5,0.276
3/16/2010,59.4,0.004
3/17/2010,61.8,0
3/18/2010,64.3,0
3/19/2010,67,0
3/20/2010,68.8,0
3/21/2010,61.1,0
3/22/2010,56.5,0.622
3/23/2010,55.4,0.539
3/24/2010,58.6,0
3/25/2010,60.8,0
3/26/2010,53.3,0.26
3/27/2010,41.3,0
3/28/2010,47.1,0.15
3/29/2010,52.3,2.728
3/30/2010,48.4,2.543
3/31/2010,55,0.028
4/1/2010,65.2,0
4/2/2010,61.6,0
4/3/2010,60.4,0
4/4/2010,71.8,0
4/5/2010,67.1,0
4/6/2010,68.8,0.02
4/7/2010,84.7,0
4/8/2010,77.3,0
4/9/2010,61.4,0.433
4/10/2010,59,0
4/11/2010,72.1,0.039
4/12/2010,63.6,0
4/13/2010,54.7,0.004
4/14/2010,63.1,0
4/15/2010,69.6,0
4/16/2010,56.1,0.122
4/17/2010,53.8,0.063
4/18/2010,55.3,0
4/19/2010,59.4,0
4/20/2010,65.3,0
4/21/2010,66,0.039
4/22/2010,69.5,0.051
4/23/2010,65.3,0
4/24/2010,64.9,0
4/25/2010,52.1,0.862
4/26/2010,52.3,0.354
4/27/2010,58.2,0.055
4/28/2010,55.3,0.008
4/29/2010,65.8,0
4/30/2010,74.2,0
5/1/2010,82.2,0
5/2/2010,86.8,0
5/3/2010,77.8,0.276
5/4/2010,79.3,0
5/5/2010,76.4,0
5/6/2010,77.7,0.004
5/7/2010,71.3,0
5/8/2010,77.6,0.035
5/9/2010,54.1,0
5/10/2010,59.5,0
5/11/2010,57.2,0.016
5/12/2010,49.7,0.476
5/13/2010,65.8,0
5/14/2010,80.5,0.094
5/15/2010,71.5,0
5/16/2010,69.7,0
5/17/2010,73.3,0
5/18/2010,58,0.528
5/19/2010,63.2,0
5/20/2010,77.7,0
5/21/2010,81.3,0
5/22/2010,71,0
5/23/2010,72.2,0.012
5/24/2010,72.2,0.035
5/25/2010,79.4,0
5/26/2010,93.3,0
5/27/2010,75.2,0
5/28/2010,73,0
5/29/2010,76,0
5/30/2010,85.4,0
5/31/2010,85.8,0
6/1/2010,86.1,0.268
6/2/2010,83.3,0
6/3/2010,87.7,0.146
6/4/2010,86.5,0
6/5/2010,89.2,0
6/6/2010,91.8,0.063
6/7/2010,74.7,0
6/8/2010,72.7,0
6/9/2010,70.2,0.776
6/10/2010,77.2,0.134
6/11/2010,70.4,0
6/12/2010,77.7,0
6/13/2010,78,0.102
6/14/2010,76.9,0.008
6/15/2010,79,0
6/16/2010,76.5,0.024
6/17/2010,75.1,0
6/18/2010,84.5,0
6/19/2010,81.4,0
6/20/2010,90.6,0.008
6/21/2010,89.8,0
6/22/2010,86.6,0.252
6/23/2010,90.9,0.012
6/24/2010,94.8,0.024
6/25/2010,87.1,0
6/26/2010,91.2,0
6/27/2010,91.7,0
6/28/2010,96.5,0.071
6/29/2010,90.9,0
6/30/2010,81.3,0
7/1/2010,78.2,0
7/2/2010,81.5,0
7/3/2010,89.9,0
7/4/2010,98.5,0
7/5/2010,99.5,0
7/6/2010,102.6,0
7/7/2010,99.9,0
7/8/2010,85.4,0.043
7/9/2010,86.3,0.004
7/10/2010,82.4,0.138
7/11/2010,89.6,0.035
7/12/2010,91.6,0.028
7/13/2010,82.4,0.516
7/14/2010,76.8,0.76
7/15/2010,82.4,0.024
7/16/2010,88.9,0
7/17/2010,90.4,0
7/18/2010,90.8,0
7/19/2010,92.4,0.11
7/20/2010,87.7,0
7/21/2010,91,0.059
7/22/2010,87.2,0
7/23/2010,85.5,0.024
7/24/2010,94.8,0.016
7/25/2010,88.8,0.457
7/26/2010,84.4,0
7/27/2010,89,0
7/28/2010,86.8,0.004
7/29/2010,87.1,0.067
7/30/2010,82.2,0
7/31/2010,82.6,0
8/1/2010,81.2,0.071
8/2/2010,81.1,0
8/3/2010,84.3,0
8/4/2010,88.7,0.008
8/5/2010,93,0.008
8/6/2010,87.7,0
8/7/2010,85,0.004
8/8/2010,86.3,0.004
8/9/2010,92.8,0
8/10/2010,90.8,0.059
8/11/2010,91.5,0
8/12/2010,80,0.079
8/13/2010,81.1,0.004
8/14/2010,79.6,0
8/15/2010,80.6,0.354
8/16/2010,85.2,0.051
8/17/2010,87.5,0.071
8/18/2010,79.5,0.008
8/19/2010,86.4,0
8/20/2010,88.2,0
8/21/2010,83.1,0.004
8/22/2010,76.7,1.272
8/23/2010,72.2,0.13
8/24/2010,68,0.039
8/25/2010,72.1,0.217
8/26/2010,79.8,0
8/27/2010,76.9,0
8/28/2010,80.4,0
8/29/2010,91.2,0
8/30/2010,90.4,0
8/31/2010,94.4,0
9/1/2010,93.9,0
9/2/2010,92.2,0
9/3/2010,83.2,0.083
9/4/2010,81.8,0
9/5/2010,76.5,0
9/6/2010,79.5,0
9/7/2010,86.8,0
9/8/2010,89.1,0.008
9/9/2010,71.6,0
9/10/2010,72.4,0.004
9/11/2010,79.3,0
9/12/2010,67.7,0.181
9/13/2010,75,0.039
9/14/2010,78.7,0
9/15/2010,71.4,0
9/16/2010,74,0.252
9/17/2010,70.3,0.335
9/18/2010,68.8,0.016
9/19/2010,78.3,0
9/20/2010,72.6,0
9/21/2010,71.9,0
9/22/2010,85.7,0.094
9/23/2010,78.6,0
9/24/2010,83.8,0
9/25/2010,87.4,0
9/26/2010,75.1,0.008
9/27/2010,71.1,0.508
9/28/2010,73.1,0.575
9/29/2010,76.5,0
9/30/2010,75.2,0.638
10/1/2010,73.3,1.524
10/2/2010,65.2,0
10/3/2010,61.1,0.425
10/4/2010,56.9,0.587
10/5/2010,64.1,0.146
10/6/2010,62.3,0.012
10/7/2010,69,0
10/8/2010,70.2,0
10/9/2010,69.9,0
10/10/2010,67.2,0
10/11/2010,73.3,0.008
10/12/2010,66.5,0.421
10/13/2010,62.1,0
10/14/2010,61.3,0.5
10/15/2010,56.7,0.067
10/16/2010,57.2,0.008
10/17/2010,66.8,0
10/18/2010,59.4,0.028
10/19/2010,57.3,0.091
10/20/2010,60,0
10/21/2010,60.6,0
10/22/2010,51.1,0
10/23/2010,62.2,0
10/24/2010,64.7,0.008
10/25/2010,70.5,0.047
10/26/2010,69.4,0
10/27/2010,71.7,0.457
10/28/2010,72.4,0
10/29/2010,55.4,0
10/30/2010,55.9,0
10/31/2010,56.2,0
11/1/2010,48.7,0
11/2/2010,49.4,0
11/3/2010,51.4,0
11/4/2010,50.5,0.913
11/5/2010,51.5,0.071
11/6/2010,50.7,0
11/7/2010,48.9,0
11/8/2010,42.2,0.126
11/9/2010,52.6,0
11/10/2010,55.2,0
11/11/2010,53.5,0
11/12/2010,58.2,0
11/13/2010,61,0
11/14/2010,57.7,0
11/15/2010,57,0
11/16/2010,57.1,0.287
11/17/2010,58.8,0.5
11/18/2010,54,0
11/19/2010,46.5,0
11/20/2010,53.7,0
11/21/2010,45.4,0
11/22/2010,61,0
11/23/2010,59.8,0
11/24/2010,48.1,0
11/25/2010,43.5,0.15
11/26/2010,52.7,0.228
11/27/2010,42.2,0
11/28/2010,45.2,0
11/29/2010,46.5,0
11/30/2010,55.9,0.012
12/1/2010,59,1.118
12/2/2010,42,0
12/3/2010,40.3,0
12/4/2010,39.3,0
12/5/2010,35,0
12/6/2010,34.6,0
12/7/2010,35.3,0
12/8/2010,32.7,0
12/9/2010,29.1,0
12/10/2010,33.5,0
12/11/2010,42.1,0
12/12/2010,53.5,0.984
12/13/2010,45.4,0.142
12/14/2010,25.4,0
12/15/2010,27.5,0
12/16/2010,30.8,0
12/17/2010,35.5,0
12/18/2010,36.2,0
12/19/2010,36.6,0
12/20/2010,35.8,0
12/21/2010,37.9,0
12/22/2010,38.9,0
12/23/2010,35.3,0
12/24/2010,38.5,0
12/25/2010,34.1,0
12/26/2010,30.1,0
12/27/2010,23.3,0
12/28/2010,33.7,0
12/29/2010,34,0
12/30/2010,31.9,0
12/31/2010,37.7,0
1/1/2011,41.8,0
1/2/2011,45.4,0.106
1/3/2011,35,0
1/4/2011,38.4,0
1/5/2011,37.6,0
1/6/2011,33.1,0
1/7/2011,35.1,0.012
1/8/2011,32.8,0
1/9/2011,31.2,0
1/10/2011,34.6,0
1/11/2011,31.6,0
1/12/2011,31.7,0
1/13/2011,26.5,0
1/14/2011,24.3,0
1/15/2011,33.4,0
1/16/2011,32.6,0
1/17/2011,24.9,0
1/18/2011,43.8,0.614
1/19/2011,39.5,0.055
1/20/2011,32.1,0
1/21/2011,31.4,0.024
1/22/2011,21.5,0
1/23/2011,22.1,0
1/24/2011,18.5,0
1/25/2011,33.9,0.004
1/26/2011,32.7,0.02
1/27/2011,34.2,0
1/28/2011,33.1,0
1/29/2011,33.6,0
1/30/2011,35.6,0
1/31/2011,27.2,0
2/1/2011,32.4,0.118
2/2/2011,41.5,0.673
2/3/2011,29,0
2/4/2011,30.9,0
2/5/2011,44.3,0.193
2/6/2011,40.3,0
2/7/2011,39.8,0.035
2/8/2011,37.5,0.071
2/9/2011,28.2,0
2/10/2011,25.6,0
2/11/2011,35,0
2/12/2011,36.5,0
2/13/2011,43.1,0
2/14/2011,55.2,0
2/15/2011,33.5,0
2/16/2011,43.6,0
2/17/2011,55.6,0
2/18/2011,64.3,0
2/19/2011,45.4,0
2/20/2011,38.6,0
2/21/2011,36.1,0
2/22/2011,34.8,0
2/23/2011,40.8,0
2/24/2011,43.4,0.02
2/25/2011,52.8,1.154
2/26/2011,41.9,0
2/27/2011,48.1,0
2/28/2011,62,0.303
3/1/2011,43.3,0
3/2/2011,51.6,0
3/3/2011,32.4,0
3/4/2011,38.4,0
3/5/2011,55,0
3/6/2011,53.2,1.472
3/7/2011,50.6,0.638
3/8/2011,45.7,0
3/9/2011,41.2,0
3/10/2011,49.7,0.583
3/11/2011,55,0.921
3/12/2011,53.9,0
3/13/2011,49.1,0
3/14/2011,44.2,0
3/15/2011,45.2,0
3/16/2011,51.4,0.512
3/17/2011,60.6,0
3/18/2011,72.6,0
3/19/2011,50.4,0
3/20/2011,46.6,0
3/21/2011,45.8,0.417
3/22/2011,50.9,0
3/23/2011,40.1,0.272
3/24/2011,44.8,0.008
3/25/2011,41.5,0
3/26/2011,39.8,0
3/27/2011,43.2,0
3/28/2011,44.6,0
3/29/2011,48.8,0
3/30/2011,50.6,0
3/31/2011,40.8,0.165
4/1/2011,42.7,0.228
4/2/2011,52.5,0
4/3/2011,55.7,0
4/4/2011,61.1,0.055
4/5/2011,62.4,0.791
4/6/2011,53.9,0.185
4/7/2011,48.9,0.071
4/8/2011,47.2,0.087
4/9/2011,54.3,0
4/10/2011,55.8,0
4/11/2011,73.4,0
4/12/2011,64.3,0.39
4/13/2011,56.4,0.264
4/14/2011,65.8,0
4/15/2011,51.5,0
4/16/2011,53.7,0.799
4/17/2011,58.3,0.315
4/18/2011,60.1,0
4/19/2011,54.3,0.087
4/20/2011,69.9,0
4/21/2011,57.3,0
4/22/2011,47.6,0.008
4/23/2011,59.7,0.713
4/24/2011,76,0.539
4/25/2011,66.8,0.004
4/26/2011,75.4,0
4/27/2011,69.4,0.008
4/28/2011,71.8,0.248
4/29/2011,67,0
4/30/2011,61.9,0
5/1/2011,64.2,0
5/2/2011,62.6,0
5/3/2011,69,0
5/4/2011,61.5,0.335
5/5/2011,61.9,0
5/6/2011,66.2,0.008
5/7/2011,68,0.004
5/8/2011,68.8,0
5/9/2011,66.9,0
5/10/2011,69.7,0
5/11/2011,66.1,0
5/12/2011,67,0
5/13/2011,66.2,0
5/14/2011,63.9,0.055
5/15/2011,67.5,0.63
5/16/2011,63.2,0.335
5/17/2011,62.6,1.346
5/18/2011,66.7,1.154
5/19/2011,70.8,0.024
5/20/2011,66.7,0.091
5/21/2011,71.4,0.024
5/22/2011,60.9,0
5/23/2011,66.1,0.374
5/24/2011,79.2,0.02
5/25/2011,78,0
5/26/2011,77.2,0
5/27/2011,82.9,0
5/28/2011,77.6,0.043
5/29/2011,78.2,0.008
5/30/2011,85.5,0.433
5/31/2011,82.5,0
6/1/2011,86.7,0
6/2/2011,73.7,0
6/3/2011,72.7,0
6/4/2011,75.1,0
6/5/2011,66.1,0
6/6/2011,77.6,0.031
6/7/2011,86.1,0
6/8/2011,93,0
6/9/2011,95.7,0.079
6/10/2011,85.9,0.075
6/11/2011,72.9,0.161
6/12/2011,72.3,0.417
6/13/2011,71.3,0.118
6/14/2011,66.8,0.622
6/15/2011,78.8,0
6/16/2011,80.7,0
6/17/2011,76,0.791
6/18/2011,80.1,0
6/19/2011,78.7,0
6/20/2011,76.9,0
6/21/2011,79.6,0
6/22/2011,78,0.059
6/23/2011,74,0.543
6/24/2011,73.3,0.106
6/25/2011,78.2,0.012
6/26/2011,78.5,0.008
6/27/2011,78.9,0
6/28/2011,79.7,0
6/29/2011,79.7,0.047
6/30/2011,79.5,0
7/1/2011,80.6,0
7/2/2011,82.4,0
7/3/2011,77.5,0.402
7/4/2011,85,0
7/5/2011,86.6,0
7/6/2011,87.8,0
7/7/2011,88.4,0.075
7/8/2011,83,1.276
7/9/2011,85.2,0.287
7/10/2011,81.8,0
7/11/2011,89.2,0
7/12/2011,91,0
7/13/2011,85,0
7/14/2011,80.5,0
7/15/2011,83,0
7/16/2011,86.7,0
7/17/2011,88.7,0
7/18/2011,94.3,0.094
7/19/2011,88.6,0
7/20/2011,84.6,0
7/21/2011,95.4,0
7/22/2011,101.8,0
7/23/2011,101.2,0
7/24/2011,89.5,0.11
7/25/2011,79.7,0.189
7/26/2011,87.2,0.035
7/27/2011,84.1,0
7/28/2011,85,0
7/29/2011,82.6,0.083
7/30/2011,90.8,0
7/31/2011,88.7,0
8/1/2011,91.5,0.028
8/2/2011,90.7,0
8/3/2011,86.1,0.138
8/4/2011,79.6,0.055
8/5/2011,81.9,0
8/6/2011,81.7,0.22
8/7/2011,86.1,0.591
8/8/2011,86.8,0
8/9/2011,82.2,0.89
8/10/2011,82.9,0.016
8/11/2011,80.9,0
8/12/2011,82.8,0
8/13/2011,83.1,0.11
8/14/2011,71.6,2.417
8/15/2011,75.1,1.087
8/16/2011,75.7,0.055
8/17/2011,83.2,0
8/18/2011,80.5,0.331
8/19/2011,81,0.138
8/20/2011,82.3,0
8/21/2011,82.5,0.689
8/22/2011,76,0
8/23/2011,75.8,0
8/24/2011,77.8,0
8/25/2011,83.5,0.118
8/26/2011,82.2,0
8/27/2011,77.6,1.429
8/28/2011,74.2,2.783
8/29/2011,75.3,0
8/30/2011,77.8,0
8/31/2011,80.3,0
9/1/2011,78.2,0
9/2/2011,75.1,0
9/3/2011,79.8,0
9/4/2011,82.4,0
9/5/2011,80.7,0.012
9/6/2011,71.4,1.252
9/7/2011,75,0.327
9/8/2011,75.9,0.858
9/9/2011,82.4,0
9/10/2011,77.8,0.106
9/11/2011,71.9,0.012
9/12/2011,78.1,0
9/13/2011,79.9,0
9/14/2011,82.2,0.02
9/15/2011,74,0.157
9/16/2011,64.7,0
9/17/2011,63.7,0
9/18/2011,64.1,0
9/19/2011,65.2,0
9/20/2011,68.5,0.098
9/21/2011,72.8,0.02
9/22/2011,77.4,0.031
9/23/2011,69.7,1.091
9/24/2011,77.1,0.004
9/25/2011,77.9,0
9/26/2011,78.4,0
9/27/2011,75.6,0.008
9/28/2011,72.1,0.142
9/29/2011,76.5,0.646
9/30/2011,75.4,0.146
10/1/2011,66.7,0.528
10/2/2011,63.7,0.106
10/3/2011,58.1,0.217
10/4/2011,62.1,0.012
10/5/2011,70,0
10/6/2011,65,0
10/7/2011,62.7,0
10/8/2011,74.2,0
10/9/2011,79.6,0
10/10/2011,78.2,0
10/11/2011,70.2,0
10/12/2011,61.2,0.004
10/13/2011,65.8,0.016
10/14/2011,69.8,0.87
10/15/2011,63.2,0
10/16/2011,64.7,0.016
10/17/2011,64.3,0
10/18/2011,66.8,0
10/19/2011,64.6,1.378
10/20/2011,68.3,0.26
10/21/2011,56.9,0
10/22/2011,58,0
10/23/2011,57.4,0
10/24/2011,60.4,0.051
10/25/2011,59.9,0
10/26/2011,60.3,0.024
10/27/2011,55.5,0.441
10/28/2011,48.5,0
10/29/2011,45.8,0.87
10/30/2011,45.7,0.028
10/31/2011,52.2,0
11/1/2011,53.4,0
11/2/2011,55.1,0
11/3/2011,58.4,0
11/4/2011,50.8,0
11/5/2011,48.1,0
11/6/2011,52.3,0
11/7/2011,58.9,0
11/8/2011,65.5,0
11/9/2011,61.3,0
11/10/2011,64.3,0.028
11/11/2011,49.5,0.079
11/12/2011,53.8,0
11/13/2011,58.1,0
11/14/2011,65.2,0
11/15/2011,65.4,0.024
11/16/2011,55.7,0.921
11/17/2011,52.7,0.22
11/18/2011,44.5,0
11/19/2011,49.8,0
11/20/2011,62.1,0
11/21/2011,53.5,0.13
11/22/2011,49.4,0.579
11/23/2011,59.3,1.181
11/24/2011,52.6,0
11/25/2011,58.1,0
11/26/2011,60.8,0
11/27/2011,60.3,0
11/28/2011,64.3,0
11/29/2011,62.3,0.217
11/30/2011,52.9,0.028
12/1/2011,48.7,0
12/2/2011,50.6,0
12/3/2011,44.8,0
12/4/2011,52.2,0
12/5/2011,57.2,0
12/6/2011,59.5,0.37
12/7/2011,58.5,1.209
12/8/2011,44.6,0.512
12/9/2011,49.9,0.024
12/10/2011,42.9,0
12/11/2011,37.9,0
12/12/2011,41.8,0
12/13/2011,44.5,0
12/14/2011,47.8,0
12/15/2011,54.5,0.012
12/16/2011,54.4,0
12/17/2011,41.9,0
12/18/2011,32.3,0
12/19/2011,43.2,0
12/20/2011,42.6,0.02
12/21/2011,57.2,0.122
12/22/2011,56.4,0.075
12/23/2011,47.4,0.835
12/24/2011,36.6,0
12/25/2011,44.2,0
12/26/2011,44.2,0.008
12/27/2011,54.7,0.65
12/28/2011,50.1,0
12/29/2011,34.6,0
12/30/2011,47.8,0
12/31/2011,52.2,0.083
1/1/2012,49.5,0.11
1/2/2012,45.5,0
1/3/2012,31.2,0
1/4/2012,27.3,0
1/5/2012,39.7,0
1/6/2012,48.8,0.008
1/7/2012,57,0
1/8/2012,43.6,0
1/9/2012,38.3,0
1/10/2012,45.3,0
1/11/2012,44.5,0.024
1/12/2012,48.6,0.949
1/13/2012,47.2,0.075
1/14/2012,33.4,0
1/15/2012,25.9,0
1/16/2012,33.7,0.004
1/17/2012,48,0.205
1/18/2012,49.7,0
1/19/2012,35.5,0
1/20/2012,32.8,0
1/21/2012,28.4,0.012
1/22/2012,33.4,0
1/23/2012,48.2,0.197
1/24/2012,50.8,0.016
1/25/2012,43.9,0
1/26/2012,42.3,0.232
1/27/2012,56.9,0.441
1/28/2012,44.8,0
1/29/2012,41.9,0
1/30/2012,38.5,0
1/31/2012,55,0
2/1/2012,60.1,0.11
2/2/2012,45,0
2/3/2012,42.9,0
2/4/2012,44.5,0
2/5/2012,40,0
2/6/2012,48.1,0
2/7/2012,47.2,0
2/8/2012,38,0.016
2/9/2012,44.8,0
2/10/2012,44.5,0
2/11/2012,38.9,0.012
2/12/2012,32.8,0
2/13/2012,42.2,0
2/14/2012,44.6,0.012
2/15/2012,45.1,0.008
2/16/2012,42.9,0.138
2/17/2012,49.4,0.004
2/18/2012,46.5,0.024
2/19/2012,43.3,0
2/20/2012,43.9,0
2/21/2012,44.5,0
2/22/2012,54.1,0.035
2/23/2012,54.4,0.008
2/24/2012,43.8,0.413
2/25/2012,43.1,0.008
2/26/2012,42.4,0
2/27/2012,52.6,0
2/28/2012,48.2,0
2/29/2012,42.5,0.437
3/1/2012,42.1,0.429
3/2/2012,41.2,0.087
3/3/2012,54.6,0.201
3/4/2012,44.1,0
3/5/2012,43.1,0
3/6/2012,41.8,0
3/7/2012,58,0
3/8/2012,65.2,0
3/9/2012,58.2,0.154
3/10/2012,42.1,0
3/11/2012,56.6,0
3/12/2012,64.5,0.016
3/13/2012,69.4,0.091
3/14/2012,66.7,0
3/15/2012,49.9,0
3/16/2012,53.6,0
3/17/2012,58.5,0
3/18/2012,61.9,0
3/19/2012,70.6,0
3/20/2012,67,0
3/21/2012,63.2,0
3/22/2012,71.5,0
3/23/2012,70.3,0
3/24/2012,58,0.02
3/25/2012,50.2,0.035
3/26/2012,51,0
3/27/2012,50.7,0
3/28/2012,67.1,0.126
3/29/2012,54.3,0.008
3/30/2012,54.1,0.051
3/31/2012,43.6,0.319
4/1/2012,51.6,0.134
4/2/2012,55.9,0.118
4/3/2012,61.6,0
4/4/2012,65.6,0
4/5/2012,56.9,0
4/6/2012,56.6,0
4/7/2012,58.8,0
4/8/2012,64.3,0
4/9/2012,61.2,0
4/10/2012,59,0
4/11/2012,53.9,0.063
4/12/2012,59.3,0.012
4/13/2012,63.8,0
4/14/2012,69.9,0
4/15/2012,75.4,0.004
4/16/2012,83.4,0
4/17/2012,78.7,0
4/18/2012,62.6,0
4/19/2012,67.9,0.012
4/20/2012,67.9,0.008
4/21/2012,73.2,0
4/22/2012,58.9,1.374
4/23/2012,55.4,0.429
4/24/2012,57.1,0
4/25/2012,60.5,0.043
4/26/2012,60.1,0.028
4/27/2012,56.5,0
4/28/2012,58.9,0
4/29/2012,61.8,0
4/30/2012,58.9,0.012
5/1/2012,65.7,0.465
5/2/2012,52.2,0.165
5/3/2012,58.9,0.114
5/4/2012,78.4,0.024
5/5/2012,59.8,0.075
5/6/2012,60.8,0
5/7/2012,61.3,0.008
5/8/2012,66,0.067
5/9/2012,68,0.665
5/10/2012,63.5,0.386
5/11/2012,67.4,0
5/12/2012,75.9,0
5/13/2012,77.8,0
5/14/2012,69.4,0
5/15/2012,63.6,0.354
5/16/2012,76.5,0.004
5/17/2012,70.3,0
5/18/2012,68.8,0
5/19/2012,76.3,0
5/20/2012,76.1,0
5/21/2012,66.7,0.531
5/22/2012,66.4,0.524
5/23/2012,71.5,0.075
5/24/2012,71.3,0.012
5/25/2012,74.1,0.047
5/26/2012,84.8,0.087
5/27/2012,81.3,0.157
5/28/2012,86.8,0
5/29/2012,88.3,0
5/30/2012,75.7,0.343
5/31/2012,78.6,0
6/1/2012,72.1,0.016
6/2/2012,76,0.61
6/3/2012,75,0
6/4/2012,63.9,0.26
6/5/2012,63.8,0
6/6/2012,70.4,0.004
6/7/2012,74.2,0
6/8/2012,80.5,0
6/9/2012,77.1,0
6/10/2012,82.2,0.047
6/11/2012,73.5,0.028
6/12/2012,73.8,0.587
6/13/2012,69.2,0.748
6/14/2012,72.4,0.039
6/15/2012,75.4,0
6/16/2012,74.7,0
6/17/2012,66.7,0.004
6/18/2012,68.8,0
6/19/2012,76.6,0.016
6/20/2012,94.6,0
6/21/2012,96.6,0
6/22/2012,92.4,0.248
6/23/2012,85.4,0.071
6/24/2012,83.4,0
6/25/2012,77.3,0.728
6/26/2012,72.1,0
6/27/2012,81.7,0
6/28/2012,88.6,0
6/29/2012,97.6,0.008
6/30/2012,94.3,0
7/1/2012,94.7,0.091
7/2/2012,87.7,0
7/3/2012,89.7,0
7/4/2012,91.3,0.134
7/5/2012,94.9,0
7/6/2012,92,0
7/7/2012,100.6,0.098
7/8/2012,90.8,0
7/9/2012,86.5,0
7/10/2012,86.5,0
7/11/2012,82.8,0
7/12/2012,87.6,0
7/13/2012,88.6,0
7/14/2012,88.1,0
7/15/2012,88.8,0.24
7/16/2012,90.8,0.012
7/17/2012,95.6,0
7/18/2012,99.8,0.039
7/19/2012,78.9,0.079
7/20/2012,72.7,1.535
7/21/2012,74.5,0
7/22/2012,78.7,0
7/23/2012,84.4,0.008
7/24/2012,90.7,0
7/25/2012,84.7,0
7/26/2012,91.2,0.323
7/27/2012,86.8,0.063
7/28/2012,78.1,0.594
7/29/2012,76.1,0.264
7/30/2012,78.1,0.035
7/31/2012,75.6,0
8/1/2012,79.4,0.248
8/2/2012,85.7,0
8/3/2012,89.3,0
8/4/2012,87.7,0
8/5/2012,90,0.193
8/6/2012,85.7,0.106
8/7/2012,82.7,0
8/8/2012,85.4,0
8/9/2012,86.8,0.02
8/10/2012,79.5,0.244
8/11/2012,83.3,0.189
8/12/2012,84.1,0.161
8/13/2012,83.3,0
8/14/2012,81.6,0.177
8/15/2012,79.6,0.945
8/16/2012,82.8,0.031
8/17/2012,86.1,0.047
8/18/2012,76.9,0.504
8/19/2012,75.5,0
8/20/2012,77.9,0
8/21/2012,79.2,0
8/22/2012,79.8,0
8/23/2012,82.6,0
8/24/2012,84.2,0
8/25/2012,81.6,0.016
8/26/2012,80.2,0
8/27/2012,80.5,0.161
8/28/2012,85.8,0.205
8/29/2012,78.5,0
8/30/2012,83,0
8/31/2012,90.8,0
9/1/2012,87.3,0
9/2/2012,80.5,0.031
9/3/2012,74.2,0.083
9/4/2012,78.5,0.421
9/5/2012,80.2,0.579
9/6/2012,79.3,0
9/7/2012,83.9,0.142
9/8/2012,80,0.52
9/9/2012,75.1,0.098
9/10/2012,71.3,0
9/11/2012,71.5,0
9/12/2012,76.7,0
9/13/2012,77.6,0
9/14/2012,77.6,0
9/15/2012,73.4,0.008
9/16/2012,72.3,0
9/17/2012,76,0
9/18/2012,73.7,1.398
9/19/2012,68.2,0.217
9/20/2012,67.1,0.012
9/21/2012,70.4,0
9/22/2012,74,0.043
9/23/2012,67.2,0
9/24/2012,65.2,0
9/25/2012,71.1,0
9/26/2012,75,0.016
9/27/2012,72.1,0.161
9/28/2012,72.2,0.465
9/29/2012,62.1,0.087
9/30/2012,66.2,0.008
10/1/2012,69.6,0
10/2/2012,71.5,0.776
10/3/2012,74.7,0.031
10/4/2012,72,0.165
10/5/2012,76.5,0
10/6/2012,76.3,0.008
10/7/2012,56.8,0.181
10/8/2012,55,0.043
10/9/2012,59.5,0.039
10/10/2012,64.9,0.047
10/11/2012,58.3,0
10/12/2012,54.9,0
10/13/2012,52.2,0
10/14/2012,68.8,0
10/15/2012,70.3,0.319
10/16/2012,58.3,0
10/17/2012,60.4,0
10/18/2012,63.3,0.043
10/19/2012,65,1.205
10/20/2012,68.1,0.012
10/21/2012,63.7,0
10/22/2012,65.2,0
10/23/2012,64,0.071
10/24/2012,62.5,0.098
10/25/2012,61.6,0.028
10/26/2012,65.9,0
10/27/2012,63.5,0
10/28/2012,58.2,0.016
10/29/2012,62.4,0.866
10/30/2012,55.7,0.276
10/31/2012,51.2,0.039
11/1/2012,51.2,0
11/2/2012,52.1,0
11/3/2012,49.1,0
11/4/2012,50.2,0
11/5/2012,46.3,0
11/6/2012,42.7,0
11/7/2012,39.2,0.213
11/8/2012,43.6,0.024
11/9/2012,47.9,0
11/10/2012,54,0
11/11/2012,61.4,0
11/12/2012,63.2,0
11/13/2012,58.6,0.193
11/14/2012,46.9,0
11/15/2012,44.5,0
11/16/2012,46.1,0
11/17/2012,50.2,0
11/18/2012,48.1,0
11/19/2012,48.6,0
11/20/2012,48.8,0
11/21/2012,51.1,0
11/22/2012,52.7,0
11/23/2012,53.1,0.016
11/24/2012,46.8,0
11/25/2012,40.6,0
11/26/2012,46.4,0
11/27/2012,39.3,0.362
11/28/2012,42,0
11/29/2012,43.6,0
11/30/2012,44.3,0
12/1/2012,49.3,0.004
12/2/2012,51.3,0.079
12/3/2012,59.8,0.008
12/4/2012,60.1,0
12/5/2012,53.7,0.031
12/6/2012,40.4,0
12/7/2012,41.9,0.122
12/8/2012,50.3,0.394
12/9/2012,47.2,0.217
12/10/2012,59.3,0.193
12/11/2012,56.5,0.028
12/12/2012,42.9,0
12/13/2012,43.9,0
12/14/2012,46,0
12/15/2012,45.4,0
12/16/2012,49,0.138
12/17/2012,45.9,0.248
12/18/2012,52.7,0.425
12/19/2012,47,0
12/20/2012,44.8,0.035
12/21/2012,54.8,0.87
12/22/2012,38.3,0
12/23/2012,41.5,0
12/24/2012,39.4,0.106
12/25/2012,43.5,0.024
12/26/2012,38.2,0.685
12/27/2012,43.7,0.283
12/28/2012,38.4,0
12/29/2012,36.2,0.201
12/30/2012,32.1,0
12/31/2012,36.2,0
1/1/2013,37.9,0
1/2/2013,31.5,0
1/3/2013,31.9,0
1/4/2013,37.3,0
1/5/2013,41.5,0
1/6/2013,44.2,0
1/7/2013,42.9,0
1/8/2013,46.2,0
1/9/2013,46.8,0
1/10/2013,46.1,0
1/11/2013,45.3,0.437
1/12/2013,48.4,0.031
1/13/2013,47.4,0
1/14/2013,56.4,0.02
1/15/2013,40,0.169
1/16/2013,36.1,0.327
1/17/2013,43.1,0.004
1/18/2013,32.5,0
1/19/2013,46.7,0
1/20/2013,51.3,0
1/21/2013,34.7,0
1/22/2013,28.5,0
1/23/2013,21.8,0
1/24/2013,24.6,0
1/25/2013,25.6,0
1/26/2013,28,0
1/27/2013,34.1,0
1/28/2013,34.6,0.154
1/29/2013,46.8,0
1/30/2013,57.1,0.031
1/31/2013,56.8,0.606
2/1/2013,32.8,0
2/2/2013,29.5,0
2/3/2013,30.7,0
2/4/2013,31.3,0
2/5/2013,31.9,0
2/6/2013,38.7,0
2/7/2013,32.6,0
2/8/2013,36.1,0.406
2/9/2013,29.2,0
2/10/2013,28.8,0
2/11/2013,42.8,0.461
2/12/2013,40.9,0
2/13/2013,38.8,0.043
2/14/2013,39.9,0
2/15/2013,46.2,0
2/16/2013,36.1,0.016
2/17/2013,28.3,0
2/18/2013,32.7,0
2/19/2013,44.5,0.24
2/20/2013,34.1,0
2/21/2013,33,0
2/22/2013,37.6,0
2/23/2013,42.4,0.161
2/24/2013,44.5,0.004
2/25/2013,44.5,0
2/26/2013,42.6,0.063
2/27/2013,50.6,0.484
2/28/2013,49.6,0.035
3/1/2013,45.5,0
3/2/2013,40.9,0
3/3/2013,39.8,0
3/4/2013,41.2,0
3/5/2013,46.7,0
3/6/2013,40.5,0.142
3/7/2013,39.9,0.047
3/8/2013,38.1,0.024
3/9/2013,46.8,0
3/10/2013,46,0
3/11/2013,51.8,0
3/12/2013,52.3,0.748
3/13/2013,49.3,0
3/14/2013,39.3,0
3/15/2013,45.7,0
3/16/2013,40.3,0.004
3/17/2013,40.5,0
3/18/2013,35.7,0.043
3/19/2013,43.1,0.185
3/20/2013,44.7,0
3/21/2013,39.1,0
3/22/2013,41.3,0
3/23/2013,44.9,0
3/24/2013,46.1,0
3/25/2013,39.1,0.236
3/26/2013,50.4,0
3/27/2013,51,0.008
3/28/2013,49,0.02
3/29/2013,53.4,0
3/30/2013,55.5,0
3/31/2013,52.5,0.11
4/1/2013,58,0.028
4/2/2013,43.4,0
4/3/2013,46.1,0
4/4/2013,49.2,0
4/5/2013,60.8,0
4/6/2013,49.6,0
4/7/2013,53.7,0
4/8/2013,68.8,0
4/9/2013,77.9,0
4/10/2013,70.4,0.012
4/11/2013,60.9,0.051
4/12/2013,44.8,0.626
4/13/2013,55.2,0.008
4/14/2013,55.3,0
4/15/2013,53.9,0
4/16/2013,61,0.024
4/17/2013,67.2,0.035
4/18/2013,56.6,0
4/19/2013,68.6,0.031
4/20/2013,61.5,0.346
4/21/2013,52.2,0
4/22/2013,51,0
4/23/2013,50.2,0
4/24/2013,66.1,0
4/25/2013,61.8,0.016
4/26/2013,63.8,0
4/27/2013,65.2,0
4/28/2013,66.3,0
4/29/2013,56.1,0
4/30/2013,63.5,0
5/1/2013,64.6,0
5/2/2013,68.8,0
5/3/2013,61.6,0
5/4/2013,64.6,0
5/5/2013,59.3,0
5/6/2013,66.1,0
5/7/2013,68.3,0
5/8/2013,64.4,0.72
5/9/2013,66.1,0.264
5/10/2013,76.5,0
5/11/2013,69.8,0.567
5/12/2013,67.9,0.02
5/13/2013,55.7,0
5/14/2013,58,0
5/15/2013,67.6,0.02
5/16/2013,77.1,0
5/17/2013,70,0
5/18/2013,67.1,0.024
5/19/2013,60.7,0.114
5/20/2013,75.5,0
5/21/2013,83.7,0
5/22/2013,84.9,0.083
5/23/2013,76,0.512
5/24/2013,66.3,0.35
5/25/2013,52.4,0.492
5/26/2013,64.2,0
5/27/2013,71.4,0
5/28/2013,66.3,0.209
5/29/2013,81.1,0.012
5/30/2013,88.4,0
5/31/2013,89,0
6/1/2013,87.7,0
6/2/2013,86.4,0.098
6/3/2013,75.4,1.098
6/4/2013,72.7,0
6/5/2013,70.4,0
6/6/2013,69.7,0.067
6/7/2013,62.2,1.689
6/8/2013,74.5,0.256
6/9/2013,78.2,0
6/10/2013,68.7,1.028
6/11/2013,78.8,0.252
6/12/2013,74.1,0
6/13/2013,65.4,1.24
6/14/2013,69.7,0.213
6/15/2013,77.2,0
6/16/2013,79.7,0
6/17/2013,82.4,0
6/18/2013,78.1,0.118
6/19/2013,74.3,0
6/20/2013,76.5,0
6/21/2013,79.2,0
6/22/2013,80.5,0
6/23/2013,84.3,0
6/24/2013,91.6,0.028
6/25/2013,90.4,0
6/26/2013,89.3,0.15
6/27/2013,84.1,0.591
6/28/2013,82.9,0.366
6/29/2013,81.4,0.075
6/30/2013,80.5,0.031
7/1/2013,78.8,0.37
7/2/2013,79.5,0.181
7/3/2013,80.9,0.173
7/4/2013,85.9,0
7/5/2013,88.3,0
7/6/2013,91,0
7/7/2013,91.2,0
7/8/2013,87.2,0
7/9/2013,87.2,0.024
7/10/2013,84.5,0.425
7/11/2013,82.6,0.24
7/12/2013,76.6,0.173
7/13/2013,80.3,0.232
7/14/2013,87.7,0.008
7/15/2013,90.6,0
7/16/2013,91,0
7/17/2013,91.4,0
7/18/2013,94.6,0.008
7/19/2013,95.2,0.012
7/20/2013,91,0.421
7/21/2013,84.1,0.059
7/22/2013,82.6,0.114
7/23/2013,85.5,0.827
7/24/2013,82.5,0
7/25/2013,68.1,0.165
7/26/2013,80.5,0.004
7/27/2013,79.8,0
7/28/2013,79.4,0.047
7/29/2013,82.3,0.642
7/30/2013,79.3,0
7/31/2013,79.6,0
8/1/2013,75.6,0.409
8/2/2013,81.9,0
8/3/2013,75.3,0.106
8/4/2013,77.2,0
8/5/2013,76.5,0
8/6/2013,77,0
8/7/2013,75.4,0
8/8/2013,81.8,0.181
8/9/2013,82.8,0.287
8/10/2013,82.3,0
8/11/2013,78.2,0
8/12/2013,79.6,0.13
8/13/2013,77.5,0.504
8/14/2013,73.8,0
8/15/2013,75.6,0
8/16/2013,77.6,0
8/17/2013,79.6,0
8/18/2013,75.8,0
8/19/2013,81.2,0.008
8/20/2013,85.8,0
8/21/2013,87.7,0
8/22/2013,82.6,0.055
8/23/2013,80.8,0
8/24/2013,77.4,0.012
8/25/2013,81.4,0
8/26/2013,82.6,0.051
8/27/2013,84.7,0.079
8/28/2013,83.9,0.024
8/29/2013,78.8,0.008
8/30/2013,83.1,0
8/31/2013,84.8,0.008
9/1/2013,82.8,0.106
9/2/2013,79.8,0.177
9/3/2013,80,0.142
9/4/2013,80.4,0
9/5/2013,75.4,0
9/6/2013,69.3,0
9/7/2013,77.5,0
9/8/2013,79.7,0.004
9/9/2013,71.1,0
9/10/2013,85.7,0.02
9/11/2013,92.8,0
9/12/2013,87.6,0.327
9/13/2013,74.9,0.024
9/14/2013,65,0
9/15/2013,70.7,0
9/16/2013,70.1,0.024
9/17/2013,63.2,0
9/18/2013,69.7,0
9/19/2013,74.8,0
9/20/2013,76.6,0
9/21/2013,74.8,0.094
9/22/2013,68.4,0.709
9/23/2013,64.3,0
9/24/2013,70.8,0
9/25/2013,70.7,0
9/26/2013,67.4,0.012
9/27/2013,66.4,0
9/28/2013,71.3,0
9/29/2013,68.3,0
9/30/2013,71,0
10/1/2013,78.8,0
10/2/2013,81.8,0
10/3/2013,78.1,0
10/4/2013,83.3,0
10/5/2013,77,0
10/6/2013,71.3,0.004
10/7/2013,74.8,0.374
10/8/2013,66.5,0
10/9/2013,62.4,0
10/10/2013,60.4,0.961
10/11/2013,67.5,0.272
10/12/2013,68.7,0
10/13/2013,62.4,0
10/14/2013,63.4,0
10/15/2013,68.2,0
10/16/2013,65.9,0.004
10/17/2013,70.6,0.008
10/18/2013,66.6,0.004
10/19/2013,63.6,0.043
10/20/2013,61.7,0
10/21/2013,64.1,0
10/22/2013,65.2,0
10/23/2013,52.5,0.016
10/24/2013,52.4,0.008
10/25/2013,52.4,0
10/26/2013,53.8,0
10/27/2013,57.8,0
10/28/2013,59.8,0
10/29/2013,54,0
10/30/2013,59.8,0
10/31/2013,66,0.043
11/1/2013,68.6,0.091
11/2/2013,65.4,0
11/3/2013,50.5,0
11/4/2013,44.9,0
11/5/2013,53.4,0
11/6/2013,59,0
11/7/2013,61.5,0.098
11/8/2013,48.7,0
11/9/2013,48.1,0
11/10/2013,56.7,0
11/11/2013,52.2,0
11/12/2013,48,0.083
11/13/2013,38.9,0
11/14/2013,50.4,0
11/15/2013,55.8,0
11/16/2013,56.5,0.031
11/17/2013,61.5,0
11/18/2013,63.4,0.362
11/19/2013,46.9,0
11/20/2013,43.2,0
11/21/2013,48.2,0
11/22/2013,55,0.122
11/23/2013,51.1,0
11/24/2013,31.2,0
11/25/2013,34,0
11/26/2013,44.3,0.35
11/27/2013,58.9,1.984
11/28/2013,34.7,0
11/29/2013,37.3,0
11/30/2013,36.3,0
12/1/2013,46.4,0
12/2/2013,46.6,0
12/3/2013,50.3,0
12/4/2013,51,0
12/5/2013,56.7,0
12/6/2013,57.5,0.717
12/7/2013,41.5,0.228
12/8/2013,33.7,0.004
12/9/2013,42.3,0.264
12/10/2013,33.6,0.004
12/11/2013,31.3,0
12/12/2013,25.5,0
12/13/2013,32.4,0
12/14/2013,38.4,0.272
12/15/2013,42.1,0.657
12/16/2013,27.4,0
12/17/2013,36,0.11
12/18/2013,34.5,0
12/19/2013,41,0
12/20/2013,46.5,0
12/21/2013,59.5,0.02
12/22/2013,66.1,0.024
12/23/2013,59.4,0.748
12/24/2013,39.6,0
12/25/2013,29.2,0
12/26/2013,35.8,0
12/27/2013,39.2,0
12/28/2013,48.2,0
12/29/2013,44,0.996
12/30/2013,40,0
12/31/2013,34.4,0
1/1/2014,34.2,0
1/2/2014,30.3,0.008
1/3/2014,15.6,0.004
1/4/2014,20.7,0
1/5/2014,47.2,0.012
1/6/2014,53,0.335
1/7/2014,18.4,0
1/8/2014,23.3,0
1/9/2014,31.2,0
1/10/2014,37.5,0.075
1/11/2014,54.4,0.598
1/12/2014,47.3,0
1/13/2014,49.8,0
1/14/2014,46.8,0.445
1/15/2014,47.2,0
1/16/2014,39.3,0
1/17/2014,41.8,0
1/18/2014,41,0.134
1/19/2014,36.1,0
1/20/2014,44.9,0
1/21/2014,28.3,0
1/22/2014,13.9,0
1/23/2014,18.3,0
1/24/2014,16.6,0
1/25/2014,25.7,0
1/26/2014,25.5,0
1/27/2014,41.4,0
1/28/2014,18.8,0
1/29/2014,22.3,0
1/30/2014,26.3,0
1/31/2014,39.1,0
2/1/2014,40.9,0
2/2/2014,51.2,0
2/3/2014,37.9,0.043
2/4/2014,31.6,0
2/5/2014,33.7,0.587
2/6/2014,29.9,0
2/7/2014,29.1,0
2/8/2014,26,0
2/9/2014,26.4,0
2/10/2014,26.7,0
2/11/2014,22.3,0
2/12/2014,20.5,0
2/13/2014,35.3,0.543
2/14/2014,38.1,0.063
2/15/2014,33.6,0.004
2/16/2014,27.1,0
2/17/2014,27.1,0
2/18/2014,38.9,0.079
2/19/2014,42.4,0.213
2/20/2014,40.8,0.016
2/21/2014,51.6,0.177
2/22/2014,48.1,0
2/23/2014,50.7,0.004
2/24/2014,37,0.028
2/25/2014,30.8,0
2/26/2014,29.7,0
2/27/2014,31.9,0
2/28/2014,23.2,0
3/1/2014,35.3,0
3/2/2014,39.6,0.008
3/3/2014,29.4,0
3/4/2014,27.6,0
3/5/2014,35.8,0
3/6/2014,28.7,0
3/7/2014,36.9,0
3/8/2014,52.4,0
3/9/2014,40.9,0.02
3/10/2014,47.9,0
3/11/2014,60.2,0
3/12/2014,55.3,0.11
3/13/2014,31,0
3/14/2014,43,0
3/15/2014,53.9,0
3/16/2014,37.2,0
3/17/2014,34.1,0
3/18/2014,39.4,0
3/19/2014,43.9,0.575
3/20/2014,51.7,0.047
3/21/2014,49,0
3/22/2014,60.2,0
3/23/2014,41,0
3/24/2014,34.7,0
3/25/2014,38.5,0
3/26/2014,37.3,0
3/27/2014,41.2,0
3/28/2014,58.3,0.035
3/29/2014,48.9,1.067
3/30/2014,47.8,0.657
3/31/2014,53.6,0.181
4/1/2014,56.1,0
4/2/2014,52.5,0.059
4/3/2014,59.9,0.039
4/4/2014,42.9,0.189
4/5/2014,53.2,0.004
4/6/2014,55.4,0
4/7/2014,48.3,0.331
4/8/2014,64,0.169
4/9/2014,58.3,0
4/10/2014,56.2,0
4/11/2014,67.2,0.075
4/12/2014,67.3,0.028
4/13/2014,70.3,0
4/14/2014,68.7,0
4/15/2014,61.6,0.89
4/16/2014,46.9,0.02
4/17/2014,46.3,0
4/18/2014,46.1,0
4/19/2014,62.6,0
4/20/2014,53.3,0
4/21/2014,60.8,0
4/22/2014,67.7,0.031
4/23/2014,58,0.031
4/24/2014,58.1,0
4/25/2014,57.5,0.043
4/26/2014,62,0.728
4/27/2014,55.2,0
4/28/2014,61.1,0
4/29/2014,47.9,0.146
4/30/2014,54,1.382
5/1/2014,71.1,0.358
5/2/2014,65.2,0.008
5/3/2014,64.9,0
5/4/2014,60.7,0.008
5/5/2014,64.4,0
5/6/2014,65.2,0
5/7/2014,64.1,0
5/8/2014,57,0.421
5/9/2014,62.6,0.118
5/10/2014,79.3,0.106
5/11/2014,76,0.004
5/12/2014,79.6,0
5/13/2014,65.4,0
5/14/2014,66.4,0
5/15/2014,68,0.098
5/16/2014,65,0.516
5/17/2014,66.5,0.339
5/18/2014,63.6,0
5/19/2014,68.4,0.004
5/20/2014,73.8,0
5/21/2014,71.7,0.016
5/22/2014,62.8,0.465
5/23/2014,66,0.335
5/24/2014,67.4,0.142
5/25/2014,76.1,0
5/26/2014,82.2,0
5/27/2014,84,0.004
5/28/2014,68.6,0.083
5/29/2014,62.1,0
5/30/2014,71.5,0.008
5/31/2014,67.4,0.039
6/1/2014,73.3,0
6/2/2014,77.7,0
6/3/2014,83.3,0.051
6/4/2014,78.4,0.024
6/5/2014,71.7,0.756
6/6/2014,72.8,0
6/7/2014,78.3,0
6/8/2014,81.7,0
6/9/2014,68.8,0.307
6/10/2014,74.7,0.008
6/11/2014,67.8,0.02
6/12/2014,72.2,0.004
6/13/2014,75,0.831
6/14/2014,73.3,0.012
6/15/2014,77,0
6/16/2014,77.9,0
6/17/2014,86.1,0
6/18/2014,86.1,0
6/19/2014,74.7,0.331
6/20/2014,77.1,0
6/21/2014,73.9,0
6/22/2014,75.1,0
6/23/2014,79.2,0
6/24/2014,79.3,0
6/25/2014,83.4,0.063
6/26/2014,82.8,0.197
6/27/2014,78.1,0.016
6/28/2014,82.6,0
6/29/2014,80.5,0
6/30/2014,84.1,0
7/1/2014,87.5,0
7/2/2014,89.5,0.063
7/3/2014,86.8,0.181
7/4/2014,73.8,0.846
7/5/2014,79.2,0
7/6/2014,83.2,0
7/7/2014,88.8,0
7/8/2014,91.3,0
7/9/2014,85.6,0.024
7/10/2014,80.9,0.047
7/11/2014,83.2,0
7/12/2014,82.8,0
7/13/2014,84.8,0.004
7/14/2014,82.7,0.504
7/15/2014,84.6,1.087
7/16/2014,80,0.583
7/17/2014,77.8,0
7/18/2014,79.4,0
7/19/2014,75.7,0
7/20/2014,75.4,0.165
7/21/2014,81.3,0
7/22/2014,84.3,0
7/23/2014,86.4,0
7/24/2014,79.8,0.039
7/25/2014,81,0
7/26/2014,80.2,0
7/27/2014,86.5,0.173
7/28/2014,83.2,0.106
7/29/2014,77.3,0
7/30/2014,78.1,0
7/31/2014,81,0
8/1/2014,83.1,0.024
8/2/2014,72.6,0.429
8/3/2014,74.4,0.173
8/4/2014,81.8,0.012
8/5/2014,85.5,0
8/6/2014,83,0.012
8/7/2014,80.3,0
8/8/2014,80.8,0
8/9/2014,83.5,0
8/10/2014,85.8,0
8/11/2014,83.3,0
8/12/2014,75.5,0.319
8/13/2014,80.2,0.339
8/14/2014,75.4,0
8/15/2014,74.7,0
8/16/2014,78.7,0
8/17/2014,80.5,0.004
8/18/2014,78.1,0
8/19/2014,80.4,0
8/20/2014,80.7,0.008
8/21/2014,79.4,0.051
8/22/2014,76.2,0.031
8/23/2014,74.2,0.012
8/24/2014,77.8,0
8/25/2014,86.6,0
8/26/2014,85.6,0
8/27/2014,89.2,0
8/28/2014,81.7,0
8/29/2014,77.5,0
8/30/2014,79.4,0
8/31/2014,88.3,0.382
9/1/2014,85.4,0.008
9/2/2014,89.3,0
9/3/2014,85,0
9/4/2014,85,0
9/5/2014,84.9,0.008
9/6/2014,90.4,0.083
9/7/2014,79.4,0.051
9/8/2014,75.4,0
9/9/2014,72.6,0.02
9/10/2014,76.6,0
9/11/2014,83.3,0
9/12/2014,76.2,0
9/13/2014,68.4,0.374
9/14/2014,68.5,0
9/15/2014,69.5,0
9/16/2014,68.4,0
9/17/2014,70.9,0
9/18/2014,73.8,0
9/19/2014,65.3,0
9/20/2014,73.7,0.083
9/21/2014,76,0.091
9/22/2014,69.2,0
9/23/2014,70,0
9/24/2014,70.2,0
9/25/2014,64.9,0.252
9/26/2014,75.8,0.004
9/27/2014,80.6,0
9/28/2014,81.9,0
9/29/2014,78.7,0
9/30/2014,68.6,0.059
10/1/2014,63.1,0.106
10/2/2014,65.3,0
10/3/2014,67.6,0
10/4/2014,66.6,0.476
10/5/2014,60.5,0
10/6/2014,67.4,0
10/7/2014,72.8,0.028
10/8/2014,71.2,0.252
10/9/2014,68.6,0
10/10/2014,63,0
10/11/2014,57.3,0.555
10/12/2014,60.6,0
10/13/2014,64.1,0
10/14/2014,73.8,0
10/15/2014,75.3,0.236
10/16/2014,69.4,1.295
10/17/2014,69.3,0
10/18/2014,68.4,0
10/19/2014,56.2,0
10/20/2014,57.9,0
10/21/2014,64.3,0.087
10/22/2014,55.6,0.776
10/23/2014,51.2,0.122
10/24/2014,59.6,0.012
10/25/2014,64.4,0
10/26/2014,58.7,0
10/27/2014,61.1,0
10/28/2014,68.5,0
10/29/2014,67.4,0.154
10/30/2014,57.1,0
10/31/2014,54.3,0.02
11/1/2014,49.7,0.677
11/2/2014,47.3,0.028
11/3/2014,57.4,0
11/4/2014,64,0
11/5/2014,61.6,0
11/6/2014,51.2,0.39
11/7/2014,51.5,0.016
11/8/2014,46.3,0
11/9/2014,55.7,0
11/10/2014,58,0
11/11/2014,63.3,0
11/12/2014,64,0.004
11/13/2014,46.8,0.126
11/14/2014,42.8,0.118
11/15/2014,41.1,0
11/16/2014,42.7,0.008
11/17/2014,49.9,1.091
11/18/2014,41.8,0
11/19/2014,31.9,0
11/20/2014,44.1,0
11/21/2014,35.9,0
11/22/2014,39.5,0.004
11/23/2014,52.5,0
11/24/2014,65.8,0.492
11/25/2014,61.6,0
11/26/2014,44.4,0.823
11/27/2014,38.2,0.004
11/28/2014,36.5,0
11/29/2014,36,0
11/30/2014,50.4,0
12/1/2014,62.8,0.11
12/2/2014,44.5,0.118
12/3/2014,46.2,0.205
12/4/2014,43.6,0
12/5/2014,46.9,0.22
12/6/2014,48.2,0.878
12/7/2014,39.9,0.146
12/8/2014,37.1,0
12/9/2014,41.3,1.886
12/10/2014,39.1,0.051
12/11/2014,35.4,0
12/12/2014,36.6,0
12/13/2014,40.9,0
12/14/2014,44.1,0
12/15/2014,44.8,0
12/16/2014,47.4,0.169
12/17/2014,50.6,0.028
12/18/2014,42.1,0
12/19/2014,37,0
12/20/2014,36,0
12/21/2014,37.6,0
12/22/2014,44.9,0.02
12/23/2014,47.2,0.102
12/24/2014,57.8,0.614
12/25/2014,58.9,0.173
12/26/2014,47.6,0
12/27/2014,51.2,0
12/28/2014,51.7,0.02
12/29/2014,42.1,0
12/30/2014,34.3,0
12/31/2014,31.7,0
1/1/2015,35.7,0
1/2/2015,41.1,0
1/3/2015,45.6,0.531
1/4/2015,55.5,0.358
1/5/2015,42.6,0
1/6/2015,23.8,0
1/7/2015,24.7,0
1/8/2015,21.3,0
1/9/2015,32.8,0
1/10/2015,22.9,0
1/11/2015,34.5,0
1/12/2015,36.4,0.583
1/13/2015,33.7,0.008
1/14/2015,32.1,0
1/15/2015,33.7,0
1/16/2015,40,0
1/17/2015,27.8,0
1/18/2015,45.2,1.421
1/19/2015,41.1,0
1/20/2015,40.2,0
1/21/2015,34.5,0
1/22/2015,39.1,0
1/23/2015,37.6,0
1/24/2015,35.6,0.366
1/25/2015,38.4,0
1/26/2015,26.7,0
1/27/2015,24.7,0
1/28/2015,27.2,0
1/29/2015,32.3,0.012
1/30/2015,35.1,0.012
1/31/2015,21.4,0
2/1/2015,33.7,0
2/2/2015,36.5,0.638
2/3/2015,21.9,0
2/4/2015,36.8,0
2/5/2015,34.1,0
2/6/2015,22,0
2/7/2015,32.8,0
2/8/2015,38,0.004
2/9/2015,30.8,0.083
2/10/2015,34.7,0
2/11/2015,28.8,0
2/12/2015,36.6,0.004
2/13/2015,17.2,0
2/14/2015,31,0
2/15/2015,22.6,0
2/16/2015,17.8,0
2/17/2015,24.3,0
2/18/2015,27.1,0
2/19/2015,19.4,0
2/20/2015,16,0
2/21/2015,30,0.035
2/22/2015,38.2,0.165
2/23/2015,30,0
2/24/2015,18.8,0
2/25/2015,33.7,0
2/26/2015,26.2,0
2/27/2015,26.5,0
2/28/2015,24.7,0
3/1/2015,29.1,0.02
3/2/2015,35.3,0.004
3/3/2015,35.9,0.362
3/4/2015,41.9,0.248
3/5/2015,36.4,0.177
3/6/2015,21.4,0
3/7/2015,34.2,0
3/8/2015,43,0
3/9/2015,46.6,0.008
3/10/2015,44.9,0.323
3/11/2015,53.3,0.126
3/12/2015,42.3,0
3/13/2015,38.2,0
3/14/2015,45.1,0.909
3/15/2015,44,0
3/16/2015,47.7,0
3/17/2015,53.3,0.043
3/18/2015,36.8,0
3/19/2015,39.7,0
3/20/2015,35.8,0
3/21/2015,45.1,0
3/22/2015,39.1,0
3/23/2015,35.9,0
3/24/2015,41.3,0
3/25/2015,44.9,0.138
3/26/2015,58.9,0.398
3/27/2015,45.4,0.24
3/28/2015,38,0
3/29/2015,43.3,0
3/30/2015,51.2,0
3/31/2015,43.6,0.154
4/1/2015,49.9,0
4/2/2015,59.2,0.039
4/3/2015,59.4,0.28
4/4/2015,57.8,0.087
4/5/2015,57.4,0.004
4/6/2015,59.8,0.012
4/7/2015,58.5,0.13
4/8/2015,44.6,0.012
4/9/2015,44.4,0.016
4/10/2015,56.2,0.031
4/11/2015,55.5,0
4/12/2015,61.7,0
4/13/2015,62.5,0
4/14/2015,61.9,0.043
4/15/2015,66,0
4/16/2015,58.5,0
4/17/2015,66.4,0.138
4/18/2015,73.9,0
4/19/2015,56,0
4/20/2015,57.5,1.031
4/21/2015,64.2,0.268
4/22/2015,64.8,0.091
4/23/2015,49.8,0.02
4/24/2015,47.7,0
4/25/2015,57.7,0
4/26/2015,57.4,0
4/27/2015,58.7,0.008
4/28/2015,64.5,0
4/29/2015,71.6,0
4/30/2015,60,0
5/1/2015,56.6,0
5/2/2015,63.4,0
5/3/2015,73.1,0
5/4/2015,78.1,0
5/5/2015,78.5,0
5/6/2015,67.9,0
5/7/2015,74.4,0
5/8/2015,79.4,0
5/9/2015,64.8,0.008
5/10/2015,80.2,0
5/11/2015,79.6,0
5/12/2015,85,0
5/13/2015,66.1,0
5/14/2015,69.8,0
5/15/2015,72.4,0.024
5/16/2015,76.9,0.295
5/17/2015,80.2,0.177
5/18/2015,67,0
5/19/2015,76.3,0.295
5/20/2015,64.4,0
5/21/2015,59.5,0
5/22/2015,71.5,0
5/23/2015,66.4,0
5/24/2015,77.2,0
5/25/2015,82.3,0
5/26/2015,85.9,0
5/27/2015,84.5,0.016
5/28/2015,86.4,0.146
5/29/2015,80,0
5/30/2015,82.1,0
5/31/2015,84.3,0.272
6/1/2015,67.9,1.098
6/2/2015,54.4,0.894
6/3/2015,66.3,0.016
6/4/2015,61.6,0.02
6/5/2015,64.6,0
6/6/2015,73.6,0.094
6/7/2015,70.2,0
6/8/2015,74,0.079
6/9/2015,79.4,0.181
6/10/2015,79.2,0
6/11/2015,87.7,0
6/12/2015,82.3,0
6/13/2015,83,0
6/14/2015,83.3,0.047
6/15/2015,82.9,0.831
6/16/2015,78.7,0.201
6/17/2015,76.5,0
6/18/2015,69,0
6/19/2015,82.1,0.008
6/20/2015,70.1,0.083
6/21/2015,85,1.421
6/22/2015,84.2,0
6/23/2015,88.4,0.016
6/24/2015,81.3,0
6/25/2015,81,0
6/26/2015,76.9,0.004
6/27/2015,69.7,1.343
6/28/2015,71.5,0.854
6/29/2015,73.7,0
6/30/2015,78.4,0.02
7/1/2015,80.8,0.441
7/2/2015,76.9,0.008
7/3/2015,78.7,0
7/4/2015,74.5,0.067
7/5/2015,81.5,0
7/6/2015,79.4,0.004
7/7/2015,83.3,0.118
7/8/2015,83.5,0.268
7/9/2015,78.6,0.146
7/10/2015,81.5,0
7/11/2015,83.3,0
7/12/2015,85.8,0
7/13/2015,83.5,0
7/14/2015,78,0.154
7/15/2015,80.5,0.024
7/16/2015,77.9,0
7/17/2015,78.9,0
7/18/2015,82.8,0.083
7/19/2015,90.7,0
7/20/2015,91.9,0.016
7/21/2015,90.5,0.012
7/22/2015,83.8,0
7/23/2015,83.2,0
7/24/2015,83.3,0
7/25/2015,83.9,0
7/26/2015,87.2,0
7/27/2015,80.2,0.465
7/28/2015,88.3,0
7/29/2015,91,0
7/30/2015,87.7,0.272
7/31/2015,87.4,0
8/1/2015,86.5,0.008
8/2/2015,85.5,0
8/3/2015,88.1,0
8/4/2015,89.6,0.055
8/5/2015,86.9,0
8/6/2015,81.9,0
8/7/2015,81.8,0
8/8/2015,82.1,0
8/9/2015,82.5,0
8/10/2015,80.7,0
8/11/2015,78.5,1.217
8/12/2015,81.6,0
8/13/2015,81.1,0
8/14/2015,84.2,0
8/15/2015,88.5,0
8/16/2015,88.6,0
8/17/2015,90.6,0
8/18/2015,88.4,0
8/19/2015,84,0.004
8/20/2015,83.1,0.028
8/21/2015,83.2,0.154
8/22/2015,82.9,0.008
8/23/2015,80.4,0.051
8/24/2015,84.3,0
8/25/2015,84.2,0.205
8/26/2015,81.7,0
8/27/2015,78.9,0
8/28/2015,78.7,0
8/29/2015,83.5,0
8/30/2015,87.4,0
8/31/2015,88.9,0
9/1/2015,87.3,0
9/2/2015,87.3,0
9/3/2015,90.4,0.197
9/4/2015,81.1,0.008
9/5/2015,78.5,0
9/6/2015,81.5,0
9/7/2015,88.3,0
9/8/2015,92.7,0
9/9/2015,87.4,0.008
9/10/2015,77.3,0.921
9/11/2015,76,0.138
9/12/2015,75.9,0.484
9/13/2015,72,0.083
9/14/2015,72.3,0
9/15/2015,78.8,0
9/16/2015,81.6,0
9/17/2015,83.4,0
9/18/2015,81.7,0
9/19/2015,79.6,0
9/20/2015,74.1,0
9/21/2015,69.2,0
9/22/2015,69.6,0
9/23/2015,75.7,0
9/24/2015,77.7,0
9/25/2015,70.9,0
9/26/2015,67.8,0
9/27/2015,69.7,0
9/28/2015,76.8,0.004
9/29/2015,77.8,0.248
9/30/2015,77.9,0.929
10/1/2015,61.1,0.075
10/2/2015,57.5,1.209
10/3/2015,54.3,0.083
10/4/2015,59.9,0
10/5/2015,62.1,0
10/6/2015,68.8,0
10/7/2015,70.3,0
10/8/2015,66.1,0
10/9/2015,74.2,0.26
10/10/2015,61.2,0
10/11/2015,66.1,0
10/12/2015,72,0
10/13/2015,72.3,0.004
10/14/2015,65.2,0
10/15/2015,61.3,0
10/16/2015,62.1,0
10/17/2015,54.4,0
10/18/2015,47.4,0.004
10/19/2015,50.2,0
10/20/2015,67.2,0.02
10/21/2015,71.9,0
10/22/2015,72.7,0.008
10/23/2015,60.6,0
10/24/2015,53.6,0
10/25/2015,64.5,0
10/26/2015,56.7,0
10/27/2015,56.9,0
10/28/2015,65.7,0.72
10/29/2015,68.3,0.319
10/30/2015,58,0
10/31/2015,52.9,0
11/1/2015,62,0.008
11/2/2015,63,0
11/3/2015,69.1,0
11/4/2015,66,0
11/5/2015,67.5,0.02
11/6/2015,70.4,0.008
11/7/2015,63.9,0
11/8/2015,55.5,0
11/9/2015,57.1,0
11/10/2015,58.9,0.114
11/11/2015,55.7,0.217
11/12/2015,56.5,0.154
11/13/2015,55.5,0
11/14/2015,47,0
11/15/2015,56.3,0
11/16/2015,64.1,0
11/17/2015,48.4,0
11/18/2015,56.1,0
11/19/2015,63,0.933
11/20/2015,60.3,0.13
11/21/2015,48.9,0
11/22/2015,53,0.031
11/23/2015,42.1,0
11/24/2015,44.2,0
11/25/2015,46.8,0
11/26/2015,58.8,0
11/27/2015,61.7,0
11/28/2015,56.5,0.079
11/29/2015,47,0
11/30/2015,45,0
12/1/2015,48.2,0.465
12/2/2015,55,0.319
12/3/2015,53.7,0
12/4/2015,49.4,0
12/5/2015,49.6,0
12/6/2015,50.9,0
12/7/2015,52.2,0
12/8/2015,46.7,0.004
12/9/2015,50.6,0
12/10/2015,56.6,0.008
12/11/2015,58.8,0
12/12/2015,60.4,0
12/13/2015,61.6,0
12/14/2015,59.9,0.181
12/15/2015,62.8,0.087
12/16/2015,49,0
12/17/2015,55.1,0.701
12/18/2015,53,0.012
12/19/2015,39.8,0
12/20/2015,41,0
12/21/2015,50.8,0
12/22/2015,57.1,0.378
12/23/2015,61.6,0.902
12/24/2015,67.5,0.079
12/25/2015,62.6,0.193
12/26/2015,54.5,0
12/27/2015,59.6,0.244
12/28/2015,43.4,0.008
12/29/2015,50.1,0.496
12/30/2015,48.7,0.059
12/31/2015,49.1,0.075
1/1/2016,43.4,0
1/2/2016,39.7,0
1/3/2016,43.7,0
1/4/2016,32.3,0
1/5/2016,29.2,0
1/6/2016,38.1,0
1/7/2016,41.8,0
1/8/2016,42.7,0
1/9/2016,47.3,0.02
1/10/2016,56.6,1.142
1/11/2016,37,0
1/12/2016,41.8,0
1/13/2016,29.4,0
1/14/2016,36.5,0
1/15/2016,47.2,0.016
1/16/2016,49.5,0.449
1/17/2016,38.4,0
1/18/2016,28.9,0
1/19/2016,27.7,0
1/20/2016,36.7,0
1/21/2016,35.5,0
1/22/2016,30.1,0
1/23/2016,27.9,0
1/24/2016,28.3,0
1/25/2016,30.7,0
1/26/2016,40.9,0.008
1/27/2016,39,0.031
1/28/2016,36.4,0
1/29/2016,38.6,0.004
1/30/2016,34.3,0
1/31/2016,44,0
2/1/2016,50.8,0
2/2/2016,48,0
2/3/2016,54.4,0.559
2/4/2016,53.5,0.106
2/5/2016,40.1,0.118
2/6/2016,36.3,0
2/7/2016,41.4,0
2/8/2016,34.4,0.004
2/9/2016,33.3,0
2/10/2016,38,0
2/11/2016,27.4,0
2/12/2016,24.3,0
2/13/2016,19.1,0
2/14/2016,14.6,0
2/15/2016,41.8,0.193
2/16/2016,52.5,0.941
2/17/2016,43.4,0
2/18/2016,34.6,0
2/19/2016,35.5,0.004
2/20/2016,58,0
2/21/2016,52.1,0.063
2/22/2016,49.3,0.043
2/23/2016,41.2,0.256
2/24/2016,56.6,0.969
2/25/2016,56.8,0.161
2/26/2016,37.5,0
2/27/2016,39.6,0
2/28/2016,56.6,0
2/29/2016,55.9,0.031
3/1/2016,48.1,0.051
3/2/2016,51.7,0.193
3/3/2016,35.5,0
3/4/2016,36.8,0
3/5/2016,38.2,0
3/6/2016,42.1,0
3/7/2016,55.7,0
3/8/2016,58,0
3/9/2016,70.7,0
3/10/2016,74.4,0
3/11/2016,61.6,0.146
3/12/2016,56.7,0
3/13/2016,58.9,0.004
3/14/2016,46.8,0.201
3/15/2016,53.2,0
3/16/2016,60.7,0.043
3/17/2016,60.4,0
3/18/2016,55.1,0.004
3/19/2016,45.3,0
3/20/2016,40,0.028
3/21/2016,48.1,0.004
3/22/2016,53.4,0
3/23/2016,66.7,0
3/24/2016,54.6,0
3/25/2016,69.1,0.157
3/26/2016,51.1,0
3/27/2016,49.7,0
3/28/2016,56.8,0.122
3/29/2016,51,0
3/30/2016,51.8,0
3/31/2016,68.2,0
4/1/2016,71.6,0.098
4/2/2016,55.3,0.394
4/3/2016,46.2,0.165
4/4/2016,51.6,0.508
4/5/2016,40.1,0
4/6/2016,45.3,0
4/7/2016,55.9,0.413
4/8/2016,48.8,0.008
4/9/2016,42.7,0.13
4/10/2016,48.1,0
4/11/2016,58.9,0.012
4/12/2016,54.5,0.24
4/13/2016,53,0
4/14/2016,56.8,0
4/15/2016,58.9,0
4/16/2016,62,0
4/17/2016,67.6,0
4/18/2016,74.3,0
4/19/2016,66.7,0
4/20/2016,63.1,0
4/21/2016,69.1,0
4/22/2016,76.5,0.102
4/23/2016,67,0.094
4/24/2016,63.6,0
4/25/2016,65.4,0
4/26/2016,69.7,0.339
4/27/2016,57.3,0.008
4/28/2016,55.6,0.047
4/29/2016,53.7,0.067
4/30/2016,60,0
5/1/2016,49.3,0.197
5/2/2016,57.7,0.209
5/3/2016,53.5,0.984
5/4/2016,51.6,0.217
5/5/2016,54.2,0.004
5/6/2016,52.9,0.386
5/7/2016,57.6,0.063
5/8/2016,62.8,0.146
5/9/2016,69.6,0
5/10/2016,62.3,0
5/11/2016,70.5,0
5/12/2016,73,0
5/13/2016,63.1,0.382
5/14/2016,68.6,0.055
5/15/2016,56.2,0.008
5/16/2016,64.3,0
5/17/2016,64.3,0
5/18/2016,64.7,0
5/19/2016,67.2,0
5/20/2016,73,0
5/21/2016,60.8,0.02
5/22/2016,67.9,0.102
5/23/2016,72.8,0.008
5/24/2016,70.7,0.516
5/25/2016,85.5,0
5/26/2016,85.9,0
5/27/2016,84.1,0.008
5/28/2016,87.1,0
5/29/2016,85,0.024
5/30/2016,79.6,0.386
5/31/2016,82.5,0
6/1/2016,80,0
6/2/2016,72.9,0
6/3/2016,67.9,0.268
6/4/2016,79.2,0.028
6/5/2016,70.8,0.319
6/6/2016,81.8,0
6/7/2016,83,0
6/8/2016,69.4,0.421
6/9/2016,70.9,0
6/10/2016,75.1,0
6/11/2016,85.5,0
6/12/2016,79.7,0
6/13/2016,75.4,0
6/14/2016,79.6,0
6/15/2016,84.3,0
6/16/2016,76.3,0.008
6/17/2016,76.4,0.031
6/18/2016,84.7,0
6/19/2016,85.4,0
6/20/2016,83.6,0
6/21/2016,88.4,0.146
6/22/2016,86.9,0
6/23/2016,82.1,0.059
6/24/2016,81.4,0
6/25/2016,83,0
6/26/2016,85.7,0
6/27/2016,82.3,0.138
6/28/2016,74.8,0.484
6/29/2016,82.5,0.039
6/30/2016,83.7,0
7/1/2016,79.1,0.087
7/2/2016,78.1,0
7/3/2016,81.7,0
7/4/2016,82.8,0.118
7/5/2016,85.7,0.319
7/6/2016,90,0
7/7/2016,89.7,0.075
7/8/2016,85.7,0.264
7/9/2016,73.4,0.449
7/10/2016,80.1,0.067
7/11/2016,77.8,0
7/12/2016,79.7,0
7/13/2016,83.2,0.008
7/14/2016,87.6,0.213
7/15/2016,89.8,0.047
7/16/2016,88.4,0.098
7/17/2016,88.5,0
7/18/2016,93,0.075
7/19/2016,83.2,0
7/20/2016,83,0
7/21/2016,88.5,0
7/22/2016,95.1,0.008
7/23/2016,95,0
7/24/2016,92.2,0
7/25/2016,92,0.232
7/26/2016,91.3,0
7/27/2016,89.5,0
7/28/2016,91.2,0.028
7/29/2016,84.1,1.063
7/30/2016,82.7,0.402
7/31/2016,76.9,0.693
8/1/2016,76.9,0.02
8/2/2016,75.1,0.059
8/3/2016,77.1,0
8/4/2016,79.4,0
8/5/2016,80.5,0
8/6/2016,86,0.051
8/7/2016,86,0
8/8/2016,85.9,0
8/9/2016,85.5,0
8/10/2016,84.8,0.563
8/11/2016,88.7,0.22
8/12/2016,93.1,0.039
8/13/2016,92.3,0.028
8/14/2016,92.9,0
8/15/2016,89.5,0.008
8/16/2016,84.1,0.303
8/17/2016,85.4,0.008
8/18/2016,84.6,0.012
8/19/2016,83.8,0.016
8/20/2016,82.6,0.059
8/21/2016,84.1,0.343
8/22/2016,78.1,0.02
8/23/2016,80,0
8/24/2016,84.8,0
8/25/2016,84.4,0
8/26/2016,89.7,0.004
8/27/2016,86.1,0
8/28/2016,85.9,0
8/29/2016,89.9,0
8/30/2016,83.4,0
8/31/2016,85.9,0
9/1/2016,78.4,0.256
9/2/2016,79.2,0
9/3/2016,73.5,0
9/4/2016,78.7,0
9/5/2016,82.6,0
9/6/2016,79.4,0.091
9/7/2016,81.8,0.024
9/8/2016,84.6,0
9/9/2016,89.6,0.079
9/10/2016,88.7,0.114
9/11/2016,80.6,0.031
9/12/2016,75.8,0
9/13/2016,81.4,0
9/14/2016,89,0
9/15/2016,72.8,0
9/16/2016,72,0
9/17/2016,76.9,0
9/18/2016,83.1,0.016
9/19/2016,72.5,0.748
9/20/2016,79.8,0.004
9/21/2016,81.4,0
9/22/2016,81,0
9/23/2016,84.4,0
9/24/2016,69.5,0.189
9/25/2016,68,0
9/26/2016,69.8,0
9/27/2016,72.4,0.323
9/28/2016,70.4,0.043
9/29/2016,65.1,0.071
9/30/2016,59.8,0.5
10/1/2016,63.3,0.028
10/2/2016,63.3,0.031
10/3/2016,71.7,0
