time,temperature_2m_max (Â°F),precipitation_sum (inch)
4/3/2005,48.3,0.102
4/4/2005,62.9,0
4/5/2005,69.1,0
4/6/2005,81.6,0
4/7/2005,74.8,0.205
4/8/2005,66.4,0.248
4/9/2005,63.5,0
4/10/2005,70.9,0
4/11/2005,66.9,0
4/12/2005,53.2,0.055
4/13/2005,60.5,0.035
4/14/2005,64.3,0
4/15/2005,56.3,0
4/16/2005,60.1,0
4/17/2005,71.9,0
4/18/2005,75.6,0
4/19/2005,81.9,0
4/20/2005,84.8,0
4/21/2005,66.5,0.067
4/22/2005,58.2,0.311
4/23/2005,69.2,0.701
4/24/2005,51.8,0.004
4/25/2005,59.9,0
4/26/2005,69.8,0.024
4/27/2005,67.8,0
4/28/2005,65.3,0
4/29/2005,62.3,0.02
4/30/2005,68.9,0.724
5/1/2005,64.1,0.13
5/2/2005,63.7,0.051
5/3/2005,58.7,0
5/4/2005,59.8,0
5/5/2005,63.6,0
5/6/2005,55.7,0
5/7/2005,70.3,0.024
5/8/2005,73.4,0
5/9/2005,77.1,0
5/10/2005,75.1,0
5/11/2005,85,0
5/12/2005,73.3,0
5/13/2005,63,0
5/14/2005,83.7,0.008
5/15/2005,73.7,0.031
5/16/2005,71.6,0.02
5/17/2005,68.9,0
5/18/2005,73.8,0
5/19/2005,71.6,0.323
5/20/2005,57.7,2.476
5/21/2005,72.3,0
5/22/2005,72.1,0
5/23/2005,67.3,0.083
5/24/2005,56.7,0.587
5/25/2005,58.1,0.051
5/26/2005,76.7,0
5/27/2005,78.4,0
5/28/2005,77.8,0.008
5/29/2005,75.3,0
5/30/2005,76,0
5/31/2005,77.9,0
6/1/2005,78.5,0
6/2/2005,63.7,0.016
6/3/2005,62.9,0.559
6/4/2005,75.4,0
6/5/2005,85.1,0
6/6/2005,91.2,0
6/7/2005,89.2,0
6/8/2005,91.5,0
6/9/2005,87.5,0.122
6/10/2005,87,0.02
6/11/2005,88,0
6/12/2005,86,0
6/13/2005,89.6,0
6/14/2005,94.5,0
6/15/2005,88.7,0
6/16/2005,84.8,0
6/17/2005,77,0.024
6/18/2005,79.5,0
6/19/2005,75.3,0.028
6/20/2005,73.5,0
6/21/2005,82.4,0
6/22/2005,85.3,0.122
6/23/2005,84.8,0
6/24/2005,88.4,0
6/25/2005,91.7,0
6/26/2005,90.1,0
6/27/2005,79.7,0.126
6/28/2005,92.9,0.252
6/29/2005,85.5,0.492
6/30/2005,87.8,0
7/1/2005,92.1,0.008
7/2/2005,87,0.039
7/3/2005,84.6,0
7/4/2005,88.3,0
7/5/2005,90.1,0.512
7/6/2005,86.8,0.008
7/7/2005,83.6,0.378
7/8/2005,79.2,2.193
7/9/2005,84.7,0
7/10/2005,88.2,0
7/11/2005,90.5,0
7/12/2005,92.1,0.075
7/13/2005,85.1,0.094
7/14/2005,83.4,0.685
7/15/2005,82.3,0.244
7/16/2005,87.1,0.343
7/17/2005,88.1,0.094
7/18/2005,90.3,0.024
7/19/2005,89.1,0
7/20/2005,90.6,0
7/21/2005,92.8,0
7/22/2005,92.8,0
7/23/2005,89.2,0
7/24/2005,87.2,0
7/25/2005,95.4,0.039
7/26/2005,98.6,0
7/27/2005,99.9,0.012
7/28/2005,85.6,0.016
7/29/2005,77,0.61
7/30/2005,83.9,0.146
7/31/2005,81.8,0
8/1/2005,87.9,0
8/2/2005,94.5,0.016
8/3/2005,94.7,0.035
8/4/2005,95.3,0
8/5/2005,96.6,0.043
8/6/2005,89.4,0.311
8/7/2005,87.8,0.016
8/8/2005,87.3,0.087
8/9/2005,76.7,0.272
8/10/2005,86,0.008
8/11/2005,93.8,0
8/12/2005,95.8,0
8/13/2005,97,0.008
8/14/2005,96.6,0.004
8/15/2005,92.4,0
8/16/2005,83.3,0.406
8/17/2005,87.4,0.02
8/18/2005,86.3,0.024
8/19/2005,76.7,0.374
8/20/2005,91,0
8/21/2005,93.2,0
8/22/2005,88.5,0
8/23/2005,85.7,0
8/24/2005,84.2,0
8/25/2005,84.7,0
8/26/2005,81.9,0
8/27/2005,75.1,0.232
8/28/2005,85.5,0.098
8/29/2005,87.2,0
8/30/2005,84.5,0.012
8/31/2005,89.9,0
9/1/2005,87,0
9/2/2005,88.7,0
9/3/2005,85.1,0
9/4/2005,84.4,0
9/5/2005,82.8,0
9/6/2005,81.3,0
9/7/2005,81.6,0
9/8/2005,86.4,0
9/9/2005,88,0.091
9/10/2005,84.3,0
9/11/2005,83.3,0
9/12/2005,88.1,0
9/13/2005,90.2,0
9/14/2005,85.1,0.012
9/15/2005,88.6,0.043
9/16/2005,89.8,0
9/17/2005,88.8,0.004
9/18/2005,87.4,0
9/19/2005,88.7,0
9/20/2005,91.6,0.008
9/21/2005,85.7,0
9/22/2005,88.4,0
9/23/2005,93.6,0
9/24/2005,76.9,0.008
9/25/2005,78,0
9/26/2005,84.2,0.24
9/27/2005,80.2,0
9/28/2005,79,0
9/29/2005,73.4,0.004
9/30/2005,70.5,0
10/1/2005,77,0
10/2/2005,79.9,0
10/3/2005,78.9,0
10/4/2005,73.5,0
10/5/2005,80.6,0
10/6/2005,82.3,0.031
10/7/2005,72.4,1.551
10/8/2005,71.9,3.291
10/9/2005,66.2,0
10/10/2005,65.9,0.087
10/11/2005,67.6,0.161
10/12/2005,63.9,0
10/13/2005,60.7,0
10/14/2005,67.5,0
10/15/2005,75.8,0
10/16/2005,65.1,0
10/17/2005,65.8,0
10/18/2005,75.8,0
10/19/2005,74.6,0
10/20/2005,63.4,0.031
10/21/2005,54,0.335
10/22/2005,59.1,0.339
10/23/2005,61.6,0
10/24/2005,59.9,0.244
10/25/2005,47.7,0.583
10/26/2005,55.5,0.004
10/27/2005,53.5,0
10/28/2005,53,0.012
10/29/2005,51.2,0
10/30/2005,63.3,0
10/31/2005,69.3,0
11/1/2005,66.8,0
11/2/2005,59.8,0.012
11/3/2005,65.8,0
11/4/2005,68.5,0
11/5/2005,72.5,0
11/6/2005,74.1,0.016
11/7/2005,63,0
11/8/2005,69.1,0.094
11/9/2005,67.8,0.004
11/10/2005,67.9,0.004
11/11/2005,53,0
11/12/2005,59.8,0
11/13/2005,64.9,0
11/14/2005,64.7,0
11/15/2005,68.9,0.004
11/16/2005,74.2,0.512
11/17/2005,47.2,0.012
11/18/2005,41,0
11/19/2005,48.7,0
11/20/2005,57.3,0
11/21/2005,49.7,0.394
11/22/2005,49.1,0.472
11/23/2005,40.8,0.043
11/24/2005,51.6,0.031
11/25/2005,34.3,0
11/26/2005,43.5,0
11/27/2005,50.4,0.102
11/28/2005,64,0.012
11/29/2005,64.9,0.654
11/30/2005,55.2,0.134
12/1/2005,44.3,0.004
12/2/2005,39.7,0
12/3/2005,37.4,0.028
12/4/2005,51,0.146
12/5/2005,36.7,0.26
12/6/2005,35.4,0.091
12/7/2005,34.6,0
12/8/2005,33.5,0.008
12/9/2005,33.9,0.748
12/10/2005,38.2,0
12/11/2005,40.7,0
12/12/2005,38.8,0
12/13/2005,30.9,0
12/14/2005,26.7,0
12/15/2005,44.9,0.768
12/16/2005,43.9,0.091
12/17/2005,40.2,0
12/18/2005,43.3,0
12/19/2005,38.3,0
12/20/2005,38,0
12/21/2005,36.9,0
12/22/2005,41.8,0
12/23/2005,50.4,0
12/24/2005,54.4,0
12/25/2005,46.7,0.39
12/26/2005,46.6,0.008
12/27/2005,46.1,0
12/28/2005,51.8,0.079
12/29/2005,48.2,0.22
12/30/2005,47.3,0
12/31/2005,48.6,0.02
1/1/2006,48.7,0
1/2/2006,45.5,0.724
1/3/2006,45.5,0.118
1/4/2006,47.1,0
1/5/2006,51.7,0
1/6/2006,43,0
1/7/2006,38.3,0
1/8/2006,48.9,0
1/9/2006,62.6,0
1/10/2006,49.9,0
1/11/2006,55.4,0.394
1/12/2006,58.9,0
1/13/2006,61.6,0
1/14/2006,59.2,0.433
1/15/2006,39.4,0
1/16/2006,40.7,0
1/17/2006,54.5,0.016
1/18/2006,61.1,0.606
1/19/2006,52.2,0
1/20/2006,60.5,0
1/21/2006,64.2,0.02
1/22/2006,43.2,0.039
1/23/2006,41,0.343
1/24/2006,49.4,0.004
1/25/2006,42.7,0
1/26/2006,39.2,0
1/27/2006,43.7,0
1/28/2006,58.8,0
1/29/2006,58.4,0.075
1/30/2006,63.3,0
1/31/2006,48.8,0.094
2/1/2006,47.3,0
2/2/2006,53.9,0.016
2/3/2006,63.6,0.346
2/4/2006,59.9,0.236
2/5/2006,45.4,0
2/6/2006,45,0
2/7/2006,42.8,0
2/8/2006,37.4,0
2/9/2006,37.4,0
2/10/2006,42.5,0
2/11/2006,37.8,0.543
2/12/2006,36,0.622
2/13/2006,36.6,0
2/14/2006,44,0
2/15/2006,53.3,0
2/16/2006,61.5,0
2/17/2006,58,0.035
2/18/2006,37.7,0.016
2/19/2006,30.3,0
2/20/2006,40.1,0
2/21/2006,48,0
2/22/2006,38.6,0.126
2/23/2006,51.9,0.008
2/24/2006,42.9,0
2/25/2006,55.9,0
2/26/2006,35.3,0
2/27/2006,38.8,0
2/28/2006,44.9,0.004
3/1/2006,50.4,0
3/2/2006,52,0.346
3/3/2006,45.5,0
3/4/2006,46.1,0
3/5/2006,50.5,0
3/6/2006,46.3,0
3/7/2006,48.5,0
3/8/2006,52.6,0
3/9/2006,66.5,0
3/10/2006,75.7,0.122
3/11/2006,69.8,0
3/12/2006,74.3,0.075
3/13/2006,82.2,0
3/14/2006,68.3,0.067
3/15/2006,53,0
3/16/2006,55.9,0
3/17/2006,51.8,0.004
3/18/2006,47.6,0
3/19/2006,51.9,0
3/20/2006,48.8,0
3/21/2006,40.1,0.043
3/22/2006,48.1,0
3/23/2006,50,0
3/24/2006,51.7,0
3/25/2006,53.1,0
3/26/2006,51.8,0
3/27/2006,58.1,0
3/28/2006,63.3,0
3/29/2006,62.7,0
3/30/2006,68.9,0
3/31/2006,77.6,0.008
4/1/2006,74.2,0.094
4/2/2006,68.5,0
4/3/2006,69.5,0.449
4/4/2006,59.1,0
4/5/2006,53.5,0.031
4/6/2006,65.3,0
4/7/2006,80.1,0.13
4/8/2006,65.1,1.004
4/9/2006,56.4,0
4/10/2006,63.9,0
4/11/2006,73,0
4/12/2006,71.1,0
4/13/2006,78.8,0.075
4/14/2006,74.3,0.012
4/15/2006,81.3,0.276
4/16/2006,72.6,0
4/17/2006,60.7,0.327
4/18/2006,69.8,0
4/19/2006,75.2,0
4/20/2006,82.2,0
4/21/2006,71.3,0.256
4/22/2006,64.9,1.173
4/23/2006,72.6,0.055
4/24/2006,73.4,0
4/25/2006,76.4,0.087
4/26/2006,60.5,0.039
4/27/2006,70.4,0
4/28/2006,65.1,0
4/29/2006,65.2,0
4/30/2006,66.8,0
5/1/2006,69,0
5/2/2006,78.8,0
5/3/2006,76.8,0
5/4/2006,83.5,0
5/5/2006,81.5,0.016
5/6/2006,79.4,0.02
5/7/2006,67.1,0.138
5/8/2006,59.3,0.075
5/9/2006,71.4,0
5/10/2006,79.7,0
5/11/2006,69.8,0.909
5/12/2006,70.4,0
5/13/2006,71.1,0.004
5/14/2006,72.3,0.063
5/15/2006,68.7,0.236
5/16/2006,67.1,0.039
5/17/2006,72.5,0.094
5/18/2006,74,0
5/19/2006,63.8,0.008
5/20/2006,72,0.012
5/21/2006,76.7,0
5/22/2006,70.4,0
5/23/2006,68.6,0
5/24/2006,75.9,0
5/25/2006,77,0.016
5/26/2006,87.6,0.114
5/27/2006,82.6,0
5/28/2006,88.3,0
5/29/2006,92.2,0
5/30/2006,96.5,0.047
5/31/2006,91.2,0
6/1/2006,92.5,0.213
6/2/2006,84.6,0.354
6/3/2006,77.9,0.043
6/4/2006,76.4,0.055
6/5/2006,74.6,0.004
6/6/2006,76.8,0.008
6/7/2006,82.6,0
6/8/2006,81.6,0.11
6/9/2006,81.3,0.043
6/10/2006,74.9,0
6/11/2006,76.1,0
6/12/2006,75.2,0.201
6/13/2006,83.7,0
6/14/2006,71.5,0.22
6/15/2006,84.3,0
6/16/2006,87.3,0
6/17/2006,90.5,0
6/18/2006,94.3,0
6/19/2006,92.6,0.024
6/20/2006,89.1,0
6/21/2006,92,0
6/22/2006,99.5,0.118
6/23/2006,95.2,0.886
6/24/2006,83.6,0.992
6/25/2006,78.8,0.827
6/26/2006,79.1,0.996
6/27/2006,76.5,1.429
6/28/2006,86,0.13
6/29/2006,85.2,0
6/30/2006,81.6,0
7/1/2006,85.7,0
7/2/2006,92.7,0
7/3/2006,91.2,0
7/4/2006,94,0.102
7/5/2006,82,0.878
7/6/2006,78.3,0.358
7/7/2006,79.2,0
7/8/2006,80.9,0
7/9/2006,81.9,0
7/10/2006,84.7,0
7/11/2006,89.4,0
7/12/2006,92.7,0.11
7/13/2006,84.2,0.091
7/14/2006,86.6,0.047
7/15/2006,86.9,0.591
7/16/2006,92.3,0
7/17/2006,97.8,0
7/18/2006,97.9,0.031
7/19/2006,91.2,0.059
7/20/2006,88.6,0.008
7/21/2006,93.8,0.118
7/22/2006,89,0.299
7/23/2006,82.4,0.004
7/24/2006,86.9,0
7/25/2006,85.8,0
7/26/2006,89,0
7/27/2006,93.5,0.02
7/28/2006,96,0
7/29/2006,93.7,0.008
7/30/2006,94.7,0.106
7/31/2006,97,0
8/1/2006,98.9,0
8/2/2006,100.8,0.004
8/3/2006,100.1,0
8/4/2006,95,0.016
8/5/2006,92.5,0
8/6/2006,91.8,0
8/7/2006,96.3,0.28
8/8/2006,90.6,0
8/9/2006,86.9,0
8/10/2006,78.2,0.472
8/11/2006,82.2,0
8/12/2006,82.4,0
8/13/2006,85.2,0
8/14/2006,88.5,0
8/15/2006,87.2,0.142
8/16/2006,88.9,0.008
8/17/2006,87.7,0
8/18/2006,87,0
8/19/2006,88.9,0.028
8/20/2006,92.8,0
8/21/2006,88.3,0
8/22/2006,89.9,0
8/23/2006,91.4,0
8/24/2006,90.9,0
8/25/2006,94.5,0
8/26/2006,91.8,0.031
8/27/2006,91.3,0.004
8/28/2006,89.7,0.161
8/29/2006,95.3,0.161
8/30/2006,78.2,0.008
8/31/2006,74.9,0.031
9/1/2006,67.2,3.028
9/2/2006,68.7,0.76
9/3/2006,76.1,0
9/4/2006,77.6,0.197
9/5/2006,66.7,1.413
9/6/2006,76.3,0.004
9/7/2006,78.8,0
9/8/2006,80.6,0.012
9/9/2006,81.9,0
9/10/2006,80.1,0.02
9/11/2006,68.3,0
9/12/2006,69.5,0
9/13/2006,70.4,0.102
9/14/2006,66.7,0.878
9/15/2006,73.5,0.201
9/16/2006,73.4,0.004
9/17/2006,79.5,0
9/18/2006,82.7,0
9/19/2006,75.9,0.13
9/20/2006,65.5,0
9/21/2006,67.2,0
9/22/2006,70.7,0.004
9/23/2006,79.9,0.122
9/24/2006,82.5,0.287
9/25/2006,73.5,0
9/26/2006,73.9,0
9/27/2006,74.6,0
9/28/2006,77.1,0.476
9/29/2006,64.4,0.122
9/30/2006,66.7,0.02
10/1/2006,70.5,0.165
10/2/2006,74.2,0
10/3/2006,80.6,0
10/4/2006,82.4,0
10/5/2006,68.9,0.213
10/6/2006,58.1,1.846
10/7/2006,60.4,0.091
10/8/2006,68.5,0
10/9/2006,74.7,0
10/10/2006,78,0
10/11/2006,71.1,0
10/12/2006,70.7,0
10/13/2006,56.4,0
10/14/2006,60.1,0
10/15/2006,60.5,0
10/16/2006,63.9,0
10/17/2006,61.2,0.634
10/18/2006,74.3,0
10/19/2006,73.7,0
10/20/2006,68.4,0.37
10/21/2006,60.4,0
10/22/2006,62.1,0.024
10/23/2006,51.5,0
10/24/2006,49.6,0
10/25/2006,52.3,0
10/26/2006,53.5,0
10/27/2006,53.7,0.567
10/28/2006,63.2,0.906
10/29/2006,59.1,0
10/30/2006,66.4,0
10/31/2006,70.7,0
11/1/2006,69.3,0.035
11/2/2006,57.4,0.24
11/3/2006,46,0
11/4/2006,46.2,0
11/5/2006,49.9,0
11/6/2006,54.4,0
11/7/2006,57.7,0.555
11/8/2006,60.4,2.551
11/9/2006,68,0
11/10/2006,69.8,0
11/11/2006,73.9,0
11/12/2006,60.6,1.165
11/13/2006,58,0.016
11/14/2006,63.2,0
11/15/2006,64.1,0
11/16/2006,67,1.094
11/17/2006,58.4,0
11/18/2006,50.5,0
11/19/2006,49.9,0
11/20/2006,45.9,0
11/21/2006,45.7,0
11/22/2006,42.6,0.638
11/23/2006,46.4,0.102
11/24/2006,60,0
11/25/2006,56.4,0
11/26/2006,59.3,0
11/27/2006,59,0
11/28/2006,62.4,0
11/29/2006,59.9,0
11/30/2006,69,0
12/1/2006,73.5,0.079
12/2/2006,48,0
12/3/2006,47,0
12/4/2006,39.1,0
12/5/2006,39.4,0
12/6/2006,47.3,0
12/7/2006,49.5,0
12/8/2006,33.5,0
12/9/2006,40.6,0
12/10/2006,51.7,0
12/11/2006,58,0
12/12/2006,54.1,0
12/13/2006,53.7,0.083
12/14/2006,59.5,0
12/15/2006,61,0
12/16/2006,52.4,0
12/17/2006,62.3,0
12/18/2006,69.8,0
12/19/2006,50,0
12/20/2006,47.7,0
12/21/2006,51.2,0
12/22/2006,55,0.661
12/23/2006,58.9,0.134
12/24/2006,52.9,0
12/25/2006,50,0.492
12/26/2006,54.3,0.012
12/27/2006,47.2,0
12/28/2006,50.6,0
12/29/2006,51.7,0
12/30/2006,53.5,0
12/31/2006,45.9,0.087
1/1/2007,58.4,1.217
1/2/2007,49.7,0
1/3/2007,52.2,0
1/4/2007,60.1,0
1/5/2007,64.3,0.091
1/6/2007,70.4,0.165
1/7/2007,53.2,0.299
1/8/2007,54.2,0.823
1/9/2007,47.2,0.008
1/10/2007,38.2,0
1/11/2007,41.6,0
1/12/2007,50.9,0.035
1/13/2007,63.5,0.024
1/14/2007,66.2,0.075
1/15/2007,68,0
1/16/2007,61.6,0.024
1/17/2007,34.7,0
1/18/2007,35.7,0.024
1/19/2007,43.2,0.008
1/20/2007,36.4,0
1/21/2007,33.1,0.303
1/22/2007,37.9,0.075
1/23/2007,37.9,0
1/24/2007,37.8,0.012
1/25/2007,35.8,0
1/26/2007,31.7,0
1/27/2007,53.3,0
1/28/2007,41.9,0.012
1/29/2007,31.7,0
1/30/2007,42.8,0.004
1/31/2007,33.8,0
2/1/2007,36.7,0.004
2/2/2007,41.4,0.094
2/3/2007,38.2,0
2/4/2007,37,0
2/5/2007,21.2,0
2/6/2007,26,0.012
2/7/2007,29.2,0.067
2/8/2007,28.3,0
2/9/2007,32.5,0
2/10/2007,35.5,0
2/11/2007,38.6,0
2/12/2007,46,0
2/13/2007,33.3,0.232
2/14/2007,35.2,0.89
2/15/2007,24.9,0
2/16/2007,27.5,0
2/17/2007,37.5,0
2/18/2007,32.9,0
2/19/2007,36.6,0
2/20/2007,53.2,0.063
2/21/2007,54.5,0.016
2/22/2007,55,0.035
2/23/2007,38,0
2/24/2007,43.6,0
2/25/2007,34.6,0.898
2/26/2007,45.1,0.008
2/27/2007,51.9,0
2/28/2007,50.2,0
3/1/2007,53.8,0.114
3/2/2007,62.2,0.673
3/3/2007,59.5,0
3/4/2007,40.3,0
3/5/2007,48.6,0
3/6/2007,32.6,0
3/7/2007,31.4,0.201
3/8/2007,41,0
3/9/2007,43.5,0
3/10/2007,64.5,0.012
3/11/2007,56.3,0.098
3/12/2007,58.1,0.008
3/13/2007,71.4,0
3/14/2007,79.5,0
3/15/2007,73.4,0.154
3/16/2007,40.3,1.689
3/17/2007,36.6,0
3/18/2007,43.6,0
3/19/2007,54.9,0
3/20/2007,60.4,0
3/21/2007,45.6,0
3/22/2007,72.5,0.008
3/23/2007,78,0.051
3/24/2007,59.1,0.177
3/25/2007,61.1,0
3/26/2007,66.2,0
3/27/2007,80.7,0
3/28/2007,68.8,0
3/29/2007,60,0
3/30/2007,64.4,0
3/31/2007,61.5,0
4/1/2007,64.5,0.236
4/2/2007,78.5,0
4/3/2007,75.9,0
4/4/2007,65.7,0.114
4/5/2007,46.4,0
4/6/2007,49.1,0
4/7/2007,42.6,0.122
4/8/2007,45.1,0
4/9/2007,47.8,0
4/10/2007,50,0
4/11/2007,51.7,0.028
4/12/2007,65.7,0.681
4/13/2007,56.6,0
4/14/2007,56.7,0.291
4/15/2007,47.8,2.673
4/16/2007,46.8,0.043
4/17/2007,54.6,0
4/18/2007,53.3,0
4/19/2007,54.6,0.035
4/20/2007,68.9,0
4/21/2007,73.7,0
4/22/2007,79.7,0
4/23/2007,82.7,0
4/24/2007,79.4,0
4/25/2007,76.9,0.024
4/26/2007,62.1,0.024
4/27/2007,68.7,0.425
4/28/2007,69.2,0.051
4/29/2007,73.2,0
4/30/2007,83.2,0
5/1/2007,78.2,0
5/2/2007,79.9,0
5/3/2007,65.3,0
5/4/2007,69.2,0
5/5/2007,66.9,0.012
5/6/2007,62.6,0
5/7/2007,65.3,0
5/8/2007,74.2,0
5/9/2007,79.9,0
5/10/2007,79.9,0
5/11/2007,85.2,0
5/12/2007,81.4,0.559
5/13/2007,69.7,0.205
5/14/2007,72.6,0
5/15/2007,84.2,0
5/16/2007,85,0.232
5/17/2007,69.6,0.055
5/18/2007,60.2,0.126
5/19/2007,71.6,0.02
5/20/2007,78.7,0
5/21/2007,74.7,0
5/22/2007,78.1,0
5/23/2007,77.6,0
5/24/2007,81.2,0
5/25/2007,87,0
5/26/2007,90,0.008
5/27/2007,91,0.035
5/28/2007,89.6,0.063
5/29/2007,85.8,0
5/30/2007,89,0
5/31/2007,90.4,0.008
6/1/2007,90.5,0
6/2/2007,90.5,0
6/3/2007,75.2,0.37
6/4/2007,82.6,0.051
6/5/2007,82.6,0
6/6/2007,75.2,0.098
6/7/2007,87.6,0
6/8/2007,96.4,0
6/9/2007,88,0
6/10/2007,74.9,0.008
6/11/2007,83.8,0
6/12/2007,88.3,0.142
6/13/2007,83.3,0.181
6/14/2007,70.2,0.055
6/15/2007,70.5,0
6/16/2007,79,0
6/17/2007,92.1,0
6/18/2007,93.8,0
6/19/2007,96.3,0.008
6/20/2007,86.3,0.004
6/21/2007,87.8,0
6/22/2007,82.8,0
6/23/2007,83.2,0
6/24/2007,86.5,0
6/25/2007,87.8,0.307
6/26/2007,92.9,0.024
6/27/2007,97.3,0.091
6/28/2007,94.3,0.083
6/29/2007,78.9,0.339
6/30/2007,80.1,0.134
7/1/2007,80.8,0.004
7/2/2007,80.2,0
7/3/2007,80.8,0.016
7/4/2007,86,0.031
7/5/2007,81.5,0.413
7/6/2007,87,0.016
7/7/2007,88.4,0
7/8/2007,94.5,0
7/9/2007,98.2,0
7/10/2007,97.9,0.106
7/11/2007,91.5,0.012
7/12/2007,85.1,0
7/13/2007,88.5,0
7/14/2007,87.7,0
7/15/2007,94.3,0
7/16/2007,90.4,0.063
7/17/2007,92.9,0
7/18/2007,90.2,0.004
7/19/2007,95.9,0.165
7/20/2007,85.1,0.008
7/21/2007,83.7,0
7/22/2007,84.2,0
7/23/2007,85.7,0
7/24/2007,87,0
7/25/2007,84.6,0.043
7/26/2007,91.2,0
7/27/2007,94.3,0.004
7/28/2007,93,0.232
7/29/2007,82.6,0.488
7/30/2007,86,0.138
7/31/2007,90.5,0.004
8/1/2007,92.5,0
8/2/2007,94.1,0
8/3/2007,95.4,0.02
8/4/2007,97.3,0
8/5/2007,93.4,0.48
8/6/2007,93.4,0.154
8/7/2007,95.8,0
8/8/2007,101.1,0
8/9/2007,95.5,0
8/10/2007,93.2,0.071
8/11/2007,86.4,0
8/12/2007,90.5,0
8/13/2007,92.3,0
8/14/2007,89.2,0
8/15/2007,94.4,0
8/16/2007,97.5,0
8/17/2007,92.4,0.421
8/18/2007,82.1,0
8/19/2007,80.6,0.031
8/20/2007,73.4,0.382
8/21/2007,77.5,0.697
8/22/2007,71.6,0.087
8/23/2007,81.9,0
8/24/2007,91.9,0
8/25/2007,96.4,0.205
8/26/2007,85.9,0.173
8/27/2007,86.2,0
8/28/2007,85.3,0
8/29/2007,84.8,0
8/30/2007,85.9,0
8/31/2007,85.2,0
9/1/2007,82,0
9/2/2007,82.5,0
9/3/2007,88.8,0
9/4/2007,91.1,0
9/5/2007,90.3,0
9/6/2007,90,0
9/7/2007,91.8,0.012
9/8/2007,91.8,0
9/9/2007,88.4,0.008
9/10/2007,90.8,0.051
9/11/2007,82.2,0.24
9/12/2007,79.1,0
9/13/2007,80.5,0
9/14/2007,78.7,0.378
9/15/2007,70.7,0.461
9/16/2007,66.7,0
9/17/2007,69.8,0
9/18/2007,71.5,0
9/19/2007,76,0
9/20/2007,78.5,0
9/21/2007,83.4,0
9/22/2007,86.6,0.012
9/23/2007,84.8,0
9/24/2007,82.6,0
9/25/2007,88.8,0
9/26/2007,91.2,0
9/27/2007,87.1,0
9/28/2007,79.7,0
9/29/2007,77,0
9/30/2007,77.8,0
10/1/2007,76.3,0
10/2/2007,79.2,0
10/3/2007,82.8,0
10/4/2007,84.9,0
10/5/2007,82.8,0
10/6/2007,83.3,0
10/7/2007,91.4,0
10/8/2007,90.1,0
10/9/2007,92.2,0.008
10/10/2007,83.5,0.039
10/11/2007,67.6,0
10/12/2007,68,0
10/13/2007,68.5,0
10/14/2007,70.2,0
10/15/2007,75.2,0
10/16/2007,77.6,0
10/17/2007,81.1,0
10/18/2007,80.8,0.004
10/19/2007,75.1,0.268
10/20/2007,73.4,0
10/21/2007,78.9,0
10/22/2007,80.1,0
10/23/2007,82,0
10/24/2007,73.5,0.457
10/25/2007,58.7,0.248
10/26/2007,65,1.484
10/27/2007,69.8,0.638
10/28/2007,58.1,0
10/29/2007,56.3,0
10/30/2007,62.6,0
10/31/2007,65.5,0
11/1/2007,68.3,0
11/2/2007,56.5,0
11/3/2007,60.2,0
11/4/2007,59.2,0
11/5/2007,60.8,0.008
11/6/2007,53.6,0.122
11/7/2007,50.9,0
11/8/2007,47.4,0
11/9/2007,50.5,0.031
11/10/2007,48.5,0.079
11/11/2007,51.3,0.035
11/12/2007,56.3,0
11/13/2007,64.1,0.039
11/14/2007,67.1,0
11/15/2007,62.3,0.732
11/16/2007,46.4,0
11/17/2007,50.8,0
11/18/2007,55.8,0.016
11/19/2007,46.8,0.004
11/20/2007,61.8,0
11/21/2007,72.5,0
11/22/2007,73.6,0.012
11/23/2007,45.5,0
11/24/2007,42.6,0
11/25/2007,53,0
11/26/2007,61.2,0.13
11/27/2007,61.7,0.071
11/28/2007,45.8,0
11/29/2007,57.1,0
11/30/2007,47,0
12/1/2007,42.4,0
12/2/2007,47.9,0.413
12/3/2007,50.8,0.091
12/4/2007,39.8,0
12/5/2007,34.2,0.232
12/6/2007,32,0
12/7/2007,35.6,0.02
12/8/2007,48.5,0.157
12/9/2007,47.6,0.004
12/10/2007,52.1,0.197
12/11/2007,52.9,0.008
12/12/2007,60.8,0
12/13/2007,42.5,0.118
12/14/2007,50,0
12/15/2007,38.7,0.157
12/16/2007,45.8,0.63
12/17/2007,39.3,0
12/18/2007,40.7,0
12/19/2007,43.2,0
12/20/2007,44.5,0
12/21/2007,44.6,0
12/22/2007,49.5,0
12/23/2007,60.3,0.339
12/24/2007,49.5,0
12/25/2007,49.1,0
12/26/2007,40.2,0.094
12/27/2007,52.4,0
12/28/2007,48.2,0.276
12/29/2007,52.4,0.276
12/30/2007,43.7,0.248
12/31/2007,50,0.039
1/1/2008,48.9,0
1/2/2008,36.5,0
1/3/2008,30.9,0
1/4/2008,39.5,0
1/5/2008,42.5,0
1/6/2008,53.8,0.193
1/7/2008,67.2,0
1/8/2008,67.2,0
1/9/2008,62,0.091
1/10/2008,52.3,0.248
1/11/2008,60.2,0.205
1/12/2008,49.5,0
1/13/2008,46.8,0.075
1/14/2008,44.3,0
1/15/2008,37.8,0.004
1/16/2008,40.7,0
1/17/2008,36.5,0.622
1/18/2008,44.5,0.008
1/19/2008,37.7,0.016
1/20/2008,32.2,0
1/21/2008,27.7,0
1/22/2008,37.2,0.079
1/23/2008,40.1,0
1/24/2008,37.1,0
1/25/2008,34.3,0
1/26/2008,38.5,0
1/27/2008,41.7,0
1/28/2008,43.9,0
1/29/2008,49.3,0
1/30/2008,50.9,0.051
1/31/2008,41,0
2/1/2008,52.6,1.65
2/2/2008,49.5,0
2/3/2008,54.2,0
2/4/2008,55.1,0
2/5/2008,64.6,0.012
2/6/2008,72.5,0.063
2/7/2008,61.4,0.047
2/8/2008,50.2,0
2/9/2008,56.4,0.008
2/10/2008,47.3,0
2/11/2008,29.9,0
2/12/2008,33.6,0.102
2/13/2008,39.2,0.465
2/14/2008,41.7,0.031
2/15/2008,55.6,0
2/16/2008,44,0
2/17/2008,56.7,0
2/18/2008,62.1,0.602
2/19/2008,47.5,0.004
2/20/2008,36.7,0.059
2/21/2008,33.3,0
2/22/2008,34.7,0.224
2/23/2008,40.7,0
2/24/2008,43.6,0.008
2/25/2008,50,0
2/26/2008,51.5,0.248
2/27/2008,41.1,0
2/28/2008,35.1,0
2/29/2008,43.8,0.024
3/1/2008,47.7,0.012
3/2/2008,49.3,0
3/3/2008,65,0
3/4/2008,71.5,0.205
3/5/2008,60.5,0.378
3/6/2008,53.9,0
3/7/2008,50.9,0.5
3/8/2008,58.6,0.791
3/9/2008,45.1,0
3/10/2008,53.1,0.028
3/11/2008,52.2,0.039
3/12/2008,55.8,0
3/13/2008,60.7,0
3/14/2008,64.7,0.004
3/15/2008,60.8,0.091
3/16/2008,52.1,0.26
3/17/2008,51.3,0
3/18/2008,51.8,0.02
3/19/2008,67.5,0.315
3/20/2008,64.4,0.134
3/21/2008,55.2,0
3/22/2008,49.2,0.031
3/23/2008,49.9,0
3/24/2008,48.6,0
3/25/2008,51.8,0.016
3/26/2008,67.1,0.004
3/27/2008,59.2,0.075
3/28/2008,72.1,0.016
3/29/2008,50.7,0
3/30/2008,49.3,0
3/31/2008,56.5,0
4/1/2008,72.1,0.11
4/2/2008,56.3,0
4/3/2008,52,0.465
4/4/2008,66.5,0.102
4/5/2008,62.8,0.102
4/6/2008,51.3,0.386
4/7/2008,48.3,0.004
4/8/2008,53.2,0
4/9/2008,66.8,0
4/10/2008,73.9,0
4/11/2008,79.6,0
4/12/2008,73.8,0.201
4/13/2008,57.3,0.004
4/14/2008,55.2,0
4/15/2008,59.7,0
4/16/2008,65.8,0
4/17/2008,74.1,0
4/18/2008,82.7,0
4/19/2008,80.3,0
4/20/2008,65.5,0.764
4/21/2008,61.8,0.693
4/22/2008,69.4,0.004
4/23/2008,73.5,0
4/24/2008,76.6,0
4/25/2008,78.8,0
4/26/2008,79.8,0.134
4/27/2008,59.3,0.161
4/28/2008,62.1,0.602
4/29/2008,61.1,0.028
4/30/2008,58.8,0.016
5/1/2008,66.6,0.008
5/2/2008,81.4,0.004
5/3/2008,80.9,0.012
5/4/2008,71.8,0
5/5/2008,71.6,0
5/6/2008,76.2,0
5/7/2008,81.1,0
5/8/2008,75,0.26
5/9/2008,63.6,1.295
5/10/2008,62.4,0.398
5/11/2008,63.4,1.087
5/12/2008,50.6,1.323
5/13/2008,70.5,0
5/14/2008,75,0
5/15/2008,74.9,0.039
5/16/2008,71.4,0.65
5/17/2008,73.8,0
5/18/2008,72,0.067
5/19/2008,64.1,0
5/20/2008,61.8,0.268
5/21/2008,67.9,0
5/22/2008,65.6,0
5/23/2008,69.3,0
5/24/2008,70.2,0
5/25/2008,74.6,0
5/26/2008,83.7,0
5/27/2008,82,0.181
5/28/2008,68.3,0
5/29/2008,76.9,0
5/30/2008,82.5,0
5/31/2008,84.2,0.134
6/1/2008,84.2,0
6/2/2008,78.9,0
6/3/2008,82.5,0.5
6/4/2008,88.4,0.406
6/5/2008,86.9,0.028
6/6/2008,87.7,0
6/7/2008,96.4,0
6/8/2008,96,0
6/9/2008,96.7,0
6/10/2008,98.6,0.024
6/11/2008,86.3,0
6/12/2008,89.8,0
6/13/2008,90.2,0
6/14/2008,90.7,0.205
6/15/2008,85.1,0.024
6/16/2008,90.5,0.138
6/17/2008,77.1,0
6/18/2008,78.9,0
6/19/2008,75,0
6/20/2008,84,0
6/21/2008,86.8,0.154
6/22/2008,86.8,0.051
6/23/2008,85.9,0.008
6/24/2008,81.9,0
6/25/2008,88.4,0
6/26/2008,93.2,0
6/27/2008,94.1,0.063
6/28/2008,94,0
6/29/2008,90.1,0.335
6/30/2008,83.8,0.161
7/1/2008,80.8,0
7/2/2008,86.5,0
7/3/2008,92.3,0
7/4/2008,87.4,0.091
7/5/2008,81,0.339
7/6/2008,82.2,0.508
7/7/2008,84.5,0.039
7/8/2008,89.8,0.063
7/9/2008,83.4,0.461
7/10/2008,84.5,0
7/11/2008,88.5,0
7/12/2008,89.4,0
7/13/2008,91,0.157
7/14/2008,83.5,0.65
7/15/2008,86,0
7/16/2008,88.7,0
7/17/2008,93.2,0
7/18/2008,93.6,0
7/19/2008,93.4,0
7/20/2008,94.2,0
7/21/2008,92.8,0
7/22/2008,96.4,0.016
7/23/2008,87.7,0.799
7/24/2008,82.8,0.031
7/25/2008,86.8,0
7/26/2008,86,0
7/27/2008,86.1,0.248
7/28/2008,88,0
7/29/2008,90.2,0.051
7/30/2008,90.7,0
7/31/2008,86,0.012
8/1/2008,91.4,0
8/2/2008,89.6,0.646
8/3/2008,84.7,0
8/4/2008,87.2,0
8/5/2008,89.6,0.004
8/6/2008,91.1,0
8/7/2008,88.6,0.059
8/8/2008,82.8,0
8/9/2008,82,0
8/10/2008,88,0.055
8/11/2008,77.7,0
8/12/2008,82.7,0
8/13/2008,84.6,0
8/14/2008,86.5,0.61
8/15/2008,83.4,0
8/16/2008,84,0
8/17/2008,86.9,0
8/18/2008,89.1,0
8/19/2008,92,0
8/20/2008,81.4,0
8/21/2008,84.6,0
8/22/2008,83.9,0
8/23/2008,83.3,0.004
8/24/2008,87.3,0
8/25/2008,91,0.02
8/26/2008,79.7,0
8/27/2008,78.9,0
8/28/2008,70.2,0.531
8/29/2008,75.9,0.276
8/30/2008,85.9,0
8/31/2008,86,0
9/1/2008,86,0
9/2/2008,89.8,0
9/3/2008,92.4,0
9/4/2008,93.6,0
9/5/2008,87.5,1.705
9/6/2008,76.3,1.906
9/7/2008,80.6,0
9/8/2008,83.2,0
9/9/2008,75.7,0.524
9/10/2008,73.2,0
9/11/2008,75.7,0
9/12/2008,76.6,0.067
9/13/2008,87.6,0.043
9/14/2008,91.1,0
9/15/2008,81.5,0
9/16/2008,73.4,0
9/17/2008,75.2,0
9/18/2008,79.7,0
9/19/2008,71.6,0
9/20/2008,72.1,0
9/21/2008,78.3,0
9/22/2008,79.4,0.004
9/23/2008,73,0
9/24/2008,73.5,0
9/25/2008,65.2,0.772
9/26/2008,67.2,0.228
9/27/2008,78.4,0.102
9/28/2008,76.4,0.441
9/29/2008,73,0
9/30/2008,75.4,0.512
10/1/2008,70.7,0.098
10/2/2008,64.1,0
10/3/2008,70.9,0
10/4/2008,71.4,0
10/5/2008,74.3,0
10/6/2008,69.5,0
10/7/2008,64.1,0
10/8/2008,69.6,0.012
10/9/2008,77.2,0
10/10/2008,75.2,0
10/11/2008,74.2,0
10/12/2008,74.3,0
10/13/2008,80.6,0
10/14/2008,82.6,0
10/15/2008,81,0
10/16/2008,83.5,0
10/17/2008,64.2,0.012
10/18/2008,60,0
10/19/2008,58.2,0
10/20/2008,63.3,0
10/21/2008,62.1,0
10/22/2008,57.2,0
10/23/2008,56.6,0
10/24/2008,59,0.063
10/25/2008,64.9,0.665
10/26/2008,63.6,0
10/27/2008,52,0.138
10/28/2008,51.3,0.181
10/29/2008,50.4,0.035
10/30/2008,53.5,0
10/31/2008,64.4,0
11/1/2008,72,0
11/2/2008,58.1,0
11/3/2008,61.9,0
11/4/2008,58.1,0.287
11/5/2008,65.1,0.417
11/6/2008,65.6,0.15
11/7/2008,69.3,0.004
11/8/2008,65.1,0.232
11/9/2008,58.2,0
11/10/2008,50.4,0
11/11/2008,48.8,0
11/12/2008,52,0
11/13/2008,52.2,0.74
11/14/2008,57.1,0.016
11/15/2008,69.8,0.421
11/16/2008,50.1,0
11/17/2008,47.9,0.012
11/18/2008,40.1,0
11/19/2008,38.4,0
11/20/2008,45.3,0
11/21/2008,40.1,0.031
11/22/2008,35.1,0
11/23/2008,41.1,0
11/24/2008,48.2,0.134
11/25/2008,47.1,0.091
11/26/2008,44.6,0
11/27/2008,48.2,0
11/28/2008,52,0
11/29/2008,47.4,0
11/30/2008,46.2,0.622
12/1/2008,50.4,0.055
12/2/2008,45.4,0
12/3/2008,45.5,0
12/4/2008,53,0.059
12/5/2008,40.3,0.004
12/6/2008,38.3,0.016
12/7/2008,34,0
12/8/2008,33.8,0
12/9/2008,54.8,0
12/10/2008,62.5,0.445
12/11/2008,46.5,1.921
12/12/2008,44,0.244
12/13/2008,37.1,0
12/14/2008,46.3,0
12/15/2008,65.3,0.043
12/16/2008,54,0.402
12/17/2008,51.3,0.059
12/18/2008,43.4,0
12/19/2008,55.2,0.303
12/20/2008,46.6,0
12/21/2008,43.2,0.075
12/22/2008,27.5,0
12/23/2008,32.8,0
12/24/2008,59,0.016
12/25/2008,58.7,0.02
12/26/2008,41.9,0
12/27/2008,59.3,0
12/28/2008,67.7,0
12/29/2008,49.4,0
12/30/2008,50.5,0
12/31/2008,43.1,0
1/1/2009,33.9,0
1/2/2009,42,0
1/3/2009,43.8,0
1/4/2009,44.4,0
1/5/2009,48.3,0.008
1/6/2009,38.8,0.547
1/7/2009,43.6,1.209
1/8/2009,42,0
1/9/2009,37.8,0
1/10/2009,44,0.161
1/11/2009,44.9,0.161
1/12/2009,38.8,0
1/13/2009,40.2,0
1/14/2009,31.9,0
1/15/2009,29.8,0
1/16/2009,19.2,0
1/17/2009,24.8,0
1/18/2009,39.4,0
1/19/2009,38.1,0.008
1/20/2009,31.3,0
1/21/2009,32.3,0
1/22/2009,44.4,0
1/23/2009,52.7,0
1/24/2009,40.9,0.004
1/25/2009,34.3,0
1/26/2009,34.4,0
1/27/2009,32,0.346
1/28/2009,48.2,0.37
1/29/2009,40.1,0
1/30/2009,41.9,0
1/31/2009,35,0
2/1/2009,56.2,0
2/2/2009,54.6,0.008
2/3/2009,41.1,0.067
2/4/2009,34.8,0.008
2/5/2009,26.6,0
2/6/2009,42.7,0
2/7/2009,56.5,0
2/8/2009,62.9,0
2/9/2009,50.9,0
2/10/2009,61.1,0.008
2/11/2009,68.1,0
2/12/2009,62.8,0
2/13/2009,48,0
2/14/2009,48.2,0
2/15/2009,43.6,0
2/16/2009,39.5,0
2/17/2009,41.8,0
2/18/2009,45.6,0.224
2/19/2009,46.7,0.004
2/20/2009,38.1,0
2/21/2009,44.1,0
2/22/2009,43.3,0.035
2/23/2009,36.5,0
2/24/2009,39.1,0
2/25/2009,47.8,0
2/26/2009,55.4,0
2/27/2009,66.2,0.024
2/28/2009,51.4,0.043
3/1/2009,39.2,0.543
3/2/2009,30.3,0.366
3/3/2009,29.2,0
3/4/2009,36.5,0
3/5/2009,44,0
3/6/2009,65.3,0
3/7/2009,74,0
3/8/2009,76.6,0
3/9/2009,64,0
3/10/2009,50.2,0
3/11/2009,74.8,0
3/12/2009,48.2,0
3/13/2009,42.4,0.059
3/14/2009,45.8,0.15
3/15/2009,42.3,0.276
3/16/2009,48.8,0.11
3/17/2009,52.1,0.083
3/18/2009,65.3,0
3/19/2009,52.7,0.059
3/20/2009,48.2,0
3/21/2009,49.4,0
3/22/2009,60.7,0
3/23/2009,51.2,0
3/24/2009,48.2,0
3/25/2009,50.9,0
3/26/2009,49.7,0.28
3/27/2009,62.5,0.327
3/28/2009,53.9,0.886
3/29/2009,74.6,0.189
3/30/2009,56.6,0
3/31/2009,58.5,0
4/1/2009,59.4,0.232
4/2/2009,60.2,0.016
4/3/2009,71.5,0.626
4/4/2009,63.5,0
4/5/2009,68,0
4/6/2009,66,0.201
4/7/2009,47.6,0
4/8/2009,55,0
4/9/2009,61.2,0
4/10/2009,71.9,0.02
4/11/2009,56.3,0.724
4/12/2009,54.4,0
4/13/2009,56.1,0.193
4/14/2009,50.2,0.185
4/15/2009,47.3,0.366
4/16/2009,63.1,0
4/17/2009,69.6,0
4/18/2009,75.3,0
4/19/2009,69.1,0.024
4/20/2009,59,1.291
4/21/2009,68.5,0.051
4/22/2009,58.2,0.315
4/23/2009,61.5,0
4/24/2009,74.4,0
4/25/2009,88.4,0
4/26/2009,90.4,0
4/27/2009,89.5,0
4/28/2009,86,0
4/29/2009,69.7,0.138
4/30/2009,64.2,0
5/1/2009,75.3,0.177
5/2/2009,71,0.134
5/3/2009,61.7,0.894
5/4/2009,55,0.661
5/5/2009,61.7,0.346
5/6/2009,69.8,0.142
5/7/2009,74.4,0.378
5/8/2009,78.8,0
5/9/2009,85,0.067
5/10/2009,72.6,0
5/11/2009,62.3,0.016
5/12/2009,67.5,0
5/13/2009,70.8,0
5/14/2009,75.2,0.075
5/15/2009,77.8,0.083
5/16/2009,81.3,0.193
5/17/2009,68.8,0.551
5/18/2009,62.3,0
5/19/2009,67.4,0
5/20/2009,75,0
5/21/2009,79.2,0
5/22/2009,82.9,0
5/23/2009,84.8,0.016
5/24/2009,84.3,0.043
5/25/2009,81.3,0.197
5/26/2009,68.3,0.457
5/27/2009,74.1,0.02
5/28/2009,81,0.512
5/29/2009,80.7,0.433
5/30/2009,78.5,0
5/31/2009,79,0.008
6/1/2009,76.1,0
6/2/2009,89.5,0.004
6/3/2009,85,0.791
6/4/2009,66.5,0.736
6/5/2009,60.7,1.02
6/6/2009,74.3,0.004
6/7/2009,80.6,0
6/8/2009,85.7,0
6/9/2009,86,0.291
6/10/2009,82.4,0.102
6/11/2009,81.5,0.094
6/12/2009,83.3,0.106
6/13/2009,83.4,0.059
6/14/2009,80.5,0
6/15/2009,81.3,0
6/16/2009,77.1,0.047
6/17/2009,69.8,0.146
6/18/2009,82.5,0.602
6/19/2009,83,0
6/20/2009,86.8,0.169
6/21/2009,78.7,0.028
6/22/2009,82.8,0.008
6/23/2009,81.1,0
6/24/2009,84.8,0
6/25/2009,88.9,0
6/26/2009,87.9,0.008
6/27/2009,83.3,0
6/28/2009,81,0.028
6/29/2009,84.7,0.008
6/30/2009,85.7,0
7/1/2009,84.7,0.11
7/2/2009,81,0.047
7/3/2009,80.3,0
7/4/2009,83.6,0
7/5/2009,76.8,0.063
7/6/2009,85.2,0
7/7/2009,87.9,0
7/8/2009,83.1,0
7/9/2009,82.3,0
7/10/2009,82.1,0
7/11/2009,88.3,0
7/12/2009,88.7,0.071
7/13/2009,86.9,0
7/14/2009,85.2,0
7/15/2009,90.5,0
7/16/2009,94.2,0
7/17/2009,90.1,0.138
7/18/2009,83.8,0
7/19/2009,81.9,0
7/20/2009,82.8,0
7/21/2009,84,0.028
7/22/2009,88.4,0.039
7/23/2009,86,0.22
7/24/2009,85.3,0.004
7/25/2009,91.7,0
7/26/2009,95,0.114
7/27/2009,88.7,0.118
7/28/2009,89.7,0.035
7/29/2009,86.5,0.579
7/30/2009,87.5,0
7/31/2009,89.1,0.398
8/1/2009,86.2,0.008
8/2/2009,82.8,0.374
8/3/2009,86.5,0
8/4/2009,90.5,0
8/5/2009,85.8,0
8/6/2009,77,0.402
8/7/2009,82.4,0
8/8/2009,86.8,0
8/9/2009,95.5,0
8/10/2009,96.2,0
8/11/2009,92.9,0.201
8/12/2009,86.9,0.394
8/13/2009,84.2,0.087
8/14/2009,84.5,0.02
8/15/2009,86.3,0
8/16/2009,90.9,0
8/17/2009,92,0
8/18/2009,94.6,0.213
8/19/2009,89.6,0.106
8/20/2009,93.7,0.039
8/21/2009,89,0.114
8/22/2009,77.9,1.437
8/23/2009,85.8,0.122
8/24/2009,84,0
8/25/2009,85.7,0
8/26/2009,89.1,0
8/27/2009,86.3,0
8/28/2009,81.5,0.441
8/29/2009,85.4,0.13
8/30/2009,84.2,0
8/31/2009,75.5,0
9/1/2009,74.4,0
9/2/2009,75.7,0
9/3/2009,77.8,0
9/4/2009,82.3,0
9/5/2009,87.2,0
9/6/2009,84.3,0
9/7/2009,78.7,0.063
9/8/2009,73.4,0.043
9/9/2009,78.8,0
9/10/2009,72.3,0.016
9/11/2009,63.3,0.772
9/12/2009,68.1,0.039
9/13/2009,80.4,0
9/14/2009,82.1,0
9/15/2009,83.7,0
9/16/2009,74.7,0.031
9/17/2009,71.3,0
9/18/2009,80,0.004
9/19/2009,74.8,0
9/20/2009,74.8,0
9/21/2009,77.9,0
9/22/2009,77.6,0.012
9/23/2009,86,0
9/24/2009,85.1,0.008
9/25/2009,74.1,0.13
9/26/2009,68.1,0.642
9/27/2009,75.2,0.461
9/28/2009,79.7,0.008
9/29/2009,67.8,0
9/30/2009,65.9,0.063
10/1/2009,64.4,0
10/2/2009,73.8,0.075
10/3/2009,77.4,0.016
10/4/2009,70.3,0
10/5/2009,69.6,0
10/6/2009,71.5,0
10/7/2009,69,0.059
10/8/2009,69.8,0.016
10/9/2009,84.8,0
10/10/2009,75.9,0.087
10/11/2009,67.9,0
10/12/2009,60,0
10/13/2009,69.8,0
10/14/2009,53.6,0.075
10/15/2009,48.5,0.492
10/16/2009,43.1,0.268
10/17/2009,42.8,0.996
10/18/2009,52.1,0.319
10/19/2009,56.5,0
10/20/2009,68.4,0
10/21/2009,73.5,0
10/22/2009,75.2,0
10/23/2009,67.1,0.118
10/24/2009,72.7,0.98
10/25/2009,60.8,0
10/26/2009,61.7,0
10/27/2009,58.8,0.795
10/28/2009,70.1,0.791
10/29/2009,61.3,0
10/30/2009,59.7,0
10/31/2009,69.9,0.283
11/1/2009,53.8,1.421
11/2/2009,58.7,0
11/3/2009,63.7,0
11/4/2009,52.9,0.012
11/5/2009,56.7,0
11/6/2009,49.9,0
11/7/2009,57.7,0
11/8/2009,70.7,0
11/9/2009,69.1,0
11/10/2009,65,0.004
11/11/2009,55.1,1.587
11/12/2009,45.4,1.118
11/13/2009,55.4,0.22
11/14/2009,60.3,0.024
11/15/2009,70.4,0
11/16/2009,67.2,0
11/17/2009,56.4,0
11/18/2009,58.2,0
11/19/2009,62,0.744
11/20/2009,58.2,0.067
11/21/2009,56.3,0
11/22/2009,56.3,0
11/23/2009,50.8,0.303
11/24/2009,49.8,0.177
11/25/2009,54.1,0.11
11/26/2009,50.9,0.012
11/27/2009,48.6,0.146
11/28/2009,50.8,0
11/29/2009,62.6,0
11/30/2009,54.1,0.303
12/1/2009,54.3,0
12/2/2009,59.3,0.457
12/3/2009,64.2,0.28
12/4/2009,50.7,0
12/5/2009,45.2,0.528
12/6/2009,35.6,0
12/7/2009,43.6,0
12/8/2009,44.3,0.091
12/9/2009,55.2,0.839
12/10/2009,44.6,0
12/11/2009,36.7,0
12/12/2009,41.2,0
12/13/2009,42.8,0.622
12/14/2009,50.1,0
12/15/2009,56,0
12/16/2009,39.7,0
12/17/2009,36.2,0
12/18/2009,35.9,0.126
12/19/2009,29.1,1.913
12/20/2009,32.9,0
12/21/2009,37,0
12/22/2009,37.4,0
12/23/2009,33.7,0
12/24/2009,32.5,0
12/25/2009,46.1,0.453
12/26/2009,50.1,0.886
12/27/2009,46.8,0
12/28/2009,35.4,0
12/29/2009,32,0
12/30/2009,34.1,0
12/31/2009,38.9,0.366
1/1/2010,42.8,0.016
1/2/2010,28.8,0
1/3/2010,26.6,0
1/4/2010,32.6,0
1/5/2010,34.1,0
1/6/2010,38,0
1/7/2010,37.8,0.008
1/8/2010,30.5,0.035
1/9/2010,34.3,0
1/10/2010,31,0
1/11/2010,36.7,0
1/12/2010,34.7,0
1/13/2010,41.5,0
1/14/2010,48.7,0
1/15/2010,54.2,0
1/16/2010,52.7,0
1/17/2010,43.6,0.709
1/18/2010,55,0
1/19/2010,57.7,0
1/20/2010,44.1,0.035
1/21/2010,42,0.102
1/22/2010,40.1,0.382
1/23/2010,43.6,0
1/24/2010,52,0.24
1/25/2010,60.8,0.898
1/26/2010,44.6,0
1/27/2010,44.5,0
1/28/2010,48.3,0
1/29/2010,29.3,0
1/30/2010,24.2,0.461
1/31/2010,30.2,0.016
2/1/2010,35.9,0
2/2/2010,38.3,0.181
2/3/2010,41.1,0.134
2/4/2010,37.9,0
2/5/2010,35.7,0.886
2/6/2010,30.4,1.429
2/7/2010,30.7,0
2/8/2010,32,0
2/9/2010,33.8,0.335
2/10/2010,29.7,0.516
2/11/2010,37,0
2/12/2010,35.3,0
2/13/2010,32.2,0
2/14/2010,38.3,0
2/15/2010,37,0.098
2/16/2010,35,0
2/17/2010,36.5,0
2/18/2010,41.9,0
2/19/2010,42.5,0
2/20/2010,42.4,0
2/21/2010,46.3,0
2/22/2010,41.5,0.11
2/23/2010,42.7,0.031
2/24/2010,42.8,0.028
2/25/2010,40.2,0.031
2/26/2010,35.3,0.008
2/27/2010,42.6,0.004
2/28/2010,43.9,0.008
3/1/2010,45.6,0
3/2/2010,40.9,0.083
3/3/2010,41.7,0.157
3/4/2010,45.1,0
3/5/2010,48.9,0
3/6/2010,51.3,0
3/7/2010,57.2,0
3/8/2010,58.6,0
3/9/2010,62.3,0
3/10/2010,63.5,0
3/11/2010,65,0.043
3/12/2010,51.2,1.083
3/13/2010,53.3,1.075
3/14/2010,51.8,0.335
3/15/2010,49.4,0.071
3/16/2010,61.7,0
3/17/2010,65.7,0
3/18/2010,68,0
3/19/2010,70.4,0
3/20/2010,73,0
3/21/2010,75.1,0
3/22/2010,64.1,0.516
3/23/2010,51.4,0.024
3/24/2010,64.9,0
3/25/2010,71.1,0.051
3/26/2010,53.9,0.811
3/27/2010,49.2,0
3/28/2010,60.5,0.598
3/29/2010,60,0.358
3/30/2010,55,0.051
3/31/2010,69.3,0
4/1/2010,73.7,0
4/2/2010,72.6,0
4/3/2010,72.9,0
4/4/2010,75,0
4/5/2010,82.3,0
4/6/2010,89.6,0
4/7/2010,89.2,0
4/8/2010,82.8,0.173
4/9/2010,59.4,0.358
4/10/2010,63.9,0
4/11/2010,75.8,0
4/12/2010,70.6,0
4/13/2010,56.1,0.15
4/14/2010,61.5,0
4/15/2010,75,0
4/16/2010,82.5,0.016
4/17/2010,67.1,0.012
4/18/2010,56.6,0
4/19/2010,67.1,0
4/20/2010,68.9,0
4/21/2010,59.7,0.346
4/22/2010,73.3,0
4/23/2010,71.6,0
4/24/2010,60.2,0.075
4/25/2010,73.5,0.85
4/26/2010,63.3,0.382
4/27/2010,62.7,0
4/28/2010,57.1,0
4/29/2010,68.7,0
4/30/2010,81.7,0
5/1/2010,88.8,0
5/2/2010,86.4,0.02
5/3/2010,80.2,0.094
5/4/2010,81.6,0
5/5/2010,82.4,0
5/6/2010,81.6,0
5/7/2010,78,0
5/8/2010,76.6,0
5/9/2010,60.8,0
5/10/2010,63.5,0
5/11/2010,58.5,0.181
5/12/2010,80.9,0.319
5/13/2010,62,0.008
5/14/2010,86.5,0
5/15/2010,77.5,0
5/16/2010,75,0.051
5/17/2010,63.8,0.339
5/18/2010,57,0.028
5/19/2010,64.7,0
5/20/2010,81.9,0
5/21/2010,87.1,0
5/22/2010,77,0.098
5/23/2010,74.3,0.465
5/24/2010,75.2,0
5/25/2010,77.6,0
5/26/2010,90.2,0
5/27/2010,93.3,0.181
5/28/2010,74.1,0.35
5/29/2010,80.1,0.055
5/30/2010,88.9,0
5/31/2010,92,0.004
6/1/2010,87.3,0.327
6/2/2010,86.9,0
6/3/2010,92.3,0.13
6/4/2010,91.3,0.185
6/5/2010,91.4,0
6/6/2010,94.2,0.571
6/7/2010,75.3,0
6/8/2010,77.3,0
6/9/2010,70.6,0.366
6/10/2010,86.6,0
6/11/2010,83.4,0
6/12/2010,92.4,0.055
6/13/2010,91.3,0.02
6/14/2010,88.4,0
6/15/2010,83.6,0.028
6/16/2010,80.9,0.39
6/17/2010,86,0
6/18/2010,85.1,0
6/19/2010,91.9,0
6/20/2010,93.3,0
6/21/2010,93,0
6/22/2010,97.1,0.043
6/23/2010,97.1,0
6/24/2010,100.4,0.114
6/25/2010,91.2,0
6/26/2010,93.8,0
6/27/2010,100.3,0
6/28/2010,99.4,0.13
6/29/2010,92.8,0.02
6/30/2010,83.6,0
7/1/2010,81.2,0
7/2/2010,81.8,0
7/3/2010,88.9,0
7/4/2010,96.8,0
7/5/2010,99.8,0
7/6/2010,101.8,0
7/7/2010,102.3,0
7/8/2010,94.1,0.016
7/9/2010,91.5,0
7/10/2010,85.2,0.453
7/11/2010,90.5,0
7/12/2010,92.8,0.067
7/13/2010,86.4,0.075
7/14/2010,85.7,0.142
7/15/2010,92.8,0
7/16/2010,97,0
7/17/2010,96.1,0.039
7/18/2010,96.6,0.016
7/19/2010,97.7,0.197
7/20/2010,94.9,0.232
7/21/2010,93.7,0.016
7/22/2010,95.7,0
7/23/2010,101.6,0
7/24/2010,103.3,0
7/25/2010,101.7,0.268
7/26/2010,89.6,0.004
7/27/2010,91.1,0
7/28/2010,94.1,0
7/29/2010,92.3,0.484
7/30/2010,84.7,0
7/31/2010,85.1,0.035
8/1/2010,80.1,0.122
8/2/2010,83.3,0.012
8/3/2010,88.1,0
8/4/2010,92.2,0.173
8/5/2010,98.5,0.197
8/6/2010,91.2,0
8/7/2010,87.2,0
8/8/2010,90,0
8/9/2010,94.5,0
8/10/2010,98.7,0
8/11/2010,97.1,0
8/12/2010,85.8,0.567
8/13/2010,79.5,0.512
8/14/2010,81.9,0
8/15/2010,78.4,0.079
8/16/2010,92,0.173
8/17/2010,90.6,0
8/18/2010,79.6,2.142
8/19/2010,85.6,0
8/20/2010,89.3,0
8/21/2010,88.7,0
8/22/2010,86.9,0.051
8/23/2010,82.8,0.008
8/24/2010,74.8,0
8/25/2010,79.5,0
8/26/2010,84,0
8/27/2010,81.1,0
8/28/2010,84.9,0
8/29/2010,91.9,0
8/30/2010,95.5,0
8/31/2010,94.8,0
9/1/2010,96,0
9/2/2010,94.3,0
9/3/2010,92.1,0
9/4/2010,82.5,0
9/5/2010,79.3,0
9/6/2010,84.4,0
9/7/2010,91.9,0
9/8/2010,93,0
9/9/2010,78.2,0
9/10/2010,73.6,0
9/11/2010,79.4,0
9/12/2010,69.7,0.429
9/13/2010,85.5,0
9/14/2010,82.4,0
9/15/2010,84.5,0
9/16/2010,90.3,0.126
9/17/2010,76.3,0
9/18/2010,77,0
9/19/2010,84.1,0
9/20/2010,78.2,0
9/21/2010,79.7,0
9/22/2010,94.1,0.063
9/23/2010,91.9,0
9/24/2010,96.1,0
9/25/2010,91.5,0
9/26/2010,73.4,0.213
9/27/2010,74,1.004
9/28/2010,79.7,0.512
9/29/2010,67.3,0.575
9/30/2010,74.9,3.772
10/1/2010,71,1.35
10/2/2010,67.6,0
10/3/2010,65.7,0.012
10/4/2010,57.8,0.26
10/5/2010,58.8,0.004
10/6/2010,59.4,0.039
10/7/2010,72.7,0
10/8/2010,74.1,0
10/9/2010,78.8,0
10/10/2010,76.5,0
10/11/2010,84.2,0
10/12/2010,79.9,0
10/13/2010,66.5,0
10/14/2010,59.8,0.728
10/15/2010,61.3,0
10/16/2010,64.5,0
10/17/2010,73.7,0
10/18/2010,65.6,0.008
10/19/2010,61.5,0.098
10/20/2010,57.5,0.201
10/21/2010,65.5,0
10/22/2010,57,0
10/23/2010,68.6,0
10/24/2010,73.9,0
10/25/2010,74.1,0
10/26/2010,72.6,0
10/27/2010,74.9,0.24
10/28/2010,76.8,0
10/29/2010,55.3,0
10/30/2010,58.7,0
10/31/2010,62.2,0
11/1/2010,52.7,0
11/2/2010,50.4,0
11/3/2010,56.6,0.043
11/4/2010,50,1.004
11/5/2010,54.5,0.004
11/6/2010,50.4,0
11/7/2010,50.3,0
11/8/2010,59.4,0
11/9/2010,59.9,0
11/10/2010,61.3,0
11/11/2010,57.5,0
11/12/2010,59.9,0
11/13/2010,62.1,0
11/14/2010,61.5,0
11/15/2010,59,0.043
11/16/2010,60.6,0.598
11/17/2010,61.3,0.067
11/18/2010,55.9,0
11/19/2010,51.1,0
11/20/2010,61.2,0
11/21/2010,55.4,0
11/22/2010,63.8,0
11/23/2010,67,0.047
11/24/2010,50.6,0
11/25/2010,53.1,0.012
11/26/2010,59.6,0.043
11/27/2010,45,0
11/28/2010,46.5,0
11/29/2010,48,0
11/30/2010,59.6,0.161
12/1/2010,61.7,0.807
12/2/2010,42.5,0
12/3/2010,40,0
12/4/2010,40.8,0
12/5/2010,38.4,0
12/6/2010,35.7,0
12/7/2010,34.4,0
12/8/2010,34.2,0
12/9/2010,34.7,0
12/10/2010,37.5,0
12/11/2010,43.1,0.008
12/12/2010,48.5,0.976
12/13/2010,36.2,0.028
12/14/2010,27.2,0
12/15/2010,31.4,0
12/16/2010,26.5,0.15
12/17/2010,36.7,0
12/18/2010,37,0
12/19/2010,37.4,0
12/20/2010,37.4,0
12/21/2010,39.7,0
12/22/2010,42.1,0
12/23/2010,39.8,0
12/24/2010,38.8,0
12/25/2010,35.9,0.004
12/26/2010,32.1,0.142
12/27/2010,31.2,0.016
12/28/2010,40.5,0
12/29/2010,43.3,0
12/30/2010,45.5,0
12/31/2010,49.1,0
1/1/2011,58.6,0.126
1/2/2011,57,0.15
1/3/2011,38.1,0
1/4/2011,44.3,0
1/5/2011,39.5,0
1/6/2011,38.3,0
1/7/2011,37.9,0.008
1/8/2011,35,0.043
1/9/2011,34.4,0
1/10/2011,34.1,0
1/11/2011,30.7,0.13
1/12/2011,33.9,0
1/13/2011,35.2,0
1/14/2011,35.3,0
1/15/2011,44.6,0
1/16/2011,39.2,0
1/17/2011,33.4,0.114
1/18/2011,38.6,0.173
1/19/2011,49.8,0.051
1/20/2011,42.1,0
1/21/2011,35.6,0.047
1/22/2011,27,0
1/23/2011,29.8,0
1/24/2011,30.9,0
1/25/2011,45.7,0
1/26/2011,35.7,0.957
1/27/2011,35.5,0.004
1/28/2011,36.5,0.016
1/29/2011,36.8,0
1/30/2011,39.7,0
1/31/2011,30.2,0.02
2/1/2011,40.5,0.035
2/2/2011,57,0.528
2/3/2011,35.9,0
2/4/2011,41.9,0
2/5/2011,41.4,0.083
2/6/2011,47.4,0
2/7/2011,50.5,0.02
2/8/2011,38.2,0
2/9/2011,35.6,0.02
2/10/2011,32.2,0.008
2/11/2011,43.1,0
2/12/2011,45.9,0
2/13/2011,52.8,0
2/14/2011,63.4,0.008
2/15/2011,44.6,0
2/16/2011,54.8,0
2/17/2011,67.4,0
2/18/2011,72.2,0.004
2/19/2011,53,0
2/20/2011,47.8,0.051
2/21/2011,52.9,0.177
2/22/2011,37.9,0.169
2/23/2011,45.2,0
2/24/2011,51.2,0.181
2/25/2011,65.2,0.35
2/26/2011,48.5,0
2/27/2011,59.9,0.004
2/28/2011,68.9,0.76
3/1/2011,47.5,0
3/2/2011,60.8,0
3/3/2011,38.6,0
3/4/2011,47.9,0
3/5/2011,63.1,0
3/6/2011,56.8,1.594
3/7/2011,49.2,0.079
3/8/2011,49.5,0
3/9/2011,48,0.02
3/10/2011,56.5,1.417
3/11/2011,53.1,0
3/12/2011,60.2,0
3/13/2011,58.5,0
3/14/2011,51.5,0
3/15/2011,50.9,0.15
3/16/2011,57.5,0.201
3/17/2011,64.2,0
3/18/2011,77.4,0
3/19/2011,61.5,0.004
3/20/2011,51.8,0
3/21/2011,72.5,0.244
3/22/2011,62.1,0
3/23/2011,55.9,0.476
3/24/2011,45.4,0.047
3/25/2011,49.1,0
3/26/2011,46.4,0
3/27/2011,46.4,0.079
3/28/2011,46.5,0
3/29/2011,50.9,0
3/30/2011,48.6,0.205
3/31/2011,42,0.122
4/1/2011,50.2,0.075
4/2/2011,52.6,0.098
4/3/2011,58.5,0.012
4/4/2011,80.4,0
4/5/2011,70.7,1.016
4/6/2011,62.5,0
4/7/2011,66.6,0
4/8/2011,51.8,0.398
4/9/2011,54.2,0
4/10/2011,69.5,0
4/11/2011,83.3,0
4/12/2011,67.6,0.5
4/13/2011,56.8,0.094
4/14/2011,69.5,0
4/15/2011,65.8,0
4/16/2011,63.3,1.343
4/17/2011,66.4,0
4/18/2011,74.8,0
4/19/2011,72.3,0
4/20/2011,83.2,0
4/21/2011,60.8,0
4/22/2011,49,0.272
4/23/2011,73.9,0.012
4/24/2011,83.4,0.067
4/25/2011,85.5,0
4/26/2011,82.7,0
4/27/2011,81.8,0.106
4/28/2011,75.2,0.272
4/29/2011,66.1,0
4/30/2011,66.6,0
5/1/2011,66.9,0.004
5/2/2011,79.9,0
5/3/2011,82.6,0
5/4/2011,62,0.602
5/5/2011,66.2,0
5/6/2011,70.2,0.012
5/7/2011,71.3,0
5/8/2011,71.8,0.004
5/9/2011,71.8,0
5/10/2011,73.9,0
5/11/2011,74,0.024
5/12/2011,76,0
5/13/2011,69.2,0.043
5/14/2011,68.3,0.409
5/15/2011,74.8,0.736
5/16/2011,76.4,0.157
5/17/2011,70.8,0.673
5/18/2011,70.8,0.626
5/19/2011,70.7,0.134
5/20/2011,71,0
5/21/2011,79.5,0
5/22/2011,81.6,0
5/23/2011,83.3,0.142
5/24/2011,86.6,0.024
5/25/2011,84.2,0.024
5/26/2011,90.8,0
5/27/2011,83.3,0.024
5/28/2011,82.2,0.016
5/29/2011,85.9,0
5/30/2011,94.3,0
5/31/2011,93.9,0
6/1/2011,94,0.004
6/2/2011,85.3,0
6/3/2011,78.9,0
6/4/2011,83.9,0.008
6/5/2011,82.5,0.087
6/6/2011,84.7,0.008
6/7/2011,90.6,0
6/8/2011,98.3,0.035
6/9/2011,99.9,0.028
6/10/2011,94.1,0.087
6/11/2011,92.3,0.724
6/12/2011,89.5,0.157
6/13/2011,77.8,0
6/14/2011,73.5,0
6/15/2011,81.8,0
6/16/2011,81.2,0.764
6/17/2011,83,0.039
6/18/2011,88.1,0.134
6/19/2011,83.7,0.406
6/20/2011,79.3,1.02
6/21/2011,86,0.063
6/22/2011,90,0.173
6/23/2011,82.5,0.134
6/24/2011,84.2,0
6/25/2011,80.6,0
6/26/2011,81.5,0.043
6/27/2011,82.2,0.094
6/28/2011,90.3,0.087
6/29/2011,86.1,0
6/30/2011,85.8,0
7/1/2011,88.6,0
7/2/2011,92.2,0
7/3/2011,94.5,0.236
7/4/2011,89.9,0
7/5/2011,89.2,0.051
7/6/2011,92.7,0.02
7/7/2011,94.4,0.016
7/8/2011,90.1,0.665
7/9/2011,89.6,0
7/10/2011,91,0
7/11/2011,92.8,0
7/12/2011,96.2,0
7/13/2011,94.2,0.283
7/14/2011,84.6,0
7/15/2011,84.2,0.004
7/16/2011,85.5,0
7/17/2011,88.5,0
7/18/2011,94.5,0.004
7/19/2011,94.9,0.276
7/20/2011,94.3,0.016
7/21/2011,98.6,0
7/22/2011,103.8,0.028
7/23/2011,100.7,0.11
7/24/2011,93.9,0.165
7/25/2011,89.2,0.453
7/26/2011,93.8,0
7/27/2011,90.9,0
7/28/2011,94,0
7/29/2011,100.4,0
7/30/2011,95.8,0
7/31/2011,95.6,0
8/1/2011,97.3,0.02
8/2/2011,95.1,0
8/3/2011,90.1,0.055
8/4/2011,83.9,0.008
8/5/2011,86.1,0
8/6/2011,88.6,0
8/7/2011,91.7,0.138
8/8/2011,92.3,0
8/9/2011,94.8,0
8/10/2011,90.1,0
8/11/2011,87.3,0
8/12/2011,89.2,0
8/13/2011,87.5,0.142
8/14/2011,82.1,0.772
8/15/2011,79.9,0.752
8/16/2011,83.4,0
8/17/2011,86.4,0
8/18/2011,89.5,0.122
8/19/2011,88.5,0.138
8/20/2011,86,0
8/21/2011,87.3,0.394
8/22/2011,81.4,0
8/23/2011,80.6,0
8/24/2011,84.5,0
8/25/2011,91,0.559
8/26/2011,86.5,0.004
8/27/2011,76.6,2.925
8/28/2011,83.6,1.394
8/29/2011,76.5,0.008
8/30/2011,79.8,0
8/31/2011,81.8,0
9/1/2011,81.6,0.008
9/2/2011,79.1,0.094
9/3/2011,85,0.197
9/4/2011,86.3,0
9/5/2011,83.8,0.409
9/6/2011,70.1,0.858
9/7/2011,77.1,0.976
9/8/2011,76.3,2.004
9/9/2011,79.5,0.276
9/10/2011,81.3,0
9/11/2011,81.5,0
9/12/2011,80.6,0
9/13/2011,82.1,0
9/14/2011,87.5,0
9/15/2011,75.6,0.024
9/16/2011,64.4,0
9/17/2011,62.7,0.059
9/18/2011,66.5,0
9/19/2011,69.1,0
9/20/2011,72.6,0.157
9/21/2011,75.7,0.201
9/22/2011,78.8,0.031
9/23/2011,71.2,0.89
9/24/2011,75.4,0
9/25/2011,76.6,0
9/26/2011,79,0
9/27/2011,77.6,0.232
9/28/2011,79.3,0.354
9/29/2011,75.1,0.035
9/30/2011,74.6,0
10/1/2011,60.5,0.173
10/2/2011,51.9,0.098
10/3/2011,53.6,0.047
10/4/2011,66.5,0.008
10/5/2011,72.6,0
10/6/2011,67.7,0
10/7/2011,70.7,0
10/8/2011,71.5,0
10/9/2011,77.2,0
10/10/2011,79.1,0
10/11/2011,71.2,0
10/12/2011,67.2,0.319
10/13/2011,70.8,0.15
10/14/2011,68.9,0.276
10/15/2011,68.9,0
10/16/2011,69.8,0
10/17/2011,70.7,0
10/18/2011,72.4,0
10/19/2011,68.5,0.917
10/20/2011,66.2,0.016
10/21/2011,59.7,0
10/22/2011,59.1,0
10/23/2011,63,0
10/24/2011,66.2,0
10/25/2011,65.3,0
10/26/2011,68.9,0.024
10/27/2011,66.8,0.461
10/28/2011,49.7,0.13
10/29/2011,41.4,1.169
10/30/2011,52.3,0
10/31/2011,54.7,0
11/1/2011,58.4,0
11/2/2011,59.8,0
11/3/2011,62.1,0
11/4/2011,56.4,0
11/5/2011,50.5,0
11/6/2011,55.9,0
11/7/2011,63.5,0
11/8/2011,66.7,0
11/9/2011,61.8,0
11/10/2011,54.1,0.059
11/11/2011,48.7,0
11/12/2011,59.1,0
11/13/2011,61.7,0
11/14/2011,71,0
11/15/2011,66.3,0.004
11/16/2011,64.7,0.791
11/17/2011,52,0.051
11/18/2011,45.1,0
11/19/2011,51.9,0
11/20/2011,65.1,0.071
11/21/2011,56.8,0.098
11/22/2011,60.8,0.508
11/23/2011,62.2,0.913
11/24/2011,58.4,0
11/25/2011,62.9,0
11/26/2011,63.3,0
11/27/2011,66.4,0
11/28/2011,68.3,0
11/29/2011,64.1,0.429
11/30/2011,48.9,0
12/1/2011,50.1,0
12/2/2011,53.2,0
12/3/2011,48,0
12/4/2011,54.8,0
12/5/2011,61,0.016
12/6/2011,61.6,0.48
12/7/2011,61.3,2.78
12/8/2011,44.7,0.051
12/9/2011,50.2,0
12/10/2011,44.9,0
12/11/2011,40.9,0
12/12/2011,44.7,0
12/13/2011,47.9,0
12/14/2011,50.7,0
12/15/2011,61.4,0
12/16/2011,56.1,0.024
12/17/2011,42.8,0.016
12/18/2011,40.8,0
12/19/2011,47.1,0
12/20/2011,55.7,0
12/21/2011,60.6,0.173
12/22/2011,59.4,0.291
12/23/2011,60.2,0.339
12/24/2011,44.7,0
12/25/2011,48.2,0
12/26/2011,47.9,0
12/27/2011,52.4,0.547
12/28/2011,42.9,0
12/29/2011,42.8,0.016
12/30/2011,53.3,0
12/31/2011,57.6,0
1/1/2012,56.9,0.02
1/2/2012,44.7,0
1/3/2012,33,0
1/4/2012,32.4,0
1/5/2012,44.6,0
1/6/2012,56.8,0
1/7/2012,63.1,0
1/8/2012,49.7,0
1/9/2012,43.3,0.126
1/10/2012,52.1,0
1/11/2012,47.9,0.583
1/12/2012,56.4,0.461
1/13/2012,50.7,0.063
1/14/2012,36.9,0
1/15/2012,33.5,0
1/16/2012,40,0.098
1/17/2012,58.1,0.059
1/18/2012,53.5,0
1/19/2012,38.9,0
1/20/2012,35.4,0.008
1/21/2012,33.5,0.165
1/22/2012,33.8,0
1/23/2012,44.7,0.102
1/24/2012,54.6,0
1/25/2012,47.6,0.028
1/26/2012,54.3,0
1/27/2012,61,0.217
1/28/2012,53.9,0
1/29/2012,47.1,0
1/30/2012,45.4,0
1/31/2012,61.7,0
2/1/2012,67.1,0.028
2/2/2012,54,0.386
2/3/2012,49.3,0
2/4/2012,44.6,0.122
2/5/2012,44.1,0.059
2/6/2012,50.4,0
2/7/2012,53.3,0
2/8/2012,41.6,0.118
2/9/2012,45.5,0
2/10/2012,46.1,0
2/11/2012,42.4,0.173
2/12/2012,31.8,0.012
2/13/2012,45.8,0
2/14/2012,53.9,0.031
2/15/2012,53.1,0
2/16/2012,50.3,0.142
2/17/2012,52.1,0
2/18/2012,57.1,0
2/19/2012,44,0.008
2/20/2012,47.8,0.004
2/21/2012,48.1,0
2/22/2012,60.8,0.031
2/23/2012,62.9,0.075
2/24/2012,70,0.209
2/25/2012,44.4,0
2/26/2012,47.3,0
2/27/2012,60.9,0
2/28/2012,53.6,0
2/29/2012,58.8,0.697
3/1/2012,64.9,0
3/2/2012,53.6,0.181
3/3/2012,60.1,0.091
3/4/2012,47.1,0
3/5/2012,43.1,0.035
3/6/2012,47.9,0
3/7/2012,64.5,0
3/8/2012,71.4,0.012
3/9/2012,59.7,0.146
3/10/2012,46.5,0
3/11/2012,60.6,0
3/12/2012,68.7,0
3/13/2012,77.1,0.063
3/14/2012,77,0
3/15/2012,78.2,0
3/16/2012,70.3,0
3/17/2012,72.5,0
3/18/2012,67.3,0
3/19/2012,74.4,0
3/20/2012,71.6,0.118
3/21/2012,67.9,0
3/22/2012,75.8,0.035
3/23/2012,79.9,0
3/24/2012,63.8,0.441
3/25/2012,61.9,0.024
3/26/2012,59,0
3/27/2012,54.3,0
3/28/2012,73.9,0.008
3/29/2012,61.7,0
3/30/2012,56,0.02
3/31/2012,66.2,0
4/1/2012,62.9,0.028
4/2/2012,59.6,0.028
4/3/2012,68.9,0.004
4/4/2012,75.1,0
4/5/2012,60,0
4/6/2012,59.5,0
4/7/2012,62.9,0
4/8/2012,71.5,0
4/9/2012,66.6,0.039
4/10/2012,64.7,0
4/11/2012,54.6,0.02
4/12/2012,59,0.004
4/13/2012,64.7,0
4/14/2012,74.8,0
4/15/2012,85.1,0
4/16/2012,88.3,0
4/17/2012,75.5,0
4/18/2012,59.2,0.138
4/19/2012,69.2,0.02
4/20/2012,74.1,0
4/21/2012,79.2,0.075
4/22/2012,54.4,1.563
4/23/2012,49.1,0.071
4/24/2012,60.4,0
4/25/2012,66.9,0
4/26/2012,67.2,0.102
4/27/2012,59.9,0
4/28/2012,59.7,0.094
4/29/2012,69,0.165
4/30/2012,64.4,0
5/1/2012,81.8,0.075
5/2/2012,80.4,0.063
5/3/2012,81,0
5/4/2012,87.6,0.083
5/5/2012,79.6,0.217
5/6/2012,70,0
5/7/2012,70.9,0
5/8/2012,73.9,0.024
5/9/2012,74.4,0.398
5/10/2012,66.2,0.024
5/11/2012,71.8,0
5/12/2012,77.4,0
5/13/2012,79.8,0
5/14/2012,69.3,0.256
5/15/2012,78.3,0.315
5/16/2012,81.8,0.024
5/17/2012,74.3,0
5/18/2012,74.4,0
5/19/2012,81,0
5/20/2012,79.8,0.071
5/21/2012,77,0.264
5/22/2012,75.4,0.15
5/23/2012,79.7,0.303
5/24/2012,80.4,0.02
5/25/2012,84.2,0.028
5/26/2012,87.7,0
5/27/2012,87.8,0
5/28/2012,91.5,0.02
5/29/2012,91.4,0.028
5/30/2012,81.1,0.252
5/31/2012,84.6,0
6/1/2012,82.8,0.78
6/2/2012,72.5,0.02
6/3/2012,77.2,0
6/4/2012,74.5,0
6/5/2012,69.3,0
6/6/2012,73.6,0
6/7/2012,78.8,0
6/8/2012,83.1,0
6/9/2012,90.4,0
6/10/2012,94.1,0
6/11/2012,89.4,0
6/12/2012,74.6,0.335
6/13/2012,81.6,0
6/14/2012,79.3,0
6/15/2012,80.6,0
6/16/2012,80.7,0
6/17/2012,79.2,0
6/18/2012,70.3,0.22
6/19/2012,88.7,0.024
6/20/2012,98,0
6/21/2012,99.5,0
6/22/2012,97.7,0.02
6/23/2012,90,0.055
6/24/2012,90.8,0
6/25/2012,86.2,0.122
6/26/2012,81,0
6/27/2012,90.2,0
6/28/2012,97.2,0
6/29/2012,104.6,0.091
6/30/2012,99.4,0.228
7/1/2012,99.4,0.063
7/2/2012,94.9,0
7/3/2012,98.5,0
7/4/2012,97.9,0
7/5/2012,101.3,0.067
7/6/2012,100,0
7/7/2012,106.3,0
7/8/2012,102.9,0.728
7/9/2012,81.9,0.917
7/10/2012,85.7,0.028
7/11/2012,86.1,0
7/12/2012,85.8,0
7/13/2012,85.8,0
7/14/2012,85.7,0.346
7/15/2012,90.3,0.102
7/16/2012,91.8,0.028
7/17/2012,97.8,0
7/18/2012,96.8,0.031
7/19/2012,93.3,0.303
7/20/2012,84.4,0.224
7/21/2012,73.4,0.602
7/22/2012,80.6,0.035
7/23/2012,87.6,0
7/24/2012,94.1,0
7/25/2012,86.8,0
7/26/2012,98.6,0
7/27/2012,91.3,0.142
7/28/2012,92.4,0.059
7/29/2012,87.2,0.008
7/30/2012,86,0.012
7/31/2012,87.1,0.067
8/1/2012,88.7,0.079
8/2/2012,91.2,0.004
8/3/2012,94.3,0.079
8/4/2012,91.3,0.008
8/5/2012,95.6,0.091
8/6/2012,88.3,0.079
8/7/2012,86,0.02
8/8/2012,90.2,0.008
8/9/2012,94.1,0.039
8/10/2012,84.7,0.626
8/11/2012,86.9,0.311
8/12/2012,84.5,0.008
8/13/2012,85.7,0
8/14/2012,88.1,0.189
8/15/2012,82.5,0.008
8/16/2012,88,0
8/17/2012,92.3,0.122
8/18/2012,84.9,0.004
8/19/2012,80.8,0.051
8/20/2012,79.5,0.075
8/21/2012,82.9,0.02
8/22/2012,85.5,0.004
8/23/2012,86,0
8/24/2012,85.8,0.012
8/25/2012,79.8,1.173
8/26/2012,77.2,0.665
8/27/2012,85.5,0.094
8/28/2012,87.6,0.035
8/29/2012,83.3,0
8/30/2012,85.9,0
8/31/2012,94.6,0
9/1/2012,91.7,0.228
9/2/2012,80.6,0.252
9/3/2012,84.3,0.669
9/4/2012,86,0.154
9/5/2012,86.5,0.772
9/6/2012,81.4,0.02
9/7/2012,88.1,0.008
9/8/2012,87.7,0.449
9/9/2012,76.3,0
9/10/2012,73.2,0
9/11/2012,75.4,0
9/12/2012,78.4,0
9/13/2012,79.2,0
9/14/2012,81.2,0
9/15/2012,76,0
9/16/2012,77.4,0
9/17/2012,76.9,0.079
9/18/2012,77.4,1.22
9/19/2012,69.9,0.004
9/20/2012,73.3,0
9/21/2012,77.5,0
9/22/2012,82.9,0
9/23/2012,68,0
9/24/2012,68.1,0
9/25/2012,75,0
9/26/2012,83.8,0.004
9/27/2012,81.5,0.244
9/28/2012,76.7,0.413
9/29/2012,70.7,0.039
9/30/2012,71.3,0
10/1/2012,69.1,0.02
10/2/2012,77.3,0.11
10/3/2012,83.2,0.02
10/4/2012,79.7,0
10/5/2012,80.8,0
10/6/2012,77,0
10/7/2012,53.7,0.232
10/8/2012,55,0.122
10/9/2012,60.9,0.028
10/10/2012,68.9,0.008
10/11/2012,61.1,0
10/12/2012,64.4,0
10/13/2012,58.7,0
10/14/2012,72.5,0
10/15/2012,65.4,0.488
10/16/2012,62.6,0
10/17/2012,67.1,0
10/18/2012,69.9,0.028
10/19/2012,73.4,0.402
10/20/2012,66.6,0
10/21/2012,64.7,0
10/22/2012,69.7,0
10/23/2012,77.6,0
10/24/2012,80.6,0
10/25/2012,73.4,0
10/26/2012,70,0
10/27/2012,67.3,0
10/28/2012,59.3,0.311
10/29/2012,52.7,3.433
10/30/2012,46.9,1.197
10/31/2012,52.6,0
11/1/2012,52.2,0
11/2/2012,51.9,0
11/3/2012,48.6,0
11/4/2012,50.5,0
11/5/2012,48.2,0
11/6/2012,45.8,0
11/7/2012,43.3,0.016
11/8/2012,52.7,0
11/9/2012,55.9,0
11/10/2012,62.6,0
11/11/2012,67.1,0
11/12/2012,69.9,0.012
11/13/2012,60.4,0.433
11/14/2012,47,0
11/15/2012,48.2,0
11/16/2012,51.8,0
11/17/2012,52.3,0
11/18/2012,51.8,0
11/19/2012,53.6,0
11/20/2012,53.8,0
11/21/2012,54.8,0
11/22/2012,56.3,0
11/23/2012,59.4,0
11/24/2012,44.6,0
11/25/2012,41.8,0
11/26/2012,53.6,0
11/27/2012,44.8,0.224
11/28/2012,47.7,0
11/29/2012,47.9,0
11/30/2012,50.4,0
12/1/2012,51.6,0
12/2/2012,57.4,0.122
12/3/2012,68.7,0
12/4/2012,70,0
12/5/2012,59.3,0.004
12/6/2012,43,0
12/7/2012,51.6,0.138
12/8/2012,59.4,0.008
12/9/2012,49.9,0.035
12/10/2012,63.5,0
12/11/2012,57.4,0.016
12/12/2012,46.1,0
12/13/2012,47,0
12/14/2012,50.2,0
12/15/2012,51.9,0.024
12/16/2012,50.6,0.059
12/17/2012,54.2,0.114
12/18/2012,56.5,0.004
12/19/2012,52.8,0
12/20/2012,49,0.256
12/21/2012,56.3,0.37
12/22/2012,42.5,0
12/23/2012,47.4,0
12/24/2012,40.4,0.22
12/25/2012,48.8,0
12/26/2012,45.5,0.933
12/27/2012,42.3,0.004
12/28/2012,42.1,0
12/29/2012,38.2,0.217
12/30/2012,39,0
12/31/2012,42.1,0
1/1/2013,44.6,0
1/2/2013,37,0
1/3/2013,38.4,0
1/4/2013,42.8,0
1/5/2013,43.3,0
1/6/2013,50.4,0.02
1/7/2013,46.2,0
1/8/2013,49.7,0
1/9/2013,53.6,0
1/10/2013,52.3,0
1/11/2013,46.1,0.161
1/12/2013,52.6,0
1/13/2013,59.3,0
1/14/2013,60.2,0.122
1/15/2013,41.8,0.634
1/16/2013,40.2,0.909
1/17/2013,43.7,0.469
1/18/2013,37.4,0.012
1/19/2013,51.6,0
1/20/2013,57.4,0
1/21/2013,45.7,0
1/22/2013,29.2,0
1/23/2013,28.1,0
1/24/2013,29.3,0.024
1/25/2013,25.8,0.087
1/26/2013,34.4,0
1/27/2013,38.3,0
1/28/2013,44.2,0.169
1/29/2013,64.4,0
1/30/2013,68.8,0.071
1/31/2013,64.4,0.461
2/1/2013,31.5,0.083
2/2/2013,33,0.012
2/3/2013,37.4,0
2/4/2013,37.1,0
2/5/2013,45.3,0
2/6/2013,44.1,0
2/7/2013,39.5,0
2/8/2013,42.3,0.24
2/9/2013,40.1,0
2/10/2013,43.2,0
2/11/2013,56.1,0.283
2/12/2013,54.4,0
2/13/2013,45.4,0.315
2/14/2013,49,0
2/15/2013,57.9,0.051
2/16/2013,39.9,0.13
2/17/2013,33.8,0
2/18/2013,40.4,0
2/19/2013,44.3,0.126
2/20/2013,39.4,0
2/21/2013,39.1,0
2/22/2013,34,0.035
2/23/2013,42.3,0.063
2/24/2013,51.1,0.008
2/25/2013,46.8,0
2/26/2013,48.9,0.681
2/27/2013,55.7,0.094
2/28/2013,47.1,0.028
3/1/2013,44.6,0
3/2/2013,38.7,0
3/3/2013,40.5,0
3/4/2013,43.6,0
3/5/2013,49.7,0.043
3/6/2013,37.7,1.287
3/7/2013,45.9,0
3/8/2013,48.2,0
3/9/2013,58.6,0
3/10/2013,59.9,0
3/11/2013,62.7,0.008
3/12/2013,61.4,1.012
3/13/2013,50.6,0.012
3/14/2013,46.1,0
3/15/2013,56.5,0
3/16/2013,58.6,0.307
3/17/2013,41.8,0.063
3/18/2013,39.2,0.724
3/19/2013,59.2,0.004
3/20/2013,51.5,0
3/21/2013,38.9,0
3/22/2013,46.1,0
3/23/2013,52.9,0
3/24/2013,44.2,0.087
3/25/2013,38.3,0.433
3/26/2013,49.1,0.004
3/27/2013,49.6,0.004
3/28/2013,51.5,0
3/29/2013,54.5,0
3/30/2013,58.5,0
3/31/2013,54.5,0.118
4/1/2013,62.4,0
4/2/2013,48.8,0
4/3/2013,51.2,0
4/4/2013,49.6,0.079
4/5/2013,63.6,0.421
4/6/2013,54,0
4/7/2013,67.2,0
4/8/2013,77.9,0
4/9/2013,83.3,0
4/10/2013,88.4,0.035
4/11/2013,84.8,0
4/12/2013,73,0.898
4/13/2013,67.1,0
4/14/2013,67.1,0
4/15/2013,63.3,0.039
4/16/2013,71.6,0.004
4/17/2013,72.5,0.02
4/18/2013,75.6,0.126
4/19/2013,78.6,0.858
4/20/2013,59.9,0.146
4/21/2013,54.3,0
4/22/2013,54.4,0
4/23/2013,59.3,0
4/24/2013,75.8,0.008
4/25/2013,63.2,0.004
4/26/2013,65.7,0
4/27/2013,68.9,0
4/28/2013,68.4,0.035
4/29/2013,59.9,0.417
4/30/2013,59.6,0.039
5/1/2013,67.4,0
5/2/2013,66.3,0
5/3/2013,64.7,0
5/4/2013,65.7,0
5/5/2013,61.5,0
5/6/2013,62.2,0.102
5/7/2013,65.5,0.961
5/8/2013,70.5,0.354
5/9/2013,74.3,0
5/10/2013,82.4,0
5/11/2013,77.6,0.311
5/12/2013,64.2,0.035
5/13/2013,59.4,0
5/14/2013,65.1,0
5/15/2013,83.7,0.008
5/16/2013,82.2,0.11
5/17/2013,81.5,0
5/18/2013,64,0.406
5/19/2013,72.7,0.024
5/20/2013,79.5,0.173
5/21/2013,83.3,0
5/22/2013,86.6,0.043
5/23/2013,79.8,0.189
5/24/2013,67.3,0.067
5/25/2013,65.4,0
5/26/2013,71.4,0
5/27/2013,75.6,0
5/28/2013,82.6,0.157
5/29/2013,89.8,0
5/30/2013,91.7,0
5/31/2013,91,0
6/1/2013,90.5,0
6/2/2013,88.9,0.181
6/3/2013,81.3,0.776
6/4/2013,76.1,0
6/5/2013,78.3,0
6/6/2013,73.2,0.756
6/7/2013,70.2,1.724
6/8/2013,78.9,0.016
6/9/2013,81,0
6/10/2013,78.4,0.917
6/11/2013,82.7,0
6/12/2013,86,0
6/13/2013,88.5,0.909
6/14/2013,76.1,0.051
6/15/2013,81,0
6/16/2013,85.1,0.039
6/17/2013,86.3,0.024
6/18/2013,79.7,0.63
6/19/2013,75.8,0.008
6/20/2013,78.3,0
6/21/2013,80.7,0
6/22/2013,84.1,0
6/23/2013,81.2,0.429
6/24/2013,91.1,0.043
6/25/2013,91.4,0.047
6/26/2013,91.4,0.642
6/27/2013,82.9,0.256
6/28/2013,85,0.303
6/29/2013,85.7,0.028
6/30/2013,84.6,0.406
7/1/2013,80.6,0.61
7/2/2013,78.2,0.413
7/3/2013,84.3,0.504
7/4/2013,86,0.004
7/5/2013,87.6,0
7/6/2013,89.6,0
7/7/2013,89.6,0.004
7/8/2013,86.1,0.047
7/9/2013,86.2,0.091
7/10/2013,87.7,0.02
7/11/2013,83.8,0.205
7/12/2013,73.5,0.646
7/13/2013,82.1,0.106
7/14/2013,87.3,0
7/15/2013,92.3,0
7/16/2013,94.6,0
7/17/2013,94.7,0
7/18/2013,95.8,0.031
7/19/2013,97,0.063
7/20/2013,93.9,0.043
7/21/2013,91.6,0.311
7/22/2013,87.6,0.409
7/23/2013,86.5,0.13
7/24/2013,84.7,0.004
7/25/2013,80,0
7/26/2013,82.9,0
7/27/2013,84.5,0.028
7/28/2013,85.4,0.276
7/29/2013,83.3,0.012
7/30/2013,82.6,0
7/31/2013,80.6,0.016
8/1/2013,83.2,0.988
8/2/2013,85.2,0
8/3/2013,81.4,0.114
8/4/2013,80.2,0
8/5/2013,79.7,0
8/6/2013,74.3,0.118
8/7/2013,83,0.169
8/8/2013,87.6,0.024
8/9/2013,86.4,0.122
8/10/2013,83.4,0.004
8/11/2013,85.4,0.012
8/12/2013,89.6,0.004
8/13/2013,85.4,0.276
8/14/2013,76,0
8/15/2013,78.1,0
8/16/2013,79.4,0
8/17/2013,78.8,0.004
8/18/2013,69.5,0.626
8/19/2013,76.1,0.028
8/20/2013,86,0
8/21/2013,87.8,0.075
8/22/2013,88.7,0.063
8/23/2013,76.6,0.035
8/24/2013,81.5,0
8/25/2013,81,0
8/26/2013,87.2,0
8/27/2013,89.7,0.134
8/28/2013,79.1,0.626
8/29/2013,84.2,0.012
8/30/2013,85.3,0.008
8/31/2013,88.5,0
9/1/2013,90.4,0.004
9/2/2013,90.3,0.028
9/3/2013,83.9,0.02
9/4/2013,83.5,0
9/5/2013,84.7,0
9/6/2013,77,0
9/7/2013,82.2,0
9/8/2013,89.3,0
9/9/2013,78.8,0
9/10/2013,92.4,0
9/11/2013,94.1,0
9/12/2013,92.2,0.154
9/13/2013,79.9,0.028
9/14/2013,72.3,0
9/15/2013,77.4,0
9/16/2013,72.4,0
9/17/2013,68.7,0
9/18/2013,71.3,0
9/19/2013,78.7,0
9/20/2013,80.2,0
9/21/2013,76.5,0.705
9/22/2013,72.8,0.012
9/23/2013,67.3,0
9/24/2013,72.8,0
9/25/2013,75.6,0
9/26/2013,73.8,0
9/27/2013,70.3,0.008
9/28/2013,69.5,0
9/29/2013,73,0.004
9/30/2013,75.2,0
10/1/2013,81.5,0
10/2/2013,85.8,0
10/3/2013,83.5,0
10/4/2013,87.4,0
10/5/2013,87.9,0
10/6/2013,88.2,0
10/7/2013,77,0.551
10/8/2013,69.1,0
10/9/2013,61.1,1.024
10/10/2013,57.2,1.075
10/11/2013,62.4,1.157
10/12/2013,64.7,0.083
10/13/2013,63.6,0.067
10/14/2013,67.8,0
10/15/2013,69.8,0
10/16/2013,69.4,0
10/17/2013,75.2,0.035
10/18/2013,65.4,0
10/19/2013,65.3,0.02
10/20/2013,61.8,0
10/21/2013,65.7,0
10/22/2013,63.5,0
10/23/2013,56.8,0.134
10/24/2013,51.6,0
10/25/2013,54,0
10/26/2013,55,0
10/27/2013,59.7,0
10/28/2013,63.9,0
10/29/2013,62.6,0
10/30/2013,67.1,0.075
10/31/2013,72.2,0.039
11/1/2013,75.8,0.106
11/2/2013,66.4,0.004
11/3/2013,56,0
11/4/2013,46.7,0
11/5/2013,58,0
11/6/2013,66.5,0
11/7/2013,58.7,0.083
11/8/2013,50.9,0
11/9/2013,53.7,0
11/10/2013,59.3,0
11/11/2013,55.8,0
11/12/2013,49,0
11/13/2013,42.5,0
11/14/2013,53.7,0
11/15/2013,58.1,0
11/16/2013,59.9,0.268
11/17/2013,66.5,0.016
11/18/2013,67.7,0.051
11/19/2013,49.1,0
11/20/2013,45.7,0
11/21/2013,50.1,0
11/22/2013,62.5,0.087
11/23/2013,52.5,0
11/24/2013,33.2,0
11/25/2013,35.8,0
11/26/2013,52.5,0.996
11/27/2013,53.7,0.823
11/28/2013,37.7,0
11/29/2013,41.4,0
11/30/2013,39.7,0
12/1/2013,45.6,0
12/2/2013,50.6,0
12/3/2013,55.3,0
12/4/2013,56.2,0
12/5/2013,66.2,0
12/6/2013,62.9,0.52
12/7/2013,43.6,0.213
12/8/2013,32.8,0.61
12/9/2013,38.7,0.626
12/10/2013,36,0.354
12/11/2013,37,0
12/12/2013,29.7,0
12/13/2013,38.3,0
12/14/2013,38.4,0.63
12/15/2013,43,0.008
12/16/2013,36.8,0
12/17/2013,43,0.177
12/18/2013,38.2,0.035
12/19/2013,52.9,0
12/20/2013,56.6,0
12/21/2013,67.7,0
12/22/2013,72.7,0.126
12/23/2013,64.6,0.921
12/24/2013,41.9,0
12/25/2013,32.5,0
12/26/2013,42.7,0
12/27/2013,46.7,0
12/28/2013,52.8,0
12/29/2013,45.1,1.075
12/30/2013,43,0
12/31/2013,43.7,0
1/1/2014,44.1,0
1/2/2014,41.9,0.303
1/3/2014,30.4,0.094
1/4/2014,32.2,0
1/5/2014,49.2,0.075
1/6/2014,52.2,0.224
1/7/2014,17.6,0
1/8/2014,30.7,0
1/9/2014,38,0
1/10/2014,36.6,0.539
1/11/2014,60,0.528
1/12/2014,49.6,0
1/13/2014,55.1,0
1/14/2014,48.3,0.315
1/15/2014,47.3,0.102
1/16/2014,39.5,0.016
1/17/2014,46.4,0
1/18/2014,33.3,0
1/19/2014,45.8,0
1/20/2014,53.7,0
1/21/2014,31.8,0.37
1/22/2014,16.5,0.004
1/23/2014,24.8,0
1/24/2014,21.9,0
1/25/2014,31.5,0.004
1/26/2014,32.6,0
1/27/2014,42.2,0
1/28/2014,20.7,0.028
1/29/2014,22.1,0.031
1/30/2014,29.7,0
1/31/2014,46.4,0
2/1/2014,48,0
2/2/2014,58.7,0
2/3/2014,42.5,1.217
2/4/2014,35.7,0.008
2/5/2014,43.1,0.516
2/6/2014,34.2,0
2/7/2014,41.4,0
2/8/2014,32.9,0.004
2/9/2014,36.5,0.004
2/10/2014,33.4,0
2/11/2014,32.4,0
2/12/2014,29.3,0.098
2/13/2014,35.9,1.157
2/14/2014,45.4,0
2/15/2014,37,0.106
2/16/2014,37.7,0
2/17/2014,33.8,0.012
2/18/2014,48.9,0.154
2/19/2014,58.7,0.102
2/20/2014,52.1,0
2/21/2014,65.3,0.22
2/22/2014,60.4,0
2/23/2014,60.5,0.028
2/24/2014,43.8,0.087
2/25/2014,36.1,0.087
2/26/2014,36.7,0.083
2/27/2014,39.8,0
2/28/2014,29.3,0
3/1/2014,45,0
3/2/2014,49.2,0.276
3/3/2014,34,0.882
3/4/2014,29,0
3/5/2014,40.2,0
3/6/2014,32.4,0
3/7/2014,41,0
3/8/2014,61,0
3/9/2014,48.2,0.004
3/10/2014,57,0
3/11/2014,69,0
3/12/2014,66.2,0.138
3/13/2014,34,0
3/14/2014,54.2,0
3/15/2014,62.7,0
3/16/2014,45,0.165
3/17/2014,31.5,0.429
3/18/2014,37.7,0
3/19/2014,41.4,0.102
3/20/2014,57,0
3/21/2014,56.2,0.012
3/22/2014,68,0
3/23/2014,45.5,0
3/24/2014,40,0
3/25/2014,37.3,0.276
3/26/2014,33.9,0
3/27/2014,47.3,0
3/28/2014,66.3,0.012
3/29/2014,56.3,0.571
3/30/2014,56.7,1.181
3/31/2014,63.6,0.004
4/1/2014,64,0
4/2/2014,66.5,0
4/3/2014,65.3,0.094
4/4/2014,60,0.118
4/5/2014,57.2,0
4/6/2014,57.2,0
4/7/2014,51.2,0.508
4/8/2014,63.3,0.063
4/9/2014,63.5,0
4/10/2014,68.2,0
4/11/2014,76.9,0.114
4/12/2014,71.9,0
4/13/2014,80.6,0
4/14/2014,74.4,0.008
4/15/2014,67.1,1.075
4/16/2014,49.1,0
4/17/2014,53.3,0
4/18/2014,52.9,0
4/19/2014,66.4,0
4/20/2014,61.2,0
4/21/2014,66.2,0
4/22/2014,73.2,0.039
4/23/2014,58.2,0
4/24/2014,61.9,0
4/25/2014,67.2,0.512
4/26/2014,74.3,0.016
4/27/2014,65.3,0
4/28/2014,62.6,0.413
4/29/2014,51.2,0.492
4/30/2014,67.9,2.173
5/1/2014,75.3,0.122
5/2/2014,66.7,0
5/3/2014,69.5,0.004
5/4/2014,73.8,0
5/5/2014,64.5,0.039
5/6/2014,70.8,0
5/7/2014,67.2,0
5/8/2014,83.7,0
5/9/2014,78.2,0
5/10/2014,79.8,0.079
5/11/2014,78.3,0.059
5/12/2014,86.4,0.071
5/13/2014,88.1,0.059
5/14/2014,73.4,0.012
5/15/2014,79.3,0.087
5/16/2014,70.3,1.571
5/17/2014,64.8,0
5/18/2014,64.5,0
5/19/2014,70,0
5/20/2014,75.3,0
5/21/2014,78,0
5/22/2014,83.5,0.012
5/23/2014,73.8,0
5/24/2014,73.4,0
5/25/2014,79.4,0
5/26/2014,85.4,0
5/27/2014,89.4,0.079
5/28/2014,84,0.382
5/29/2014,60.7,0.339
5/30/2014,70.9,0.004
5/31/2014,76.7,0
6/1/2014,75.2,0
6/2/2014,81.1,0
6/3/2014,87.7,0.02
6/4/2014,85.7,0
6/5/2014,77,0.217
6/6/2014,78,0
6/7/2014,82.6,0
6/8/2014,85.5,0
6/9/2014,81.5,0.075
6/10/2014,85.7,0.083
6/11/2014,84.8,0.012
6/12/2014,74.7,0.449
6/13/2014,81.7,0.13
6/14/2014,75.1,0
6/15/2014,82.6,0
6/16/2014,91.2,0
6/17/2014,94.3,0
6/18/2014,95.9,0
6/19/2014,88,0.394
6/20/2014,84.3,0
6/21/2014,73.4,0.059
6/22/2014,80.7,0.024
6/23/2014,85.4,0
6/24/2014,88.8,0
6/25/2014,89.6,0.339
6/26/2014,87.8,0
6/27/2014,86.9,0.114
6/28/2014,86,0
6/29/2014,86.5,0
6/30/2014,91,0
7/1/2014,94.7,0.051
7/2/2014,97.4,0.35
7/3/2014,90.7,0.437
7/4/2014,79.7,0.051
7/5/2014,82.4,0
7/6/2014,87.6,0
7/7/2014,92.8,0
7/8/2014,95.7,0
7/9/2014,89.4,0.205
7/10/2014,85.8,0.496
7/11/2014,84.5,0
7/12/2014,86.6,0
7/13/2014,89.3,0.016
7/14/2014,94.1,0.063
7/15/2014,89.1,0.496
7/16/2014,81.6,0.035
7/17/2014,80.4,0
7/18/2014,82.6,0
7/19/2014,80.9,0.039
7/20/2014,80.9,0.008
7/21/2014,82.9,0.039
7/22/2014,86.1,0.004
7/23/2014,94.1,0
7/24/2014,80.1,0.39
7/25/2014,83.9,0
7/26/2014,87.1,0.004
7/27/2014,87.8,0.059
7/28/2014,85.1,0.008
7/29/2014,78.3,0
7/30/2014,81.1,0
7/31/2014,87.2,0
8/1/2014,76.2,0.295
8/2/2014,79,0.35
8/3/2014,80.8,0.075
8/4/2014,85.7,0.004
8/5/2014,87.3,0
8/6/2014,86.6,0.138
8/7/2014,85.5,0
8/8/2014,85.1,0
8/9/2014,82.5,0.083
8/10/2014,85.1,0
8/11/2014,83.3,0.26
8/12/2014,75.5,0.508
8/13/2014,80.7,0
8/14/2014,81.9,0
8/15/2014,78.2,0
8/16/2014,84,0
8/17/2014,86.8,0.008
8/18/2014,86.4,0
8/19/2014,82.8,0.004
8/20/2014,87.5,0.004
8/21/2014,89.3,0.205
8/22/2014,82,0.008
8/23/2014,76.7,0.15
8/24/2014,77.5,0
8/25/2014,81.1,0
8/26/2014,86.3,0
8/27/2014,91.9,0
8/28/2014,86.9,0
8/29/2014,81.6,0
8/30/2014,82.8,0
8/31/2014,93.5,0.201
9/1/2014,90.5,0.091
9/2/2014,94.7,0.016
9/3/2014,86,0.079
9/4/2014,87.3,0.012
9/5/2014,91.9,0.272
9/6/2014,93.3,0.205
9/7/2014,79.7,0.039
9/8/2014,73.5,0.142
9/9/2014,76.4,0
9/10/2014,79.4,0
9/11/2014,87.3,0.075
9/12/2014,78,0
9/13/2014,68.5,0.146
9/14/2014,70.1,0
9/15/2014,74.5,0
9/16/2014,77,0
9/17/2014,74.6,0
9/18/2014,75,0.028
9/19/2014,74.5,0
9/20/2014,81,0
9/21/2014,86,0
9/22/2014,73.4,0
9/23/2014,71.5,0
9/24/2014,71,0.287
9/25/2014,64.3,0.496
9/26/2014,75.2,0
9/27/2014,80,0
9/28/2014,81,0
9/29/2014,75.5,0
9/30/2014,77.8,0
10/1/2014,73.1,0
10/2/2014,73.3,0
10/3/2014,71.5,0.315
10/4/2014,67.7,0.047
10/5/2014,63.5,0
10/6/2014,73,0
10/7/2014,71.6,0.059
10/8/2014,74.9,0.008
10/9/2014,72.5,0
10/10/2014,64.1,0.492
10/11/2014,57.9,0.445
10/12/2014,64.4,0
10/13/2014,69.6,0.13
10/14/2014,77.7,0.008
10/15/2014,75.6,0.957
10/16/2014,67.2,0.02
10/17/2014,71.6,0
10/18/2014,67.1,0
10/19/2014,57.9,0
10/20/2014,65.5,0.039
10/21/2014,68,0.15
10/22/2014,54.7,0.496
10/23/2014,64.3,0
10/24/2014,66.4,0
10/25/2014,69.9,0
10/26/2014,67.5,0
10/27/2014,69.3,0
10/28/2014,80.1,0
10/29/2014,66.5,0.016
10/30/2014,58.9,0
10/31/2014,56.2,0
11/1/2014,52,0.15
11/2/2014,50.1,0
11/3/2014,60.6,0
11/4/2014,69.9,0
11/5/2014,68.9,0.004
11/6/2014,65.2,0.315
11/7/2014,53.7,0
11/8/2014,51,0
11/9/2014,58.1,0
11/10/2014,62.1,0
11/11/2014,68.3,0
11/12/2014,62.7,0
11/13/2014,44.1,0.059
11/14/2014,42.1,0.016
11/15/2014,43.2,0
11/16/2014,46,0.28
11/17/2014,54.8,0.5
11/18/2014,36.5,0
11/19/2014,35.2,0
11/20/2014,50.5,0
11/21/2014,36.6,0
11/22/2014,44.8,0
11/23/2014,56.3,0.016
11/24/2014,69.6,0.287
11/25/2014,60.5,0
11/26/2014,46.7,1.055
11/27/2014,44.1,0.016
11/28/2014,38.2,0
11/29/2014,44.2,0
11/30/2014,61.4,0
12/1/2014,70.6,0.331
12/2/2014,43.8,0.295
12/3/2014,52.9,0.043
12/4/2014,45.4,0.071
12/5/2014,40.8,0.087
12/6/2014,50.2,0.429
12/7/2014,45.7,0.008
12/8/2014,37.6,0.008
12/9/2014,42,0.579
12/10/2014,47.3,0.012
12/11/2014,40.4,0.008
12/12/2014,42.7,0
12/13/2014,46,0
12/14/2014,50.5,0
12/15/2014,53.9,0
12/16/2014,49.1,0.189
12/17/2014,51.9,0
12/18/2014,41.3,0
12/19/2014,41,0
12/20/2014,37.5,0
12/21/2014,41.8,0
12/22/2014,37,0.209
12/23/2014,46,0.008
12/24/2014,61.5,0.992
12/25/2014,62.6,0.134
12/26/2014,51.5,0
12/27/2014,56.1,0
12/28/2014,58.8,0.087
12/29/2014,43.2,0.024
12/30/2014,40.1,0
12/31/2014,35.6,0
1/1/2015,42.1,0
1/2/2015,46.8,0
1/3/2015,40.4,0.169
1/4/2015,62.6,0.232
1/5/2015,44.3,0
1/6/2015,34.2,0.071
1/7/2015,24,0
1/8/2015,22,0
1/9/2015,38.3,0
1/10/2015,26.6,0
1/11/2015,40.5,0.008
1/12/2015,40.1,1.043
1/13/2015,36.2,0
1/14/2015,32.7,0.094
1/15/2015,40.1,0
1/16/2015,43.6,0
1/17/2015,37.7,0
1/18/2015,44.1,0.461
1/19/2015,45.7,0
1/20/2015,45.8,0.008
1/21/2015,36.3,0.13
1/22/2015,45.4,0
1/23/2015,41.5,0.248
1/24/2015,39.5,0.591
1/25/2015,49.9,0
1/26/2015,39.1,0.157
1/27/2015,36.5,0.051
1/28/2015,35.6,0
1/29/2015,37.7,0.012
1/30/2015,38.9,0
1/31/2015,32.4,0
2/1/2015,43.3,0.11
2/2/2015,50.9,0.394
2/3/2015,35.4,0
2/4/2015,49.9,0
2/5/2015,36.4,0
2/6/2015,39.4,0
2/7/2015,48,0
2/8/2015,60.5,0
2/9/2015,39.2,0.059
2/10/2015,41.2,0.087
2/11/2015,42.3,0
2/12/2015,41,0.024
2/13/2015,28.2,0
2/14/2015,41.9,0.047
2/15/2015,19.1,0
2/16/2015,19.1,0.228
2/17/2015,28.8,0.181
2/18/2015,33,0.035
2/19/2015,16.5,0
2/20/2015,18.1,0
2/21/2015,35.1,0.685
2/22/2015,43.5,0.177
2/23/2015,33.6,0
2/24/2015,30,0
2/25/2015,38.3,0
2/26/2015,36.5,0.154
2/27/2015,32.5,0
2/28/2015,32,0
3/1/2015,31.3,0.26
3/2/2015,40.1,0.075
3/3/2015,39.6,0.024
3/4/2015,45,0.484
3/5/2015,39.1,1.146
3/6/2015,26.9,0
3/7/2015,44.7,0
3/8/2015,51.3,0
3/9/2015,60.9,0
3/10/2015,49.3,0.354
3/11/2015,64.6,0.106
3/12/2015,55.8,0
3/13/2015,51.8,0.075
3/14/2015,55.5,0.437
3/15/2015,54.1,0
3/16/2015,66.4,0
3/17/2015,66,0
3/18/2015,47.7,0
3/19/2015,49.9,0
3/20/2015,38.5,0.693
3/21/2015,60.2,0
3/22/2015,51.9,0
3/23/2015,46.8,0
3/24/2015,43,0
3/25/2015,49.3,0.02
3/26/2015,69.8,0.217
3/27/2015,47.7,0.323
3/28/2015,38.6,0
3/29/2015,44.6,0
3/30/2015,59.5,0.028
3/31/2015,65.7,0.047
4/1/2015,57.1,0
4/2/2015,67.3,0
4/3/2015,70.7,0.409
4/4/2015,63.1,0.063
4/5/2015,63.3,0
4/6/2015,72.8,0
4/7/2015,72.6,0.098
4/8/2015,56.9,0.181
4/9/2015,52.1,0.071
4/10/2015,68.8,0.024
4/11/2015,62.7,0
4/12/2015,66.3,0
4/13/2015,75.6,0
4/14/2015,60.8,0.744
4/15/2015,65.3,0.004
4/16/2015,69.5,0
4/17/2015,76.7,0.043
4/18/2015,77.5,0
4/19/2015,63.3,0.24
4/20/2015,77.5,1.126
4/21/2015,66.2,0.008
4/22/2015,70.7,0.071
4/23/2015,55.1,0
4/24/2015,57.2,0
4/25/2015,51.8,0.268
4/26/2015,61.1,0.039
4/27/2015,58,0.004
4/28/2015,65.8,0
4/29/2015,72.5,0
4/30/2015,70.8,0.031
5/1/2015,61.2,0.098
5/2/2015,71.9,0
5/3/2015,78.2,0
5/4/2015,82.5,0
5/5/2015,83.2,0.047
5/6/2015,81.5,0.035
5/7/2015,78.7,0
5/8/2015,80.9,0
5/9/2015,79.7,0
5/10/2015,81.3,0.008
5/11/2015,77,0.051
5/12/2015,87.1,0
5/13/2015,68.6,0
5/14/2015,69.4,0
5/15/2015,76.1,0
5/16/2015,87.8,0.201
5/17/2015,84.3,0.063
5/18/2015,89,0.268
5/19/2015,85.9,0
5/20/2015,71.5,0
5/21/2015,59.1,0.465
5/22/2015,74.4,0
5/23/2015,73,0
5/24/2015,82.6,0
5/25/2015,84.9,0
5/26/2015,88.2,0
5/27/2015,88,0.398
5/28/2015,88.7,0
5/29/2015,83,0
5/30/2015,87.7,0
5/31/2015,88.7,0.004
6/1/2015,89.4,0.807
6/2/2015,68.8,0.567
6/3/2015,61.6,0.012
6/4/2015,65.2,0.307
6/5/2015,71,0.031
6/6/2015,78.6,0.13
6/7/2015,76.9,0.008
6/8/2015,85.9,0
6/9/2015,83.8,0.122
6/10/2015,83.4,0
6/11/2015,92.6,0.004
6/12/2015,92.2,0.031
6/13/2015,89.6,0.236
6/14/2015,90.8,0.201
6/15/2015,90.2,0.185
6/16/2015,94.1,0
6/17/2015,86.9,0.13
6/18/2015,88.2,0.449
6/19/2015,85,0.024
6/20/2015,87.8,0.264
6/21/2015,90.5,0.051
6/22/2015,88.8,0
6/23/2015,95.9,0.154
6/24/2015,84.4,0
6/25/2015,86.2,0.744
6/26/2015,79.3,0.299
6/27/2015,72.1,0.787
6/28/2015,76.4,0.063
6/29/2015,79.7,0
6/30/2015,86,0.063
7/1/2015,84.2,0.055
7/2/2015,74.3,0.287
7/3/2015,80.4,0.028
7/4/2015,78.8,0.157
7/5/2015,83.3,0.079
7/6/2015,84.2,0.319
7/7/2015,87.8,0
7/8/2015,86.2,0.697
7/9/2015,89.6,0.008
7/10/2015,83.5,0
7/11/2015,83.2,0.358
7/12/2015,85.4,0
7/13/2015,79.1,0.016
7/14/2015,85.1,0.126
7/15/2015,82.3,0.102
7/16/2015,81.1,0
7/17/2015,81.5,0
7/18/2015,91.2,0
7/19/2015,93.7,0
7/20/2015,93.5,0.008
7/21/2015,89.4,0.232
7/22/2015,85.9,0
7/23/2015,85.8,0
7/24/2015,87,0
7/25/2015,88.1,0
7/26/2015,90,0.012
7/27/2015,84.2,0.244
7/28/2015,88.9,0.02
7/29/2015,88,0.169
7/30/2015,93,0.244
7/31/2015,89.3,0
8/1/2015,88.7,0
8/2/2015,87.8,0
8/3/2015,91.6,0
8/4/2015,91.6,0.094
8/5/2015,90.9,0
8/6/2015,84.2,0.13
8/7/2015,79.2,0.189
8/8/2015,82.4,0.008
8/9/2015,84.6,0
8/10/2015,77.1,0.11
8/11/2015,87.4,0.547
8/12/2015,83.2,0
8/13/2015,82.2,0
8/14/2015,86.2,0
8/15/2015,89,0
8/16/2015,91.9,0.004
8/17/2015,93,0
8/18/2015,91.6,0.051
8/19/2015,88.1,0.039
8/20/2015,86.3,0.433
8/21/2015,85.2,0
8/22/2015,83.6,0
8/23/2015,84.4,0.012
8/24/2015,89.4,0.075
8/25/2015,86.2,0.008
8/26/2015,81.2,0
8/27/2015,80.5,0
8/28/2015,81.6,0
8/29/2015,87.9,0
8/30/2015,90.2,0
8/31/2015,90.1,0.012
9/1/2015,93.2,0
9/2/2015,93.3,0.134
9/3/2015,92.9,0.118
9/4/2015,91.4,0.008
9/5/2015,84.4,0.012
9/6/2015,84.7,0
9/7/2015,89.9,0
9/8/2015,92.6,0
9/9/2015,92.2,0.012
9/10/2015,78.8,0.61
9/11/2015,82.9,0
9/12/2015,76.8,1.039
9/13/2015,73.1,0.004
9/14/2015,76.3,0
9/15/2015,81.1,0
9/16/2015,83.8,0
9/17/2015,84.2,0
9/18/2015,83.9,0
9/19/2015,85,0
9/20/2015,78.8,0.26
9/21/2015,70.2,0.059
9/22/2015,70.9,0.197
9/23/2015,77,0
9/24/2015,78.2,0
9/25/2015,72.7,0
9/26/2015,72.2,0.059
9/27/2015,73.1,0.059
9/28/2015,80.1,0.012
9/29/2015,81.1,0.52
9/30/2015,77.5,0.043
10/1/2015,63.6,0.047
10/2/2015,56.1,1.098
10/3/2015,57.9,0.272
10/4/2015,62,0.028
10/5/2015,65.7,0
10/6/2015,73.3,0
10/7/2015,74.6,0
10/8/2015,76.1,0
10/9/2015,77.5,0.15
10/10/2015,64.4,0
10/11/2015,69.2,0
10/12/2015,73.5,0
10/13/2015,76.7,0.059
10/14/2015,66.4,0
10/15/2015,65.7,0
10/16/2015,65.3,0
10/17/2015,57.1,0
10/18/2015,51.8,0
10/19/2015,55.8,0
10/20/2015,69.5,0
10/21/2015,74.1,0
10/22/2015,78.2,0
10/23/2015,68,0
10/24/2015,63.1,0
10/25/2015,70.1,0.075
10/26/2015,59.9,0
10/27/2015,57,0.024
10/28/2015,69,0.665
10/29/2015,71,0.047
10/30/2015,59.3,0
10/31/2015,59,0
11/1/2015,69.9,0.031
11/2/2015,65.8,0
11/3/2015,71.5,0
11/4/2015,73.4,0.008
11/5/2015,71.2,0.004
11/6/2015,79.2,0.016
11/7/2015,65.9,0.161
11/8/2015,57.3,0
11/9/2015,57.6,0.287
11/10/2015,60.8,0.398
11/11/2015,63.2,0
11/12/2015,64.5,0.075
11/13/2015,59.5,0
11/14/2015,52.3,0
11/15/2015,62.7,0
11/16/2015,67.5,0
11/17/2015,60.3,0
11/18/2015,66,0
11/19/2015,62.7,0.823
11/20/2015,56.7,0
11/21/2015,54.1,0
11/22/2015,47.1,0
11/23/2015,41.3,0
11/24/2015,53.1,0
11/25/2015,55.7,0
11/26/2015,61.2,0
11/27/2015,66,0
11/28/2015,68.8,0.031
11/29/2015,52.7,0.232
11/30/2015,46.1,0.165
12/1/2015,49,0.457
12/2/2015,57.3,0.303
12/3/2015,49.5,0
12/4/2015,50.6,0
12/5/2015,51.4,0
12/6/2015,51,0
12/7/2015,56.2,0
12/8/2015,52.7,0
12/9/2015,51.8,0
12/10/2015,60.8,0.024
12/11/2015,65.8,0
12/12/2015,70.3,0
12/13/2015,71.1,0
12/14/2015,70.2,0.126
12/15/2015,66.4,0.091
12/16/2015,55.7,0
12/17/2015,52.8,0.421
12/18/2015,50,0
12/19/2015,42.7,0
12/20/2015,45.3,0
12/21/2015,54.5,0
12/22/2015,59.2,0.252
12/23/2015,66.7,1.075
12/24/2015,70.3,0.248
12/25/2015,70.4,0.563
12/26/2015,61.2,0.028
12/27/2015,70.5,0.079
12/28/2015,51,0.043
12/29/2015,55.1,0.374
12/30/2015,53.6,0.11
12/31/2015,55,0
1/1/2016,46.4,0
1/2/2016,47.1,0
1/3/2016,49.9,0
1/4/2016,36.9,0
1/5/2016,31.3,0
1/6/2016,39.3,0
1/7/2016,39.1,0
1/8/2016,43.6,0.028
1/9/2016,49.1,0.028
1/10/2016,59.5,0.626
1/11/2016,38.2,0
1/12/2016,44.5,0
1/13/2016,29.9,0
1/14/2016,49.5,0
1/15/2016,50.4,0.5
1/16/2016,53.3,0.181
1/17/2016,37.1,0.047
1/18/2016,29.8,0
1/19/2016,26.8,0
1/20/2016,31.1,0.035
1/21/2016,33.3,0
1/22/2016,28.7,0.606
1/23/2016,27.3,1.764
1/24/2016,32,0
1/25/2016,34,0
1/26/2016,47,0.008
1/27/2016,39.5,0.008
1/28/2016,39.5,0
1/29/2016,38.3,0.004
1/30/2016,42,0
1/31/2016,49.9,0
2/1/2016,52,0.189
2/2/2016,45.3,0
2/3/2016,60,0.685
2/4/2016,56.4,0.106
2/5/2016,43.1,0.201
2/6/2016,43.1,0
2/7/2016,47.5,0
2/8/2016,46.8,0.016
2/9/2016,40.2,0.138
2/10/2016,38.4,0
2/11/2016,29.1,0
2/12/2016,31.6,0.004
2/13/2016,24.4,0
2/14/2016,26,0.004
2/15/2016,31.4,0.378
2/16/2016,53.5,0.606
2/17/2016,46.5,0
2/18/2016,37.9,0
2/19/2016,40.1,0
2/20/2016,62.1,0
2/21/2016,56.5,0.098
2/22/2016,51.2,0
2/23/2016,42.3,0.547
2/24/2016,62.8,0.72
2/25/2016,54.1,0
2/26/2016,40.3,0
2/27/2016,44.8,0
2/28/2016,62.9,0
2/29/2016,61,0.004
3/1/2016,63.4,0
3/2/2016,60.1,0.138
3/3/2016,40.9,0.059
3/4/2016,42.4,0.075
3/5/2016,43.2,0
3/6/2016,48,0.016
3/7/2016,63.6,0
3/8/2016,74.8,0.008
3/9/2016,78.3,0
3/10/2016,78.3,0
3/11/2016,70.7,0.024
3/12/2016,57.8,0.039
3/13/2016,55.8,0.421
3/14/2016,55,0.091
3/15/2016,61.9,0.138
3/16/2016,71.7,0
3/17/2016,66.3,0
3/18/2016,63.2,0
3/19/2016,45.6,0.185
3/20/2016,41.4,0.114
3/21/2016,50.9,0.004
3/22/2016,59.9,0
3/23/2016,72.5,0
3/24/2016,75.4,0
3/25/2016,71.3,0.094
3/26/2016,58.6,0
3/27/2016,57.9,0.016
3/28/2016,65.5,0.24
3/29/2016,57.5,0
3/30/2016,61,0
3/31/2016,73,0
4/1/2016,80.6,0.189
4/2/2016,62.6,0.248
4/3/2016,51.7,0
4/4/2016,72.8,0.102
4/5/2016,44.9,0
4/6/2016,55.5,0
4/7/2016,61.6,0.622
4/8/2016,52,0
4/9/2016,50,0.094
4/10/2016,50.9,0
4/11/2016,71.4,0.02
4/12/2016,63.7,0.161
4/13/2016,56.3,0
4/14/2016,60.9,0
4/15/2016,61.7,0
4/16/2016,67.7,0
4/17/2016,71.4,0
4/18/2016,81.5,0
4/19/2016,78.3,0.008
4/20/2016,69.3,0
4/21/2016,74.9,0
4/22/2016,72.8,0.031
4/23/2016,69.1,0.122
4/24/2016,68.6,0
4/25/2016,80.6,0
4/26/2016,87.1,0.024
4/27/2016,66.7,0.142
4/28/2016,55.8,0.213
4/29/2016,55.1,0.028
4/30/2016,61.3,0.035
5/1/2016,56.8,0.843
5/2/2016,78.7,0.358
5/3/2016,65.9,1.366
5/4/2016,61.1,0.22
5/5/2016,55.2,0.031
5/6/2016,53.5,0.984
5/7/2016,63.4,0.039
5/8/2016,69.1,0
5/9/2016,65.7,0.039
5/10/2016,60.6,0.228
5/11/2016,67.1,0.22
5/12/2016,68.3,0
5/13/2016,73.2,0.224
5/14/2016,74.9,0.177
5/15/2016,58.1,0
5/16/2016,63.7,0
5/17/2016,54.9,0.343
5/18/2016,65.5,0
5/19/2016,68.8,0
5/20/2016,73.3,0
5/21/2016,59.4,0.988
5/22/2016,56.8,0.354
5/23/2016,72.8,0.465
5/24/2016,80.4,0
5/25/2016,84.1,0
5/26/2016,86.9,0
5/27/2016,87.6,0.016
5/28/2016,87.3,0
5/29/2016,83.5,0.327
5/30/2016,78.8,0.327
5/31/2016,82.5,0.004
6/1/2016,84.2,0
6/2/2016,79.6,0.012
6/3/2016,77.6,0.685
6/4/2016,80.8,0.008
6/5/2016,82.8,0.602
6/6/2016,84.6,0
6/7/2016,84.1,0.028
6/8/2016,69.4,0
6/9/2016,78.8,0
6/10/2016,80.6,0
6/11/2016,93.5,0
6/12/2016,89.8,0
6/13/2016,79.7,0
6/14/2016,80.7,0
6/15/2016,79.8,0.067
6/16/2016,81.8,0.906
6/17/2016,79.1,0.756
6/18/2016,82,0
6/19/2016,87,0
6/20/2016,88.3,0
6/21/2016,86.5,0.39
6/22/2016,84.8,0
6/23/2016,81.4,0.791
6/24/2016,82.5,0.091
6/25/2016,81.5,0.012
6/26/2016,83.3,0
6/27/2016,85.8,0.28
6/28/2016,83.1,0.453
6/29/2016,82,0
6/30/2016,82.5,0.008
7/1/2016,83.5,0.181
7/2/2016,80.9,0
7/3/2016,73.4,0.209
7/4/2016,71.7,0.634
7/5/2016,87.3,0.291
7/6/2016,90.5,0
7/7/2016,91.9,0.024
7/8/2016,89.7,0.106
7/9/2016,90.9,0
7/10/2016,83.5,0
7/11/2016,85.2,0
7/12/2016,85.4,0
7/13/2016,87.4,0.35
7/14/2016,95.9,0
7/15/2016,90.6,0
7/16/2016,92.2,0.201
7/17/2016,91.9,0
7/18/2016,95.2,0.13
7/19/2016,88.9,0
7/20/2016,86.2,0.004
7/21/2016,89.8,0
7/22/2016,94.8,0
7/23/2016,97.3,0.319
7/24/2016,95.2,0
7/25/2016,100.2,0
7/26/2016,94.7,0
7/27/2016,93,0.248
7/28/2016,89.9,1.283
7/29/2016,86.1,0.394
7/30/2016,85.8,0.547
7/31/2016,88.7,0.094
8/1/2016,88.7,0.004
8/2/2016,85.2,0.004
8/3/2016,79.8,0
8/4/2016,81.5,0
8/5/2016,81.2,0.004
8/6/2016,89.5,0.063
8/7/2016,86.9,0
8/8/2016,87.8,0
8/9/2016,82.5,0
8/10/2016,91.3,0
8/11/2016,93.6,0
8/12/2016,95.2,0
8/13/2016,96.9,0
8/14/2016,98,0.055
8/15/2016,95.3,0.39
8/16/2016,94.7,0.008
8/17/2016,92.5,0.256
8/18/2016,88.1,0.043
8/19/2016,89.3,0
8/20/2016,90.1,0
8/21/2016,82,0.461
8/22/2016,82.1,0
8/23/2016,82,0
8/24/2016,85.9,0
8/25/2016,91.1,0.008
8/26/2016,94.2,0
8/27/2016,90.7,0
8/28/2016,89,0
8/29/2016,92.1,0
8/30/2016,89.9,0
8/31/2016,90.2,0
9/1/2016,80.4,0.102
9/2/2016,80.7,0
9/3/2016,76,0.492
9/4/2016,80.4,0.035
9/5/2016,87.6,0
9/6/2016,91.6,0
9/7/2016,93.2,0.209
9/8/2016,94.5,0.154
9/9/2016,95.1,0
9/10/2016,93.6,0
9/11/2016,85.1,0
9/12/2016,82.5,0
9/13/2016,87.5,0
9/14/2016,93,0
9/15/2016,76.1,0.012
9/16/2016,76.4,0
9/17/2016,81.1,0
9/18/2016,87.2,0
9/19/2016,75.2,1.63
9/20/2016,78.8,0.339
9/21/2016,83.3,0
9/22/2016,83.1,0
9/23/2016,87.7,0
9/24/2016,76.1,0
9/25/2016,71.4,0
9/26/2016,68.6,0.004
9/27/2016,74.9,0.465
9/28/2016,69.3,1.437
9/29/2016,70.7,1.461
9/30/2016,67,0.094
10/1/2016,68,0.181
10/2/2016,71.7,0
10/3/2016,74.4,0.008
