time,temperature_2m_max (Â°F),precipitation_sum (inch)
4/3/2005,73.9,0
4/4/2005,66.2,0.008
4/5/2005,78.3,0
4/6/2005,82.9,0
4/7/2005,79.5,0
4/8/2005,67.2,0
4/9/2005,68.1,0
4/10/2005,75,0
4/11/2005,75.6,0
4/12/2005,76.9,0
4/13/2005,74.3,0
4/14/2005,79.1,0
4/15/2005,79.8,0
4/16/2005,81.9,0
4/17/2005,79.4,0
4/18/2005,72.2,0
4/19/2005,68,0.004
4/20/2005,69.5,0
4/21/2005,77.2,0
4/22/2005,74.2,0.008
4/23/2005,68.6,0
4/24/2005,65.1,0.114
4/25/2005,70.4,0
4/26/2005,72.9,0
4/27/2005,68.1,0
4/28/2005,62.7,0.791
4/29/2005,68.4,0.008
4/30/2005,68.8,0
5/1/2005,70,0
5/2/2005,68.6,0
5/3/2005,72.4,0
5/4/2005,71.3,0
5/5/2005,67.9,0.193
5/6/2005,64.5,0.189
5/7/2005,66.2,0
5/8/2005,68.6,0
5/9/2005,65.6,0.067
5/10/2005,72.8,0
5/11/2005,75.2,0
5/12/2005,82,0
5/13/2005,86.4,0
5/14/2005,86.6,0
5/15/2005,85.2,0
5/16/2005,82.8,0
5/17/2005,74.2,0
5/18/2005,76.9,0
5/19/2005,86.4,0
5/20/2005,89,0
5/21/2005,90.3,0
5/22/2005,90.8,0
5/23/2005,86.9,0
5/24/2005,79.9,0
5/25/2005,81.2,0
5/26/2005,80.5,0
5/27/2005,78.2,0
5/28/2005,75.2,0
5/29/2005,73.9,0
5/30/2005,76.6,0
5/31/2005,80.4,0
6/1/2005,77.4,0
6/2/2005,72.8,0.004
6/3/2005,77.2,0
6/4/2005,76.2,0
6/5/2005,74.3,0
6/6/2005,75,0
6/7/2005,77.5,0
6/8/2005,77.8,0
6/9/2005,76.2,0
6/10/2005,77.2,0
6/11/2005,76.9,0
6/12/2005,77.5,0
6/13/2005,85,0
6/14/2005,84.3,0
6/15/2005,79.4,0
6/16/2005,76,0
6/17/2005,72.3,0
6/18/2005,74.6,0.008
6/19/2005,78.8,0
6/20/2005,87.1,0
6/21/2005,90.7,0
6/22/2005,88.7,0
6/23/2005,86.2,0
6/24/2005,85.5,0
6/25/2005,81.1,0
6/26/2005,76.9,0
6/27/2005,76.8,0
6/28/2005,78.3,0
6/29/2005,82.7,0
6/30/2005,85,0
7/1/2005,85,0
7/2/2005,83.1,0
7/3/2005,82.4,0
7/4/2005,84.1,0
7/5/2005,83.3,0
7/6/2005,82.9,0
7/7/2005,84.1,0
7/8/2005,82.8,0
7/9/2005,81.2,0
7/10/2005,81.1,0
7/11/2005,84.9,0
7/12/2005,88.3,0
7/13/2005,93.4,0
7/14/2005,94,0
7/15/2005,91.6,0
7/16/2005,86.7,0
7/17/2005,90.7,0
7/18/2005,91.3,0
7/19/2005,91.3,0
7/20/2005,94.5,0
7/21/2005,97.3,0
7/22/2005,99.7,0
7/23/2005,97.8,0
7/24/2005,89.5,0
7/25/2005,88.2,0
7/26/2005,89,0
7/27/2005,89.9,0
7/28/2005,90.9,0
7/29/2005,91.8,0
7/30/2005,92.6,0
7/31/2005,93.2,0
8/1/2005,90.4,0
8/2/2005,87.1,0
8/3/2005,88.5,0
8/4/2005,89,0
8/5/2005,89.7,0
8/6/2005,93.8,0
8/7/2005,90.9,0
8/8/2005,91.5,0
8/9/2005,88.6,0
8/10/2005,85.8,0
8/11/2005,85.9,0
8/12/2005,84,0
8/13/2005,80.5,0
8/14/2005,79.6,0
8/15/2005,81.5,0
8/16/2005,81.5,0
8/17/2005,83.4,0
8/18/2005,82,0
8/19/2005,83.2,0
8/20/2005,88.4,0
8/21/2005,90.6,0
8/22/2005,90.4,0
8/23/2005,86.3,0
8/24/2005,86.8,0
8/25/2005,96.8,0
8/26/2005,97.6,0
8/27/2005,98.4,0
8/28/2005,97.1,0
8/29/2005,94.3,0
8/30/2005,90.9,0
8/31/2005,85,0
9/1/2005,84.1,0
9/2/2005,86.6,0
9/3/2005,88.6,0
9/4/2005,88.4,0
9/5/2005,89.5,0
9/6/2005,89.7,0
9/7/2005,88,0
9/8/2005,84.2,0
9/9/2005,80.3,0
9/10/2005,72,0
9/11/2005,74,0
9/12/2005,74.7,0
9/13/2005,73.3,0
9/14/2005,76.9,0
9/15/2005,76.2,0
9/16/2005,76.9,0
9/17/2005,78.6,0
9/18/2005,77.9,0
9/19/2005,82.7,0
9/20/2005,80,0.555
9/21/2005,83.5,0
9/22/2005,85.3,0
9/23/2005,80.9,0
9/24/2005,75.2,0
9/25/2005,79.3,0
9/26/2005,86.7,0
9/27/2005,85.9,0.008
9/28/2005,97.6,0
9/29/2005,98.9,0
9/30/2005,94.3,0
10/1/2005,88.6,0
10/2/2005,82.6,0
10/3/2005,78.3,0
10/4/2005,84,0
10/5/2005,91.4,0
10/6/2005,94.7,0
10/7/2005,91.3,0
10/8/2005,81,0
10/9/2005,76.7,0
10/10/2005,83.7,0
10/11/2005,79.1,0
10/12/2005,80.2,0
10/13/2005,93.4,0
10/14/2005,93.5,0
10/15/2005,89,0
10/16/2005,74.1,0.016
10/17/2005,73.2,0.654
10/18/2005,63.4,0.299
10/19/2005,69.4,0
10/20/2005,74.3,0
10/21/2005,74,0
10/22/2005,70.7,0
10/23/2005,70.1,0
10/24/2005,67.9,0
10/25/2005,64.6,0.031
10/26/2005,69.6,0
10/27/2005,65.1,0.039
10/28/2005,67.9,0
10/29/2005,69.3,0
10/30/2005,76.4,0
10/31/2005,86.5,0
11/1/2005,87,0
11/2/2005,81.6,0
11/3/2005,69.7,0
11/4/2005,67.2,0
11/5/2005,74.1,0
11/6/2005,74.5,0
11/7/2005,71.6,0
11/8/2005,66.6,0
11/9/2005,62.2,0.087
11/10/2005,63,0.087
11/11/2005,64.9,0
11/12/2005,71,0
11/13/2005,79.3,0
11/14/2005,80.6,0
11/15/2005,84,0
11/16/2005,81.5,0
11/17/2005,83.5,0
11/18/2005,84.6,0
11/19/2005,85.6,0
11/20/2005,84.5,0
11/21/2005,82.3,0
11/22/2005,83.3,0
11/23/2005,79.3,0
11/24/2005,75.1,0
11/25/2005,70.7,0
11/26/2005,66.4,0.035
11/27/2005,65.7,0
11/28/2005,67.6,0
11/29/2005,64.8,0
11/30/2005,69.8,0
12/1/2005,67.9,0
12/2/2005,62.5,0.047
12/3/2005,64.9,0.028
12/4/2005,66.4,0
12/5/2005,67.9,0
12/6/2005,70.6,0
12/7/2005,69.1,0
12/8/2005,66.7,0.016
12/9/2005,70.6,0
12/10/2005,72.4,0
12/11/2005,71.5,0
12/12/2005,66.1,0
12/13/2005,65.3,0
12/14/2005,65.5,0
12/15/2005,65.1,0
12/16/2005,62,0
12/17/2005,56.2,0.02
12/18/2005,60.1,0
12/19/2005,75.4,0
12/20/2005,78,0
12/21/2005,79.8,0
12/22/2005,75.7,0
12/23/2005,77.4,0
12/24/2005,79.6,0
12/25/2005,75,0
12/26/2005,62.7,0.028
12/27/2005,66.3,0
12/28/2005,64.1,0
12/29/2005,66.3,0
12/30/2005,64.9,0
12/31/2005,61.6,0.26
1/1/2006,55.8,0.213
1/2/2006,55.2,1.201
1/3/2006,58.9,0.091
1/4/2006,70.6,0
1/5/2006,75.9,0
1/6/2006,77.2,0
1/7/2006,73.7,0
1/8/2006,69.4,0
1/9/2006,69.7,0
1/10/2006,69.7,0
1/11/2006,67.2,0
1/12/2006,67.4,0
1/13/2006,68.1,0
1/14/2006,62.4,0.055
1/15/2006,57.1,0
1/16/2006,62.9,0
1/17/2006,65,0
1/18/2006,61.7,0
1/19/2006,60.9,0
1/20/2006,64.2,0
1/21/2006,67.1,0
1/22/2006,67.2,0
1/23/2006,70.7,0
1/24/2006,73.7,0
1/25/2006,70.9,0
1/26/2006,59.8,0
1/27/2006,63.6,0
1/28/2006,62.9,0
1/29/2006,64.6,0
1/30/2006,64.2,0
1/31/2006,67.5,0
2/1/2006,69,0
2/2/2006,70.3,0
2/3/2006,76.6,0
2/4/2006,73.9,0
2/5/2006,80.5,0
2/6/2006,79.6,0
2/7/2006,81.1,0
2/8/2006,85,0
2/9/2006,83.7,0
2/10/2006,79.7,0
2/11/2006,80.3,0
2/12/2006,83.8,0
2/13/2006,84.6,0
2/14/2006,81,0
2/15/2006,64.9,0.016
2/16/2006,60,0
2/17/2006,58.3,0
2/18/2006,55.1,0.213
2/19/2006,54.4,0.276
2/20/2006,57.6,0
2/21/2006,61.9,0
2/22/2006,67.6,0
2/23/2006,69.5,0
2/24/2006,68.7,0
2/25/2006,72.6,0
2/26/2006,71,0
2/27/2006,68.8,0.157
2/28/2006,61,1.85
3/1/2006,61.3,0
3/2/2006,59.5,0
3/3/2006,58,0.362
3/4/2006,59,0
3/5/2006,61.8,0
3/6/2006,58.4,0
3/7/2006,58,0.232
3/8/2006,63.6,0
3/9/2006,61.1,0.016
3/10/2006,57.1,0.016
3/11/2006,48.4,0.366
3/12/2006,51.7,0.02
3/13/2006,57,0.028
3/14/2006,61.1,0
3/15/2006,60,0
3/16/2006,62.1,0
3/17/2006,59.3,0.098
3/18/2006,55.6,0.091
3/19/2006,55.6,0
3/20/2006,54.7,0.035
3/21/2006,56.1,0.248
3/22/2006,65.4,0
3/23/2006,75.2,0
3/24/2006,74.2,0
3/25/2006,71.2,0
3/26/2006,67.5,0
3/27/2006,63.1,0
3/28/2006,58.6,0.476
3/29/2006,59.1,0.524
3/30/2006,59.8,0
3/31/2006,57.5,0.059
4/1/2006,59.2,0.189
4/2/2006,64.6,0
4/3/2006,64.7,0.024
4/4/2006,63.4,1.087
4/5/2006,56.8,0.65
4/6/2006,60.7,0
4/7/2006,62.2,0
4/8/2006,63.5,0
4/9/2006,61.4,0.008
4/10/2006,58,0
4/11/2006,63,0.012
4/12/2006,67.3,0
4/13/2006,79.7,0
4/14/2006,75.1,0.386
4/15/2006,59.7,0.217
4/16/2006,60,0
4/17/2006,66.1,0
4/18/2006,76,0
4/19/2006,76.9,0
4/20/2006,75,0
4/21/2006,73,0
4/22/2006,64.2,0.02
4/23/2006,60,0
4/24/2006,64.6,0
4/25/2006,62.8,0
4/26/2006,60.8,0.047
4/27/2006,64.9,0.091
4/28/2006,66.9,0
4/29/2006,70.9,0
4/30/2006,73.8,0
5/1/2006,75,0
5/2/2006,72.2,0
5/3/2006,68.7,0
5/4/2006,66.1,0.035
5/5/2006,69.2,0
5/6/2006,70.6,0
5/7/2006,74.6,0
5/8/2006,72.8,0
5/9/2006,72.9,0
5/10/2006,81.3,0
5/11/2006,81,0
5/12/2006,79.7,0
5/13/2006,75.1,0
5/14/2006,78.8,0
5/15/2006,76.4,0
5/16/2006,82.3,0
5/17/2006,84.7,0
5/18/2006,85.9,0
5/19/2006,78.7,0
5/20/2006,76.7,0
5/21/2006,75.4,0.008
5/22/2006,64.7,0.469
5/23/2006,75,0
5/24/2006,84.1,0
5/25/2006,82.7,0
5/26/2006,76.8,0
5/27/2006,71.1,0.004
5/28/2006,78.6,0
5/29/2006,80.5,0
5/30/2006,85.7,0
5/31/2006,88.8,0
6/1/2006,88,0
6/2/2006,89.2,0
6/3/2006,95.2,0
6/4/2006,94.1,0
6/5/2006,90.8,0
6/6/2006,79.6,0
6/7/2006,80.8,0.004
6/8/2006,79.3,0
6/9/2006,78.4,0
6/10/2006,75.7,0
6/11/2006,74.6,0
6/12/2006,74.4,0
6/13/2006,78.5,0
6/14/2006,89.1,0
6/15/2006,87,0
6/16/2006,99.3,0
6/17/2006,97.5,0
6/18/2006,87.7,0
6/19/2006,83.7,0
6/20/2006,84.4,0
6/21/2006,84.3,0
6/22/2006,85.9,0
6/23/2006,88.5,0
6/24/2006,93.2,0
6/25/2006,99.1,0
6/26/2006,96.2,0
6/27/2006,94,0
6/28/2006,98.3,0
6/29/2006,96.2,0
6/30/2006,95.8,0
7/1/2006,99.4,0
7/2/2006,98.2,0
7/3/2006,91.8,0
7/4/2006,91.7,0
7/5/2006,88.9,0
7/6/2006,89.5,0
7/7/2006,94.9,0
7/8/2006,95.3,0
7/9/2006,96,0
7/10/2006,92.1,0
7/11/2006,91.5,0
7/12/2006,94.9,0
7/13/2006,96.4,0
7/14/2006,100.1,0
7/15/2006,100.5,0
7/16/2006,99.9,0
7/17/2006,94.7,0
7/18/2006,92.2,0
7/19/2006,91.3,0
7/20/2006,92.1,0
7/21/2006,100.3,0
7/22/2006,111.2,0
7/23/2006,109.3,0
7/24/2006,101.2,0
7/25/2006,95.8,0
7/26/2006,97.4,0
7/27/2006,91.7,0
7/28/2006,87.2,0
7/29/2006,84.9,0.039
7/30/2006,80.5,0
7/31/2006,78.9,0.004
8/1/2006,80.1,0
8/2/2006,85.2,0
8/3/2006,82.3,0
8/4/2006,79.7,0.016
8/5/2006,84.5,0
8/6/2006,82.6,0
8/7/2006,84.5,0
8/8/2006,92.9,0
8/9/2006,96.6,0
8/10/2006,94.1,0
8/11/2006,89.3,0
8/12/2006,85.8,0
8/13/2006,84.8,0
8/14/2006,83.2,0
8/15/2006,82.3,0
8/16/2006,83.1,0
8/17/2006,86,0
8/18/2006,86.3,0
8/19/2006,84,0
8/20/2006,85.5,0
8/21/2006,90.4,0
8/22/2006,95.8,0
8/23/2006,93.4,0
8/24/2006,91.4,0
8/25/2006,87.7,0
8/26/2006,87.8,0
8/27/2006,92.4,0
8/28/2006,96.7,0
8/29/2006,96.4,0
8/30/2006,93.5,0
8/31/2006,93.8,0
9/1/2006,97.2,0
9/2/2006,99.4,0
9/3/2006,99.8,0
9/4/2006,98.6,0
9/5/2006,97.9,0
9/6/2006,95.4,0
9/7/2006,91.8,0
9/8/2006,83.6,0
9/9/2006,79.2,0
9/10/2006,82.6,0
9/11/2006,90.7,0
9/12/2006,92.2,0
9/13/2006,90.7,0
9/14/2006,82.2,0
9/15/2006,71.5,0.004
9/16/2006,85.9,0
9/17/2006,93.4,0
9/18/2006,92,0
9/19/2006,87.9,0
9/20/2006,83.6,0
9/21/2006,80,0
9/22/2006,75.7,0
9/23/2006,84.3,0
9/24/2006,88.3,0
9/25/2006,88.5,0
9/26/2006,83.1,0
9/27/2006,85.1,0
9/28/2006,89.7,0
9/29/2006,87.8,0
9/30/2006,82.9,0
10/1/2006,77,0
10/2/2006,78.5,0.213
10/3/2006,76,0
10/4/2006,75.1,0
10/5/2006,73,0
10/6/2006,70.3,0
10/7/2006,76.6,0
10/8/2006,78.7,0
10/9/2006,73.1,0
10/10/2006,71.8,0
10/11/2006,76.4,0
10/12/2006,72,0
10/13/2006,70.1,0.035
10/14/2006,67.2,0.067
10/15/2006,70.4,0
10/16/2006,66.1,0
10/17/2006,71.5,0
10/18/2006,80.2,0
10/19/2006,84.7,0
10/20/2006,87.5,0
10/21/2006,88.5,0
10/22/2006,88.8,0
10/23/2006,88.8,0
10/24/2006,82.2,0
10/25/2006,76.7,0
10/26/2006,83.3,0
10/27/2006,88,0
10/28/2006,86.3,0
10/29/2006,80.8,0
10/30/2006,69,0
10/31/2006,68.1,0
11/1/2006,73.1,0
11/2/2006,74.9,0
11/3/2006,75.3,0
11/4/2006,83.4,0
11/5/2006,88.9,0
11/6/2006,93.1,0
11/7/2006,93,0
11/8/2006,86.6,0
11/9/2006,78,0
11/10/2006,80.4,0
11/11/2006,78,0
11/12/2006,75.4,0
11/13/2006,74.7,0
11/14/2006,74.2,0.008
11/15/2006,83.1,0
11/16/2006,82.2,0
11/17/2006,79.7,0
11/18/2006,84.1,0
11/19/2006,88.5,0
11/20/2006,86.8,0
11/21/2006,81.8,0
11/22/2006,70.8,0
11/23/2006,71.5,0
11/24/2006,68.7,0
11/25/2006,63.6,0.012
11/26/2006,60.3,0.004
11/27/2006,59.2,0.016
11/28/2006,61.1,0
11/29/2006,61.1,0
11/30/2006,65.4,0
12/1/2006,74.7,0
12/2/2006,76.6,0
12/3/2006,72.3,0
12/4/2006,76,0
12/5/2006,75.1,0
12/6/2006,77.2,0
12/7/2006,80.4,0
12/8/2006,76,0
12/9/2006,69.1,0
12/10/2006,59.5,0.406
12/11/2006,64.3,0
12/12/2006,67.7,0
12/13/2006,73.3,0
12/14/2006,74.7,0
12/15/2006,69,0
12/16/2006,61.2,0.102
12/17/2006,53.9,0.146
12/18/2006,56.2,0
12/19/2006,58.8,0
12/20/2006,58.1,0
12/21/2006,59.6,0
12/22/2006,61.4,0.004
12/23/2006,71.8,0
12/24/2006,73.4,0
12/25/2006,77.8,0
12/26/2006,73.9,0
12/27/2006,66.2,0.177
12/28/2006,62.2,0
12/29/2006,68.8,0
12/30/2006,66.8,0
12/31/2006,60,0
1/1/2007,67.9,0
1/2/2007,74.8,0
1/3/2007,72.9,0
1/4/2007,66.1,0
1/5/2007,59,0.031
1/6/2007,69.2,0
1/7/2007,75,0
1/8/2007,81.5,0
1/9/2007,80.9,0
1/10/2007,77.1,0
1/11/2007,64.4,0.028
1/12/2007,53.5,0.016
1/13/2007,51.7,0
1/14/2007,52.2,0
1/15/2007,58.8,0
1/16/2007,63.4,0
1/17/2007,61.8,0.051
1/18/2007,65.9,0.008
1/19/2007,69.4,0
1/20/2007,66.7,0
1/21/2007,63,0
1/22/2007,67.5,0
1/23/2007,71,0
1/24/2007,74.7,0
1/25/2007,75.7,0
1/26/2007,72.3,0
1/27/2007,62,0.008
1/28/2007,61.5,0.087
1/29/2007,64.3,0
1/30/2007,59.8,0.102
1/31/2007,56.9,0.228
2/1/2007,56.8,0
2/2/2007,63.5,0
2/3/2007,72.6,0
2/4/2007,82.1,0
2/5/2007,84.1,0
2/6/2007,78.1,0
2/7/2007,71.6,0
2/8/2007,67.5,0
2/9/2007,70.6,0
2/10/2007,70.8,0
2/11/2007,66.5,0.449
2/12/2007,59.3,0.02
2/13/2007,60.8,0
2/14/2007,69,0
2/15/2007,73.3,0
2/16/2007,83.1,0
2/17/2007,84.5,0
2/18/2007,83.4,0
2/19/2007,64.7,0.22
2/20/2007,59.8,0
2/21/2007,64.1,0
2/22/2007,60.8,0.157
2/23/2007,57.5,0.26
2/24/2007,63.6,0
2/25/2007,61.4,0.004
2/26/2007,58,0
2/27/2007,55.8,0.169
2/28/2007,57.1,0.024
3/1/2007,61.6,0.008
3/2/2007,68.2,0
3/3/2007,74.8,0
3/4/2007,77.8,0
3/5/2007,82.3,0
3/6/2007,83.7,0
3/7/2007,78.9,0
3/8/2007,73.5,0
3/9/2007,69.9,0
3/10/2007,81.7,0
3/11/2007,92,0
3/12/2007,92.7,0
3/13/2007,87.1,0
3/14/2007,78.8,0
3/15/2007,78.6,0
3/16/2007,84.6,0
3/17/2007,81.7,0
3/18/2007,74.1,0
3/19/2007,68,0
3/20/2007,65.1,0.043
3/21/2007,61.6,0.031
3/22/2007,79.7,0.028
3/23/2007,79.2,0
3/24/2007,71.3,0
3/25/2007,72.4,0
3/26/2007,68.5,0
3/27/2007,63.9,0.016
3/28/2007,70.1,0
3/29/2007,78.1,0
3/30/2007,77.9,0
3/31/2007,78.4,0
4/1/2007,76.9,0
4/2/2007,73.8,0
4/3/2007,73.3,0
4/4/2007,77,0
4/5/2007,74,0
4/6/2007,71.2,0
4/7/2007,67.9,0
4/8/2007,66.8,0.008
4/9/2007,69.5,0
4/10/2007,77.7,0
4/11/2007,74.4,0
4/12/2007,68,0
4/13/2007,82,0
4/14/2007,77.9,0
4/15/2007,65.2,0.094
4/16/2007,72.2,0
4/17/2007,67.8,0
4/18/2007,66.7,0
4/19/2007,72.3,0
4/20/2007,67.5,0.724
4/21/2007,61.3,0.071
4/22/2007,60.6,0
4/23/2007,69.2,0.071
4/24/2007,74.9,0
4/25/2007,78,0
4/26/2007,74.7,0
4/27/2007,87.7,0
4/28/2007,86.9,0
4/29/2007,84.4,0
4/30/2007,77.2,0
5/1/2007,73.5,0
5/2/2007,70.7,0
5/3/2007,73.6,0
5/4/2007,68.8,0
5/5/2007,74.3,0
5/6/2007,86.8,0
5/7/2007,93.8,0
5/8/2007,96.8,0
5/9/2007,91.7,0
5/10/2007,87.6,0
5/11/2007,82.9,0
5/12/2007,75.2,0
5/13/2007,75.3,0
5/14/2007,74.3,0
5/15/2007,73.8,0
5/16/2007,75.1,0
5/17/2007,76.6,0
5/18/2007,76.3,0
5/19/2007,77.8,0
5/20/2007,76.2,0
5/21/2007,72.6,0
5/22/2007,71.6,0
5/23/2007,76.5,0.004
5/24/2007,80.7,0
5/25/2007,79,0
5/26/2007,75.8,0
5/27/2007,75.5,0
5/28/2007,73.3,0
5/29/2007,74.1,0
5/30/2007,75.3,0
5/31/2007,75,0
6/1/2007,75.8,0
6/2/2007,75,0
6/3/2007,78.4,0
6/4/2007,81.3,0
6/5/2007,79.5,0
6/6/2007,73.8,0
6/7/2007,79.7,0
6/8/2007,78.4,0
6/9/2007,76.5,0
6/10/2007,78.8,0
6/11/2007,76.7,0
6/12/2007,84.1,0
6/13/2007,89.7,0
6/14/2007,88.2,0
6/15/2007,85.6,0
6/16/2007,83.2,0
6/17/2007,80.1,0
6/18/2007,80.6,0
6/19/2007,85.5,0
6/20/2007,90.5,0
6/21/2007,88.7,0
6/22/2007,90.4,0
6/23/2007,86.9,0
6/24/2007,82.1,0
6/25/2007,84.5,0
6/26/2007,86,0
6/27/2007,86,0
6/28/2007,87.3,0
6/29/2007,88.3,0
6/30/2007,89.2,0
7/1/2007,91.9,0
7/2/2007,93.6,0
7/3/2007,95.4,0
7/4/2007,93.4,0
7/5/2007,91.8,0
7/6/2007,92.2,0
7/7/2007,91.7,0
7/8/2007,86.8,0
7/9/2007,81.6,0
7/10/2007,81.9,0
7/11/2007,82.7,0
7/12/2007,85.7,0
7/13/2007,92.4,0
7/14/2007,90.5,0
7/15/2007,88.6,0
7/16/2007,84,0
7/17/2007,84.1,0
7/18/2007,86.6,0
7/19/2007,87.7,0
7/20/2007,87.2,0
7/21/2007,86.8,0
7/22/2007,86.4,0
7/23/2007,85.4,0.008
7/24/2007,89.6,0
7/25/2007,90.4,0
7/26/2007,94.3,0
7/27/2007,93.9,0
7/28/2007,91.1,0
7/29/2007,86.7,0
7/30/2007,86,0
7/31/2007,85.7,0
8/1/2007,85.4,0
8/2/2007,87.5,0
8/3/2007,89.6,0
8/4/2007,87.8,0
8/5/2007,83.8,0
8/6/2007,82.3,0
8/7/2007,80.5,0
8/8/2007,85,0
8/9/2007,86.2,0
8/10/2007,85.4,0
8/11/2007,87.4,0
8/12/2007,91.3,0
8/13/2007,96.6,0
8/14/2007,97.8,0
8/15/2007,96.4,0
8/16/2007,96.2,0
8/17/2007,95.3,0
8/18/2007,94,0
8/19/2007,93.6,0
8/20/2007,95.3,0
8/21/2007,94.1,0
8/22/2007,90.7,0
8/23/2007,84.4,0
8/24/2007,87.5,0
8/25/2007,87.6,0
8/26/2007,88.9,0
8/27/2007,90.6,0
8/28/2007,95.7,0
8/29/2007,101.9,0
8/30/2007,100.3,0
8/31/2007,103,0
9/1/2007,103.4,0
9/2/2007,104.1,0
9/3/2007,106.6,0
9/4/2007,102.6,0
9/5/2007,91.7,0
9/6/2007,81.5,0
9/7/2007,83.8,0
9/8/2007,84.5,0
9/9/2007,82.1,0
9/10/2007,88.6,0
9/11/2007,94,0
9/12/2007,93.3,0
9/13/2007,90.2,0
9/14/2007,86.4,0
9/15/2007,85,0
9/16/2007,81.4,0
9/17/2007,76.9,0
9/18/2007,78.2,0
9/19/2007,73.9,0.012
9/20/2007,68.5,0.028
9/21/2007,75.4,0.004
9/22/2007,68.5,0.713
9/23/2007,69.1,0.091
9/24/2007,77.8,0
9/25/2007,81,0
9/26/2007,86.2,0
9/27/2007,83.4,0
9/28/2007,78.6,0.016
9/29/2007,75.3,0.004
9/30/2007,85.9,0
10/1/2007,81.5,0
10/2/2007,88.2,0
10/3/2007,86.4,0
10/4/2007,81.5,0
10/5/2007,70.8,0.024
10/6/2007,75.6,0
10/7/2007,85.7,0
10/8/2007,87.3,0
10/9/2007,82.2,0
10/10/2007,76.9,0
10/11/2007,75.5,0
10/12/2007,71.7,0
10/13/2007,70,0.224
10/14/2007,73.8,0
10/15/2007,69.5,0
10/16/2007,68.8,0
10/17/2007,69.8,0
10/18/2007,82.3,0
10/19/2007,89.9,0
10/20/2007,84.8,0
10/21/2007,82.2,0
10/22/2007,86.6,0
10/23/2007,95.8,0
10/24/2007,96.5,0
10/25/2007,93.7,0
10/26/2007,86.3,0
10/27/2007,78.1,0.016
10/28/2007,89.4,0
10/29/2007,82.8,0
10/30/2007,76.9,0
10/31/2007,78.7,0
11/1/2007,75.9,0
11/2/2007,80.8,0
11/3/2007,85.9,0
11/4/2007,81.3,0
11/5/2007,72.6,0
11/6/2007,72.7,0
11/7/2007,72.3,0
11/8/2007,67.3,0
11/9/2007,65.1,0
11/10/2007,70.3,0
11/11/2007,64,0.016
11/12/2007,80.5,0
11/13/2007,86.8,0
11/14/2007,88.7,0
11/15/2007,86.8,0
11/16/2007,82.3,0
11/17/2007,71.8,0
11/18/2007,75.9,0
11/19/2007,75.3,0
11/20/2007,70.8,0
11/21/2007,73.6,0
11/22/2007,70.6,0
11/23/2007,67.2,0
11/24/2007,76.3,0
11/25/2007,73.1,0
11/26/2007,74.8,0
11/27/2007,71,0
11/28/2007,77.7,0
11/29/2007,74.6,0
11/30/2007,70.3,0.114
12/1/2007,58,0.008
12/2/2007,59.1,0
12/3/2007,76.5,0
12/4/2007,82.9,0
12/5/2007,78.4,0
12/6/2007,70.7,0
12/7/2007,58.9,0.256
12/8/2007,55.4,0
12/9/2007,61.1,0
12/10/2007,61.7,0
12/11/2007,60.8,0.004
12/12/2007,62.2,0
12/13/2007,62.5,0
12/14/2007,62.2,0
12/15/2007,66.3,0
12/16/2007,67.3,0
12/17/2007,62.9,0
12/18/2007,56.6,0.059
12/19/2007,58.8,0.346
12/20/2007,57.2,0
12/21/2007,59.2,0.051
12/22/2007,62.5,0
12/23/2007,72.4,0
12/24/2007,72.7,0
12/25/2007,69.8,0
12/26/2007,62,0
12/27/2007,58.1,0
12/28/2007,54,0
12/29/2007,58.4,0
12/30/2007,61.8,0
12/31/2007,70.9,0
1/1/2008,69.7,0
1/2/2008,71.4,0
1/3/2008,68.9,0
1/4/2008,60.7,0.083
1/5/2008,55.4,1.85
1/6/2008,53.8,0.248
1/7/2008,59.4,0.343
1/8/2008,57.3,0
1/9/2008,56.9,0
1/10/2008,62,0
1/11/2008,68.8,0
1/12/2008,70.3,0
1/13/2008,71.5,0
1/14/2008,70.6,0
1/15/2008,67.8,0
1/16/2008,63.4,0
1/17/2008,62,0
1/18/2008,63.3,0
1/19/2008,65.8,0
1/20/2008,63.7,0
1/21/2008,55.4,0
1/22/2008,55.2,0.106
1/23/2008,54.8,0.091
1/24/2008,49.4,0.988
1/25/2008,55,1.087
1/26/2008,64.4,0.02
1/27/2008,63.1,1.953
1/28/2008,52.5,0.61
1/29/2008,55.2,0
1/30/2008,54.9,0
1/31/2008,59.3,0
2/1/2008,57.4,0
2/2/2008,56.2,0
2/3/2008,54.3,0.413
2/4/2008,56.6,0
2/5/2008,58.5,0
2/6/2008,58.9,0
2/7/2008,67,0
2/8/2008,73.3,0
2/9/2008,76.5,0
2/10/2008,75.4,0
2/11/2008,75.1,0
2/12/2008,78.2,0
2/13/2008,75.1,0
2/14/2008,58.9,0.071
2/15/2008,66.3,0
2/16/2008,64.9,0
2/17/2008,60.7,0
2/18/2008,63.7,0
2/19/2008,59.6,0.004
2/20/2008,55.6,0.083
2/21/2008,57.4,0
2/22/2008,54.5,0.354
2/23/2008,59.8,0
2/24/2008,55.8,0.543
2/25/2008,66,0.008
2/26/2008,75.8,0
2/27/2008,76.7,0
2/28/2008,74,0
2/29/2008,67.7,0
3/1/2008,63.8,0
3/2/2008,69,0
3/3/2008,70.3,0
3/4/2008,70.8,0
3/5/2008,69.7,0
3/6/2008,71.1,0
3/7/2008,74.9,0
3/8/2008,75,0
3/9/2008,76.9,0
3/10/2008,79.8,0
3/11/2008,81.4,0
3/12/2008,77.8,0
3/13/2008,74.7,0
3/14/2008,72.3,0.012
3/15/2008,67.1,0.031
3/16/2008,63.9,0
3/17/2008,71.5,0
3/18/2008,71.8,0
3/19/2008,68.7,0
3/20/2008,73.6,0
3/21/2008,83,0
3/22/2008,85.6,0
3/23/2008,87.7,0
3/24/2008,85.1,0
3/25/2008,80.5,0
3/26/2008,76,0
3/27/2008,75.2,0
3/28/2008,71.5,0
3/29/2008,67.5,0
3/30/2008,62.9,0.008
3/31/2008,65.6,0
4/1/2008,64.3,0
4/2/2008,63.5,0
4/3/2008,71.5,0.079
4/4/2008,70.2,0
4/5/2008,67,0
4/6/2008,65.4,0.004
4/7/2008,68.5,0
4/8/2008,64.7,0
4/9/2008,67.8,0
4/10/2008,76.2,0
4/11/2008,86.9,0
4/12/2008,92.9,0
4/13/2008,95.5,0
4/14/2008,90.6,0
4/15/2008,81.4,0
4/16/2008,75.2,0
4/17/2008,83.6,0
4/18/2008,82.4,0
4/19/2008,77.7,0
4/20/2008,65.9,0
4/21/2008,69,0
4/22/2008,70.6,0
4/23/2008,68.3,0
4/24/2008,78,0
4/25/2008,88.6,0
4/26/2008,95.5,0
4/27/2008,96.9,0
4/28/2008,94.1,0
4/29/2008,90.1,0
4/30/2008,77,0
5/1/2008,77.3,0
5/2/2008,83.7,0
5/3/2008,78.5,0
5/4/2008,73.8,0
5/5/2008,69.7,0
5/6/2008,67.9,0
5/7/2008,68.3,0.008
5/8/2008,71.3,0.004
5/9/2008,70.1,0
5/10/2008,74.1,0
5/11/2008,72,0
5/12/2008,68.8,0
5/13/2008,84,0
5/14/2008,83,0
5/15/2008,94.2,0
5/16/2008,98.3,0
5/17/2008,97.5,0
5/18/2008,95.9,0
5/19/2008,92.8,0
5/20/2008,90.4,0
5/21/2008,79.4,0
5/22/2008,78.7,0.012
5/23/2008,66.2,0.087
5/24/2008,60.9,0.016
5/25/2008,62,0.004
5/26/2008,64.5,0
5/27/2008,69.3,0
5/28/2008,71.1,0
5/29/2008,74.8,0
5/30/2008,77,0
5/31/2008,75.3,0
6/1/2008,77.4,0
6/2/2008,75.4,0
6/3/2008,75,0
6/4/2008,73.1,0
6/5/2008,82.3,0
6/6/2008,82.7,0
6/7/2008,80.9,0
6/8/2008,82.8,0
6/9/2008,88.6,0
6/10/2008,87.4,0
6/11/2008,78.2,0
6/12/2008,79.4,0
6/13/2008,85,0
6/14/2008,86.4,0
6/15/2008,87.5,0
6/16/2008,92.3,0
6/17/2008,93.3,0
6/18/2008,100.1,0
6/19/2008,101.3,0
6/20/2008,106,0
6/21/2008,104.9,0
6/22/2008,103.6,0
6/23/2008,98.1,0
6/24/2008,88.9,0
6/25/2008,83.5,0
6/26/2008,81.2,0
6/27/2008,81.9,0
6/28/2008,86.1,0
6/29/2008,90.7,0
6/30/2008,94.1,0
7/1/2008,91.9,0
7/2/2008,92.9,0
7/3/2008,92,0
7/4/2008,94,0
7/5/2008,92.5,0
7/6/2008,89.3,0
7/7/2008,91.2,0
7/8/2008,89.6,0
7/9/2008,86.5,0
7/10/2008,87,0
7/11/2008,85.8,0
7/12/2008,88.2,0
7/13/2008,87.4,0.024
7/14/2008,86.9,0
7/15/2008,89.2,0
7/16/2008,90.4,0
7/17/2008,89.1,0
7/18/2008,87.3,0
7/19/2008,85,0
7/20/2008,82,0
7/21/2008,87.2,0
7/22/2008,85.7,0
7/23/2008,84.2,0
7/24/2008,87.8,0
7/25/2008,91.4,0
7/26/2008,89.8,0
7/27/2008,83.6,0
7/28/2008,82,0
7/29/2008,82.2,0
7/30/2008,85.7,0
7/31/2008,86.2,0
8/1/2008,88.7,0
8/2/2008,88.1,0
8/3/2008,87.1,0
8/4/2008,90.4,0
8/5/2008,89.5,0
8/6/2008,93.4,0
8/7/2008,93.2,0
8/8/2008,90.7,0
8/9/2008,88.3,0
8/10/2008,88.4,0
8/11/2008,87.1,0
8/12/2008,89.4,0
8/13/2008,88.7,0
8/14/2008,91.6,0
8/15/2008,88.9,0
8/16/2008,87.2,0
8/17/2008,88,0
8/18/2008,86.4,0
8/19/2008,85,0
8/20/2008,84.6,0
8/21/2008,85,0
8/22/2008,83.3,0
8/23/2008,87.1,0
8/24/2008,95.2,0
8/25/2008,93.1,0
8/26/2008,90.8,0
8/27/2008,89.6,0
8/28/2008,88.2,0
8/29/2008,93.4,0
8/30/2008,90.4,0
8/31/2008,86.5,0
9/1/2008,84.5,0
9/2/2008,90.5,0
9/3/2008,94,0
9/4/2008,94.9,0
9/5/2008,93,0
9/6/2008,93.8,0
9/7/2008,91.3,0
9/8/2008,86.5,0
9/9/2008,83.2,0
9/10/2008,80,0
9/11/2008,82.6,0
9/12/2008,79.2,0
9/13/2008,81.3,0
9/14/2008,86.9,0
9/15/2008,95.3,0
9/16/2008,93.5,0
9/17/2008,86.7,0
9/18/2008,87.9,0
9/19/2008,87.5,0
9/20/2008,85,0
9/21/2008,76.7,0
9/22/2008,80.4,0
9/23/2008,87.1,0
9/24/2008,91.9,0
9/25/2008,97.9,0
9/26/2008,94.9,0
9/27/2008,93.5,0
9/28/2008,92.8,0
9/29/2008,94.9,0
9/30/2008,100,0
10/1/2008,97.9,0
10/2/2008,91.7,0
10/3/2008,83.4,0
10/4/2008,70.8,0.016
10/5/2008,76,0.035
10/6/2008,88.3,0
10/7/2008,97.7,0
10/8/2008,96,0
10/9/2008,90.1,0
10/10/2008,77.5,0
10/11/2008,69.7,0
10/12/2008,73.3,0
10/13/2008,78.4,0
10/14/2008,89.2,0
10/15/2008,92.8,0
10/16/2008,91.9,0
10/17/2008,92.9,0
10/18/2008,85.6,0
10/19/2008,79.2,0
10/20/2008,77.9,0
10/21/2008,88.1,0
10/22/2008,94,0
10/23/2008,92.4,0
10/24/2008,89.5,0
10/25/2008,90,0
10/26/2008,88.6,0
10/27/2008,92.5,0
10/28/2008,95.1,0
10/29/2008,91.1,0
10/30/2008,84.7,0
10/31/2008,82.1,0
11/1/2008,78.8,0.012
11/2/2008,72.6,0.217
11/3/2008,65.7,0
11/4/2008,66.3,0.118
11/5/2008,71.8,0
11/6/2008,80.5,0
11/7/2008,85,0
11/8/2008,82.2,0
11/9/2008,75.5,0.02
11/10/2008,67.5,0
11/11/2008,71.2,0
11/12/2008,81.4,0
11/13/2008,86.1,0
11/14/2008,90.4,0
11/15/2008,89.7,0
11/16/2008,90.1,0
11/17/2008,89.3,0
11/18/2008,86.8,0
11/19/2008,83.8,0
11/20/2008,80.3,0
11/21/2008,83.1,0
11/22/2008,79,0
11/23/2008,73.4,0
11/24/2008,75.5,0
11/25/2008,72.6,0
11/26/2008,66.7,1.823
11/27/2008,63.2,0.142
11/28/2008,65.5,0
11/29/2008,69.7,0
11/30/2008,76,0
12/1/2008,75.8,0
12/2/2008,70.3,0
12/3/2008,66.7,0
12/4/2008,63.7,0
12/5/2008,71.8,0
12/6/2008,72.4,0
12/7/2008,66.9,0.031
12/8/2008,60.6,0.016
12/9/2008,66.3,0
12/10/2008,70.4,0
12/11/2008,74.2,0
12/12/2008,67.7,0
12/13/2008,60.3,0.051
12/14/2008,54.4,0
12/15/2008,51.7,1.366
12/16/2008,53.3,0.051
12/17/2008,50.8,0.264
12/18/2008,51.3,0.177
12/19/2008,54.6,0
12/20/2008,58.2,0
12/21/2008,59.8,0
12/22/2008,56.5,0.213
12/23/2008,53.5,0
12/24/2008,53.1,0
12/25/2008,53.5,0.213
12/26/2008,52.3,0
12/27/2008,55.6,0
12/28/2008,62.5,0
12/29/2008,68.7,0
12/30/2008,70.2,0
12/31/2008,66,0
1/1/2009,66.7,0
1/2/2009,63.1,0
1/3/2009,55.5,0.008
1/4/2009,59,0
1/5/2009,56.5,0
1/6/2009,60.5,0
1/7/2009,66.1,0
1/8/2009,67,0
1/9/2009,70.3,0
1/10/2009,70.6,0
1/11/2009,78,0
1/12/2009,81.6,0
1/13/2009,81.7,0
1/14/2009,83.5,0
1/15/2009,80.5,0
1/16/2009,78.7,0
1/17/2009,79.3,0
1/18/2009,80.2,0
1/19/2009,80.8,0
1/20/2009,81.3,0
1/21/2009,78.5,0
1/22/2009,69.8,0.126
1/23/2009,65.4,0.154
1/24/2009,60.2,0.083
1/25/2009,57.7,0
1/26/2009,57.1,0
1/27/2009,61.8,0
1/28/2009,69.4,0
1/29/2009,75.4,0
1/30/2009,78.7,0
1/31/2009,77.2,0
2/1/2009,76.5,0
2/2/2009,80,0
2/3/2009,81.2,0
2/4/2009,79.1,0
2/5/2009,73.8,0.154
2/6/2009,57.1,0.874
2/7/2009,55.8,0.846
2/8/2009,55,0.114
2/9/2009,53.1,0.264
2/10/2009,55.8,0
2/11/2009,55.5,0
2/12/2009,57.2,0
2/13/2009,54.8,0.26
2/14/2009,54.1,0.047
2/15/2009,56.4,0
2/16/2009,54.1,1.441
2/17/2009,55.1,0.311
2/18/2009,61.8,0.083
2/19/2009,69.2,0
2/20/2009,70.3,0
2/21/2009,68.2,0
2/22/2009,72,0.012
2/23/2009,70,0
2/24/2009,67.3,0
2/25/2009,63,0.02
2/26/2009,63.5,0
2/27/2009,66.3,0
2/28/2009,78.4,0
3/1/2009,79.3,0
3/2/2009,76.5,0.008
3/3/2009,70.6,0
3/4/2009,62.8,0.28
3/5/2009,59.4,0.028
3/6/2009,59.4,0
3/7/2009,63,0
3/8/2009,62.1,0
3/9/2009,58.8,0.02
3/10/2009,63,0
3/11/2009,60.7,0
3/12/2009,65.9,0
3/13/2009,67.7,0
3/14/2009,63.8,0
3/15/2009,59.9,0
3/16/2009,70.2,0
3/17/2009,79.9,0
3/18/2009,82.7,0
3/19/2009,80.1,0
3/20/2009,74.4,0
3/21/2009,67,0
3/22/2009,60.9,0.039
3/23/2009,69.7,0
3/24/2009,76.7,0
3/25/2009,77.6,0
3/26/2009,72.7,0
3/27/2009,78.5,0
3/28/2009,80.3,0
3/29/2009,75.6,0
3/30/2009,71.6,0
3/31/2009,73.3,0
4/1/2009,70.7,0
4/2/2009,67.3,0
4/3/2009,67.4,0.024
4/4/2009,70.2,0
4/5/2009,79.6,0
4/6/2009,82.9,0
4/7/2009,78,0
4/8/2009,63.6,0.102
4/9/2009,67.4,0
4/10/2009,61.7,0
4/11/2009,64.5,0
4/12/2009,73.4,0
4/13/2009,75.8,0
4/14/2009,72.5,0
4/15/2009,63.6,0
4/16/2009,70.1,0
4/17/2009,77.5,0
4/18/2009,84.5,0
4/19/2009,94.9,0
4/20/2009,98.5,0
4/21/2009,94.8,0
4/22/2009,92.2,0
4/23/2009,73.5,0
4/24/2009,66.8,0
4/25/2009,70.9,0
4/26/2009,68.2,0
4/27/2009,66.8,0
4/28/2009,65.1,0
4/29/2009,68.3,0
4/30/2009,76.5,0
5/1/2009,78,0
5/2/2009,76.8,0
5/3/2009,78.6,0
5/4/2009,78.6,0
5/5/2009,81.8,0
5/6/2009,93.2,0
5/7/2009,95.2,0
5/8/2009,93.4,0
5/9/2009,81.3,0
5/10/2009,76.9,0
5/11/2009,76.9,0
5/12/2009,74.6,0
5/13/2009,78.1,0
5/14/2009,81.1,0
5/15/2009,80.4,0
5/16/2009,84,0
5/17/2009,86.1,0
5/18/2009,85.4,0
5/19/2009,85.8,0
5/20/2009,83.1,0
5/21/2009,82.1,0
5/22/2009,77.6,0
5/23/2009,75.2,0
5/24/2009,73.6,0
5/25/2009,73.3,0
5/26/2009,76.1,0
5/27/2009,78.6,0
5/28/2009,79.9,0
5/29/2009,76.8,0
5/30/2009,74.9,0
5/31/2009,74.9,0
6/1/2009,76.5,0
6/2/2009,78.1,0
6/3/2009,76,0.004
6/4/2009,72.9,0
6/5/2009,70,0.071
6/6/2009,68.8,0.012
6/7/2009,70.6,0
6/8/2009,68.9,0
6/9/2009,67.9,0.004
6/10/2009,67.7,0
6/11/2009,70.2,0
6/12/2009,68.8,0.004
6/13/2009,71,0.008
6/14/2009,72.7,0
6/15/2009,73.8,0
6/16/2009,76,0
6/17/2009,77.5,0
6/18/2009,81.8,0
6/19/2009,83.9,0
6/20/2009,81.3,0
6/21/2009,75.5,0.008
6/22/2009,78.5,0
6/23/2009,79.3,0
6/24/2009,79.8,0
6/25/2009,80.7,0
6/26/2009,84.1,0
6/27/2009,89,0
6/28/2009,93.2,0
6/29/2009,89.5,0
6/30/2009,85.2,0
7/1/2009,85.4,0
7/2/2009,89,0
7/3/2009,87.2,0
7/4/2009,88.8,0
7/5/2009,87.7,0
7/6/2009,85.8,0
7/7/2009,83.9,0
7/8/2009,83.2,0
7/9/2009,85.5,0
7/10/2009,86.1,0.008
7/11/2009,94,0
7/12/2009,94.6,0
7/13/2009,93.3,0
7/14/2009,91.3,0
7/15/2009,90.9,0
7/16/2009,92.8,0
7/17/2009,94.3,0
7/18/2009,96.1,0
7/19/2009,97.8,0
7/20/2009,96.1,0
7/21/2009,93.8,0
7/22/2009,92.2,0
7/23/2009,89.7,0
7/24/2009,87.4,0
7/25/2009,89.6,0
7/26/2009,91.1,0
7/27/2009,90.9,0
7/28/2009,88.2,0
7/29/2009,84.7,0
7/30/2009,83.8,0
7/31/2009,85.9,0
8/1/2009,85.3,0
8/2/2009,87.1,0
8/3/2009,92.3,0
8/4/2009,97,0
8/5/2009,94.6,0
8/6/2009,91.9,0
8/7/2009,80.5,0
8/8/2009,82.7,0
8/9/2009,85.1,0
8/10/2009,85.9,0
8/11/2009,87.2,0
8/12/2009,87,0
8/13/2009,87.3,0
8/14/2009,84.6,0
8/15/2009,80.8,0
8/16/2009,81.5,0
8/17/2009,82.8,0
8/18/2009,83.2,0
8/19/2009,81.4,0
8/20/2009,85.5,0
8/21/2009,85.6,0
8/22/2009,89.2,0
8/23/2009,88.2,0
8/24/2009,89.5,0
8/25/2009,94.5,0
8/26/2009,99,0
8/27/2009,104.7,0
8/28/2009,101.4,0
8/29/2009,102.8,0
8/30/2009,100.2,0
8/31/2009,97.8,0
9/1/2009,97.7,0
9/2/2009,98.9,0
9/3/2009,98.7,0
9/4/2009,96.6,0
9/5/2009,92.9,0
9/6/2009,88.8,0
9/7/2009,85.7,0
9/8/2009,83.6,0
9/9/2009,87.3,0
9/10/2009,95.1,0
9/11/2009,92.2,0
9/12/2009,89.5,0
9/13/2009,80.6,0
9/14/2009,74.7,0
9/15/2009,81.4,0
9/16/2009,85.7,0
9/17/2009,91.2,0
9/18/2009,92.2,0
9/19/2009,90.6,0
9/20/2009,86.9,0
9/21/2009,88.5,0
9/22/2009,100.5,0
9/23/2009,102.1,0
9/24/2009,100.8,0
9/25/2009,98.2,0
9/26/2009,97.6,0
9/27/2009,93.7,0
9/28/2009,89.1,0
9/29/2009,79,0
9/30/2009,83.8,0
10/1/2009,90.7,0
10/2/2009,89.5,0
10/3/2009,81.5,0
10/4/2009,72.2,0
10/5/2009,71.8,0
10/6/2009,72.1,0
10/7/2009,70.6,0
10/8/2009,72.6,0
10/9/2009,73.6,0
10/10/2009,73.3,0
10/11/2009,69.2,0
10/12/2009,64.9,0
10/13/2009,63.5,0.11
10/14/2009,65.2,1.177
10/15/2009,82.9,0
10/16/2009,90.6,0
10/17/2009,87.2,0
10/18/2009,82.7,0
10/19/2009,75.1,0
10/20/2009,74.5,0
10/21/2009,81.8,0
10/22/2009,80,0
10/23/2009,86.7,0
10/24/2009,80.8,0
10/25/2009,87.3,0
10/26/2009,88,0
10/27/2009,81.9,0
10/28/2009,70.8,0
10/29/2009,72.2,0
10/30/2009,75.9,0
10/31/2009,84.9,0
11/1/2009,86.3,0
11/2/2009,87,0
11/3/2009,87.1,0
11/4/2009,79.9,0
11/5/2009,73,0
11/6/2009,69.3,0
11/7/2009,70.3,0
11/8/2009,74.6,0
11/9/2009,78.5,0
11/10/2009,82.9,0
11/11/2009,77.5,0
11/12/2009,71.9,0
11/13/2009,66.8,0.055
11/14/2009,67.9,0
11/15/2009,72.7,0
11/16/2009,77.1,0
11/17/2009,78.6,0
11/18/2009,72.6,0
11/19/2009,77.4,0
11/20/2009,73.6,0
11/21/2009,65.7,0
11/22/2009,71.4,0
11/23/2009,76,0
11/24/2009,76.9,0
11/25/2009,79.7,0
11/26/2009,81.8,0
11/27/2009,78.2,0
11/28/2009,64.3,0.016
11/29/2009,72.3,0
11/30/2009,75.9,0
12/1/2009,73.3,0
12/2/2009,62,0
12/3/2009,68,0
12/4/2009,68.5,0
12/5/2009,65.4,0.004
12/6/2009,54.6,0
12/7/2009,51.5,0.764
12/8/2009,49.5,0.055
12/9/2009,54.4,0
12/10/2009,57.1,0
12/11/2009,55,0.146
12/12/2009,57.9,0.437
12/13/2009,58,0.717
12/14/2009,59.8,0
12/15/2009,65.9,0
12/16/2009,68.8,0
12/17/2009,71.3,0
12/18/2009,73.6,0
12/19/2009,72.5,0
12/20/2009,68.9,0
12/21/2009,64.8,0
12/22/2009,59.6,0.016
12/23/2009,63.2,0
12/24/2009,64.3,0
12/25/2009,64.3,0
12/26/2009,60.3,0
12/27/2009,60.5,0
12/28/2009,64.4,0
12/29/2009,62.4,0
12/30/2009,58.4,0.051
12/31/2009,66.3,0
1/1/2010,69.9,0
1/2/2010,75.9,0
1/3/2010,76.1,0
1/4/2010,74.4,0
1/5/2010,74.8,0
1/6/2010,74.4,0
1/7/2010,74.2,0
1/8/2010,75.3,0
1/9/2010,73.3,0
1/10/2010,76.4,0
1/11/2010,76.9,0
1/12/2010,74.1,0
1/13/2010,68.1,0.213
1/14/2010,71.2,0
1/15/2010,71,0
1/16/2010,69.3,0
1/17/2010,62.6,0.008
1/18/2010,56.8,1.169
1/19/2010,54.4,0.846
1/20/2010,52.6,0.579
1/21/2010,50.8,1.346
1/22/2010,49,0.976
1/23/2010,54.4,0.185
1/24/2010,59,0
1/25/2010,61.6,0
1/26/2010,58.9,0
1/27/2010,64.3,0.012
1/28/2010,65.7,0
1/29/2010,63.9,0
1/30/2010,60.1,0
1/31/2010,62.7,0
2/1/2010,62.7,0
2/2/2010,63,0
2/3/2010,66,0
2/4/2010,63.3,0.004
2/5/2010,57.2,0.236
2/6/2010,55,1.61
2/7/2010,58,0.091
2/8/2010,58.9,0
2/9/2010,56.5,0.339
2/10/2010,61.7,0.15
2/11/2010,59.8,0
2/12/2010,65,0
2/13/2010,72.3,0
2/14/2010,76.3,0
2/15/2010,75.5,0
2/16/2010,76.9,0
2/17/2010,74.4,0
2/18/2010,69.9,0
2/19/2010,63.2,0.031
2/20/2010,57.6,0.189
2/21/2010,59.9,0
2/22/2010,62.1,0
2/23/2010,65.1,0
2/24/2010,61.8,0
2/25/2010,67.8,0.031
2/26/2010,69.4,0
2/27/2010,64.5,1.122
2/28/2010,64.3,0.11
3/1/2010,66.4,0
3/2/2010,62.4,0.02
3/3/2010,59.7,0.012
3/4/2010,60.1,0.098
3/5/2010,62.8,0
3/6/2010,58.5,0.075
3/7/2010,61.7,0.217
3/8/2010,58.7,0.024
3/9/2010,57.6,0
3/10/2010,59.2,0
3/11/2010,64.3,0
3/12/2010,65.3,0
3/13/2010,62.2,0.004
3/14/2010,68.5,0
3/15/2010,76.3,0
3/16/2010,81.2,0
3/17/2010,81.2,0
3/18/2010,78.4,0
3/19/2010,76.8,0
3/20/2010,77.5,0
3/21/2010,76.3,0
3/22/2010,73.3,0
3/23/2010,76.9,0
3/24/2010,75.9,0
3/25/2010,70.2,0.004
3/26/2010,74.5,0
3/27/2010,80.1,0
3/28/2010,81.9,0
3/29/2010,79.6,0
3/30/2010,76.1,0.028
3/31/2010,64.2,0
4/1/2010,62.3,0
4/2/2010,65.2,0
4/3/2010,66.5,0
4/4/2010,63.4,0
4/5/2010,61.6,0.197
4/6/2010,72.9,0
4/7/2010,80.4,0
4/8/2010,80.8,0
4/9/2010,77.3,0
4/10/2010,68.4,0
4/11/2010,62.1,0.035
4/12/2010,59.3,0.606
4/13/2010,63.5,0
4/14/2010,66,0
4/15/2010,70.4,0
4/16/2010,69.7,0
4/17/2010,74.9,0
4/18/2010,75.1,0
4/19/2010,71.8,0
4/20/2010,68.8,0.083
4/21/2010,58.5,0
4/22/2010,57.6,0
4/23/2010,66.1,0
4/24/2010,71.7,0
4/25/2010,74.5,0
4/26/2010,78.4,0
4/27/2010,75.1,0
4/28/2010,68.1,0.087
4/29/2010,66.5,0
4/30/2010,74.6,0
5/1/2010,75.3,0
5/2/2010,73.3,0
5/3/2010,79.7,0
5/4/2010,80,0
5/5/2010,79,0
5/6/2010,75.3,0
5/7/2010,81.8,0
5/8/2010,78.6,0
5/9/2010,75.4,0
5/10/2010,65.4,0.008
5/11/2010,71,0
5/12/2010,76.3,0
5/13/2010,75.9,0
5/14/2010,75.1,0
5/15/2010,78.7,0
5/16/2010,78.3,0
5/17/2010,71.5,0.008
5/18/2010,65.9,0
5/19/2010,76.8,0
5/20/2010,81.9,0
5/21/2010,78.6,0
5/22/2010,72.7,0
5/23/2010,67.3,0.031
5/24/2010,69.7,0
5/25/2010,71,0
5/26/2010,71.7,0
5/27/2010,69,0
5/28/2010,74.5,0
5/29/2010,88.2,0
5/30/2010,87.5,0
5/31/2010,83.1,0
6/1/2010,74.4,0.008
6/2/2010,76.9,0
6/3/2010,77.4,0
6/4/2010,80,0
6/5/2010,83.7,0
6/6/2010,83.6,0
6/7/2010,80.4,0
6/8/2010,77.4,0
6/9/2010,74.7,0.004
6/10/2010,74.5,0
6/11/2010,74.8,0
6/12/2010,74,0
6/13/2010,79.2,0
6/14/2010,86.9,0
6/15/2010,86.4,0
6/16/2010,80.5,0
6/17/2010,78.8,0
6/18/2010,77.3,0
6/19/2010,78.4,0
6/20/2010,78.2,0
6/21/2010,76.3,0
6/22/2010,79,0
6/23/2010,80.4,0
6/24/2010,81.8,0
6/25/2010,80.5,0
6/26/2010,77.7,0
6/27/2010,80.9,0
6/28/2010,80.9,0
6/29/2010,79.2,0
6/30/2010,83.3,0
7/1/2010,85.6,0
7/2/2010,84.1,0
7/3/2010,79.7,0
7/4/2010,75.4,0
7/5/2010,76.4,0
7/6/2010,75.9,0
7/7/2010,77.9,0
7/8/2010,77.7,0
7/9/2010,82.9,0
7/10/2010,81.4,0
7/11/2010,81.4,0.012
7/12/2010,82.6,0
7/13/2010,90.2,0
7/14/2010,97.6,0
7/15/2010,98.5,0
7/16/2010,97.8,0
7/17/2010,96.7,0
7/18/2010,94.2,0
7/19/2010,88,0
7/20/2010,82.7,0
7/21/2010,80.3,0
7/22/2010,80.9,0
7/23/2010,84.7,0
7/24/2010,85.9,0
7/25/2010,83.1,0
7/26/2010,78.6,0
7/27/2010,79.2,0
7/28/2010,79.6,0
7/29/2010,81.5,0
7/30/2010,80.2,0
7/31/2010,78.3,0
8/1/2010,78.2,0.039
8/2/2010,85.8,0
8/3/2010,87.2,0
8/4/2010,85.6,0
8/5/2010,83.4,0
8/6/2010,81.6,0
8/7/2010,79.1,0
8/8/2010,77.3,0
8/9/2010,80.7,0
8/10/2010,81.1,0
8/11/2010,80.9,0
8/12/2010,82.1,0
8/13/2010,84.8,0
8/14/2010,84.9,0
8/15/2010,88.4,0
8/16/2010,90.1,0
8/17/2010,93,0
8/18/2010,93.4,0
8/19/2010,92.5,0
8/20/2010,92.3,0
8/21/2010,92.6,0
8/22/2010,93.4,0
8/23/2010,97.6,0
8/24/2010,101.2,0
8/25/2010,100.7,0
8/26/2010,100.4,0
8/27/2010,94.7,0
8/28/2010,82.9,0
8/29/2010,73.8,0
8/30/2010,76.1,0
8/31/2010,84.1,0
9/1/2010,89.6,0
9/2/2010,93.2,0
9/3/2010,95.3,0
9/4/2010,99.7,0
9/5/2010,95.3,0
9/6/2010,86.4,0
9/7/2010,78.6,0
9/8/2010,72.7,0
9/9/2010,74.4,0
9/10/2010,80.1,0
9/11/2010,83.4,0
9/12/2010,85.7,0
9/13/2010,87.3,0
9/14/2010,86.6,0
9/15/2010,82.8,0
9/16/2010,83.9,0
9/17/2010,81,0
9/18/2010,83.1,0
9/19/2010,84.1,0
9/20/2010,82,0
9/21/2010,78.6,0
9/22/2010,72.4,0
9/23/2010,83.7,0
9/24/2010,95.9,0
9/25/2010,101.1,0
9/26/2010,103.7,0
9/27/2010,108.9,0
9/28/2010,104.6,0
9/29/2010,90.3,0
9/30/2010,93.5,0
10/1/2010,88.7,0
10/2/2010,86,0
10/3/2010,82.3,0
10/4/2010,75.8,0.004
10/5/2010,64.4,0.012
10/6/2010,63.1,0.366
10/7/2010,70.1,0.024
10/8/2010,78.3,0
10/9/2010,86.9,0
10/10/2010,92.4,0
10/11/2010,88,0
10/12/2010,85.9,0
10/13/2010,92.2,0
10/14/2010,87.4,0
10/15/2010,76.3,0
10/16/2010,75.5,0
10/17/2010,70.4,0.067
10/18/2010,66.4,0.087
10/19/2010,68.8,0.177
10/20/2010,66.6,0.228
10/21/2010,63,0.02
10/22/2010,62.1,0.004
10/23/2010,64.2,0.016
10/24/2010,65.9,0
10/25/2010,71.5,0.201
10/26/2010,71.5,0
10/27/2010,76,0
10/28/2010,79.3,0
10/29/2010,76.8,0
10/30/2010,70.1,0.248
10/31/2010,71.5,0
11/1/2010,84,0
11/2/2010,88.8,0
11/3/2010,94.3,0
11/4/2010,93.7,0
11/5/2010,90.2,0
11/6/2010,81,0
11/7/2010,65.8,0.004
11/8/2010,66.8,0.079
11/9/2010,68.3,0
11/10/2010,65.9,0
11/11/2010,70.7,0
11/12/2010,77.2,0
11/13/2010,80.1,0
11/14/2010,81.2,0
11/15/2010,77.8,0
11/16/2010,70.9,0
11/17/2010,77.2,0
11/18/2010,75.1,0
11/19/2010,69.2,0.031
11/20/2010,57.1,0.642
11/21/2010,56.6,0.236
11/22/2010,58.1,0
11/23/2010,56.9,0
11/24/2010,55.9,0
11/25/2010,60.1,0
11/26/2010,64.6,0
11/27/2010,61.1,0
11/28/2010,55.3,0.106
11/29/2010,60,0
11/30/2010,63.9,0
12/1/2010,71.4,0
12/2/2010,71.7,0
12/3/2010,69.7,0
12/4/2010,65,0.016
12/5/2010,69.7,0
12/6/2010,66.4,0.217
12/7/2010,73.2,0
12/8/2010,71.1,0
12/9/2010,70.4,0
12/10/2010,72.8,0
12/11/2010,77.7,0
12/12/2010,82,0
12/13/2010,79.1,0
12/14/2010,72.9,0
12/15/2010,60.7,0
12/16/2010,57,0.181
12/17/2010,55.3,0.102
12/18/2010,56.2,0.492
12/19/2010,59.3,1.929
12/20/2010,58,1.287
12/21/2010,56.5,1.157
12/22/2010,55.3,1.744
12/23/2010,59.1,0.012
12/24/2010,64.9,0
12/25/2010,61.3,0
12/26/2010,59.9,0.358
12/27/2010,64.3,0
12/28/2010,62.3,0
12/29/2010,58.3,0.559
12/30/2010,50.6,0
12/31/2010,51.7,0
1/1/2011,54,0
1/2/2011,51.5,0.102
1/3/2011,52,0.315
1/4/2011,59.4,0
1/5/2011,60.8,0
1/6/2011,65.2,0
1/7/2011,62.1,0
1/8/2011,55.5,0.004
1/9/2011,52.8,0
1/10/2011,58.4,0
1/11/2011,58,0
1/12/2011,67.8,0
1/13/2011,70.3,0
1/14/2011,74.2,0
1/15/2011,75.8,0
1/16/2011,76.8,0
1/17/2011,79.2,0
1/18/2011,78.2,0
1/19/2011,73.5,0
1/20/2011,70.4,0
1/21/2011,71.8,0
1/22/2011,68.8,0
1/23/2011,71.5,0
1/24/2011,72,0
1/25/2011,73,0
1/26/2011,74.3,0
1/27/2011,75,0
1/28/2011,72.9,0
1/29/2011,68.5,0
1/30/2011,60.7,0.031
1/31/2011,65.2,0.008
2/1/2011,63.1,0
2/2/2011,60.7,0
2/3/2011,63.4,0
2/4/2011,68.6,0
2/5/2011,70.6,0
2/6/2011,77.3,0
2/7/2011,75.7,0
2/8/2011,70.7,0
2/9/2011,67.6,0
2/10/2011,69.6,0
2/11/2011,75,0
2/12/2011,79.2,0
2/13/2011,77.1,0
2/14/2011,69.5,0
2/15/2011,61.3,0.004
2/16/2011,58.1,0.323
2/17/2011,54.4,0
2/18/2011,58.2,0.083
2/19/2011,52.2,0.937
2/20/2011,56.7,0.291
2/21/2011,55.6,0
2/22/2011,57.7,0
2/23/2011,56.2,0
2/24/2011,55.4,0
2/25/2011,52.9,0.047
2/26/2011,50.4,0.902
2/27/2011,55.1,0
2/28/2011,61.6,0
3/1/2011,60.7,0
3/2/2011,58.5,0.012
3/3/2011,64.9,0.004
3/4/2011,72.8,0
3/5/2011,76,0
3/6/2011,72.4,0
3/7/2011,61.4,0.039
3/8/2011,69.9,0
3/9/2011,79.4,0
3/10/2011,77.5,0
3/11/2011,74.2,0
3/12/2011,65.8,0
3/13/2011,68.2,0
3/14/2011,75.6,0
3/15/2011,80.3,0
3/16/2011,73.9,0
3/17/2011,72.9,0
3/18/2011,71.3,0
3/19/2011,63.7,0.079
3/20/2011,55.2,1.043
3/21/2011,55.3,1.323
3/22/2011,56.2,0.039
3/23/2011,58.8,0.039
3/24/2011,53.8,0.374
3/25/2011,57.2,0.413
3/26/2011,54.8,0
3/27/2011,58.9,0.051
3/28/2011,64.2,0
3/29/2011,71.7,0
3/30/2011,81.2,0
3/31/2011,88.3,0
4/1/2011,86.3,0
4/2/2011,79.2,0
4/3/2011,63.7,0.004
4/4/2011,77.7,0
4/5/2011,74.9,0
4/6/2011,67.9,0
4/7/2011,66.5,0.047
4/8/2011,54.7,0.02
4/9/2011,57.2,0.079
4/10/2011,66.1,0
4/11/2011,72.1,0
4/12/2011,68.8,0
4/13/2011,65.7,0.004
4/14/2011,77.3,0
4/15/2011,86.3,0
4/16/2011,89.4,0
4/17/2011,85.8,0
4/18/2011,74.2,0
4/19/2011,68.7,0
4/20/2011,68.7,0.012
4/21/2011,66.2,0
4/22/2011,69.5,0
4/23/2011,68.2,0
4/24/2011,64.7,0.008
4/25/2011,76.1,0
4/26/2011,80.8,0
4/27/2011,85.9,0
4/28/2011,82.4,0
4/29/2011,79.1,0
4/30/2011,77.7,0
5/1/2011,83.3,0
5/2/2011,88.4,0
5/3/2011,92.8,0
5/4/2011,92.8,0
5/5/2011,87.3,0
5/6/2011,83.1,0
5/7/2011,75.1,0
5/8/2011,68.4,0
5/9/2011,62,0
5/10/2011,69.7,0
5/11/2011,73,0
5/12/2011,80.5,0
5/13/2011,79.5,0
5/14/2011,73.5,0
5/15/2011,66.6,0.075
5/16/2011,63.2,0
5/17/2011,60.8,0.098
5/18/2011,63.6,0.035
5/19/2011,70.1,0
5/20/2011,71.6,0
5/21/2011,75,0
5/22/2011,72.2,0
5/23/2011,67.6,0.008
5/24/2011,71.9,0
5/25/2011,75.6,0
5/26/2011,74.5,0
5/27/2011,80.1,0
5/28/2011,78.7,0
5/29/2011,70.9,0.008
5/30/2011,77.6,0
5/31/2011,77.6,0
6/1/2011,74.3,0
6/2/2011,79.4,0
6/3/2011,78.1,0
6/4/2011,71.5,0
6/5/2011,70.3,0
6/6/2011,70.6,0.071
6/7/2011,74.2,0
6/8/2011,72.7,0
6/9/2011,73.4,0
6/10/2011,73.7,0
6/11/2011,73.3,0
6/12/2011,73.1,0
6/13/2011,76,0
6/14/2011,81.7,0
6/15/2011,81,0
6/16/2011,75.8,0
6/17/2011,72.9,0
6/18/2011,76.5,0
6/19/2011,74.7,0
6/20/2011,85.8,0
6/21/2011,88.7,0
6/22/2011,86.6,0
6/23/2011,84.9,0
6/24/2011,80.8,0
6/25/2011,82.9,0
6/26/2011,83.7,0
6/27/2011,87.7,0
6/28/2011,84.8,0
6/29/2011,78.4,0
6/30/2011,85.5,0
7/1/2011,93.1,0
7/2/2011,93.9,0
7/3/2011,93,0
7/4/2011,90.2,0
7/5/2011,90.1,0
7/6/2011,91,0
7/7/2011,89.6,0
7/8/2011,87.7,0
7/9/2011,86.6,0
7/10/2011,84.4,0
7/11/2011,82.3,0
7/12/2011,78.6,0
7/13/2011,76.4,0
7/14/2011,74.8,0
7/15/2011,76.9,0
7/16/2011,78.7,0
7/17/2011,84.7,0
7/18/2011,90,0
7/19/2011,90.7,0
7/20/2011,88.7,0
7/21/2011,85.6,0
7/22/2011,81.6,0
7/23/2011,85.1,0
7/24/2011,89.1,0
7/25/2011,88.2,0.008
7/26/2011,87,0.016
7/27/2011,82.6,0
7/28/2011,83,0
7/29/2011,82.4,0
7/30/2011,85.8,0.008
7/31/2011,86.7,0
8/1/2011,92,0
8/2/2011,98.1,0
8/3/2011,96.4,0
8/4/2011,90.6,0
8/5/2011,87.4,0
8/6/2011,83.6,0
8/7/2011,87,0
8/8/2011,84.9,0
8/9/2011,82.3,0
8/10/2011,79.9,0
8/11/2011,79.4,0
8/12/2011,82.3,0
8/13/2011,84.3,0
8/14/2011,88,0
8/15/2011,87.7,0
8/16/2011,87.8,0
8/17/2011,90.4,0
8/18/2011,88.7,0
8/19/2011,86.1,0
8/20/2011,80.7,0
8/21/2011,83.1,0
8/22/2011,86.4,0
8/23/2011,93.6,0
8/24/2011,93.4,0
8/25/2011,98.3,0
8/26/2011,103.2,0
8/27/2011,101.1,0
8/28/2011,96.2,0
8/29/2011,94,0
8/30/2011,90.6,0
8/31/2011,84.2,0
9/1/2011,85.1,0
9/2/2011,87.7,0
9/3/2011,89.5,0
9/4/2011,86.2,0
9/5/2011,91.2,0
9/6/2011,97.4,0
9/7/2011,99.4,0
9/8/2011,96.4,0
9/9/2011,93.1,0
9/10/2011,83.5,0.012
9/11/2011,79.4,0
9/12/2011,87.2,0
9/13/2011,86.8,0
9/14/2011,81.1,0
9/15/2011,80.1,0
9/16/2011,77.3,0
9/17/2011,77.2,0
9/18/2011,87.5,0
9/19/2011,87.7,0
9/20/2011,85.7,0
9/21/2011,84.2,0
9/22/2011,91.8,0
9/23/2011,86.7,0
9/24/2011,82.4,0.012
9/25/2011,74.6,0
9/26/2011,79.6,0
9/27/2011,90.5,0
9/28/2011,86.8,0
9/29/2011,82.6,0
9/30/2011,83.6,0
10/1/2011,91.6,0
10/2/2011,88.7,0
10/3/2011,85.9,0
10/4/2011,75.6,0.031
10/5/2011,65.4,0.689
10/6/2011,64.3,0.008
10/7/2011,72.2,0
10/8/2011,76.3,0
10/9/2011,80.3,0
10/10/2011,78.6,0
10/11/2011,85.5,0
10/12/2011,97,0
10/13/2011,97.8,0
10/14/2011,90,0
10/15/2011,81.3,0
10/16/2011,80.5,0
10/17/2011,83.9,0
10/18/2011,81.9,0
10/19/2011,77.3,0
10/20/2011,73.1,0
10/21/2011,76.3,0
10/22/2011,87.1,0
10/23/2011,85,0
10/24/2011,78.2,0
10/25/2011,70.6,0.008
10/26/2011,74.5,0.004
10/27/2011,77.8,0
10/28/2011,82.2,0
10/29/2011,83.9,0
10/30/2011,87.5,0
10/31/2011,83.1,0
11/1/2011,77.3,0
11/2/2011,79.2,0
11/3/2011,76.5,0
11/4/2011,66.7,0.276
11/5/2011,59.2,0
11/6/2011,56.6,0.268
11/7/2011,62.8,0
11/8/2011,66.2,0
11/9/2011,73.8,0
11/10/2011,75.2,0
11/11/2011,71.2,0
11/12/2011,64.4,0.276
11/13/2011,70.1,0.008
11/14/2011,64.7,0
11/15/2011,64.9,0
11/16/2011,69.7,0
11/17/2011,72.3,0
11/18/2011,66.5,0
11/19/2011,58,0.016
11/20/2011,55.3,0.63
11/21/2011,59.4,0.244
11/22/2011,65.9,0
11/23/2011,63.2,0
11/24/2011,58.8,0.02
11/25/2011,66.2,0
11/26/2011,77.7,0
11/27/2011,78.8,0
11/28/2011,79.7,0
11/29/2011,78.7,0
11/30/2011,73.8,0
12/1/2011,63.4,0
12/2/2011,64.2,0
12/3/2011,61.7,0
12/4/2011,62.3,0
12/5/2011,62.5,0
12/6/2011,64.3,0
12/7/2011,67.3,0
12/8/2011,67,0
12/9/2011,71.2,0
12/10/2011,69.9,0
12/11/2011,64.6,0
12/12/2011,55.3,0.386
12/13/2011,58.9,0.031
12/14/2011,59,0
12/15/2011,56.8,0
12/16/2011,66.1,0
12/17/2011,64.5,0.024
12/18/2011,61.6,0
12/19/2011,56.8,0.031
12/20/2011,65,0.063
12/21/2011,62.1,0
12/22/2011,60.4,0
12/23/2011,67.4,0
12/24/2011,72,0
12/25/2011,73.6,0
12/26/2011,71.6,0
12/27/2011,69.8,0
12/28/2011,77.3,0
12/29/2011,76.2,0
12/30/2011,71.9,0
12/31/2011,79.1,0
1/1/2012,82.3,0
1/2/2012,81.9,0
1/3/2012,82,0
1/4/2012,85.5,0
1/5/2012,83.3,0
1/6/2012,77.5,0
1/7/2012,69.7,0
1/8/2012,72.2,0
1/9/2012,74.2,0
1/10/2012,70.6,0
1/11/2012,71.5,0
1/12/2012,74.5,0
1/13/2012,75.9,0
1/14/2012,74.2,0
1/15/2012,65.6,0
1/16/2012,58.8,0.016
1/17/2012,59.8,0
1/18/2012,64.9,0
1/19/2012,65.2,0
1/20/2012,62.8,0
1/21/2012,61.2,0.421
1/22/2012,58,0
1/23/2012,57,0.217
1/24/2012,68,0
1/25/2012,77.5,0
1/26/2012,79.9,0
1/27/2012,76.8,0
1/28/2012,76.1,0
1/29/2012,76.7,0
1/30/2012,74.4,0
1/31/2012,66.7,0
2/1/2012,66.6,0
2/2/2012,71.4,0
2/3/2012,70.5,0
2/4/2012,71.6,0
2/5/2012,73.3,0
2/6/2012,72.2,0
2/7/2012,70.4,0
2/8/2012,77.4,0
2/9/2012,82.3,0
2/10/2012,80,0
2/11/2012,68.9,0.028
2/12/2012,62,0
2/13/2012,59.8,0.004
2/14/2012,60.8,0
2/15/2012,58.3,0.035
2/16/2012,69.1,0.004
2/17/2012,73.7,0
2/18/2012,70.1,0
2/19/2012,63.3,0
2/20/2012,64.4,0
2/21/2012,75.9,0
2/22/2012,83.7,0
2/23/2012,81.5,0
2/24/2012,80.2,0
2/25/2012,75.1,0
2/26/2012,67.9,0
2/27/2012,63.4,0.091
2/28/2012,55.3,0.035
2/29/2012,60,0
3/1/2012,62.5,0
3/2/2012,72.2,0
3/3/2012,79.5,0
3/4/2012,87.7,0
3/5/2012,85.7,0
3/6/2012,78,0
3/7/2012,67,0
3/8/2012,78.2,0
3/9/2012,84.6,0
3/10/2012,82.3,0
3/11/2012,71.2,0
3/12/2012,65.9,0
3/13/2012,65.3,0
3/14/2012,66.8,0
3/15/2012,68.4,0
3/16/2012,65.1,0
3/17/2012,59.2,0.972
3/18/2012,53.3,0.091
3/19/2012,58.3,0
3/20/2012,66.9,0
3/21/2012,73.3,0
3/22/2012,71.3,0
3/23/2012,67.8,0
3/24/2012,64.7,0
3/25/2012,61.6,0.689
3/26/2012,58.4,0.268
3/27/2012,63,0
3/28/2012,65.3,0
3/29/2012,67.2,0
3/30/2012,67.6,0
3/31/2012,65.7,0.004
4/1/2012,65.9,0.091
4/2/2012,76,0
4/3/2012,76.4,0
4/4/2012,73.4,0
4/5/2012,70.3,0
4/6/2012,75.3,0
4/7/2012,84.4,0
4/8/2012,81,0
4/9/2012,80,0
4/10/2012,74.3,0
4/11/2012,61.8,0.618
4/12/2012,60,0.008
4/13/2012,57.3,0.898
4/14/2012,61.7,0.039
4/15/2012,66,0
4/16/2012,74.9,0
4/17/2012,79,0
4/18/2012,75.9,0
4/19/2012,78.6,0
4/20/2012,87.1,0
4/21/2012,84.5,0
4/22/2012,79.5,0
4/23/2012,71.9,0
4/24/2012,72.2,0
4/25/2012,83.5,0
4/26/2012,73.6,0.449
4/27/2012,72.4,0
4/28/2012,80.1,0
4/29/2012,75.5,0
4/30/2012,73.3,0
5/1/2012,69.3,0
5/2/2012,63.5,0.016
5/3/2012,67,0
5/4/2012,71.3,0
5/5/2012,78.2,0
5/6/2012,76,0
5/7/2012,81.5,0
5/8/2012,91.3,0
5/9/2012,88.9,0
5/10/2012,84.3,0
5/11/2012,73.9,0
5/12/2012,77,0
5/13/2012,79.6,0
5/14/2012,80.6,0
5/15/2012,79.2,0
5/16/2012,86.1,0
5/17/2012,84.1,0
5/18/2012,76.3,0
5/19/2012,80.3,0
5/20/2012,88.5,0
5/21/2012,87.9,0
5/22/2012,85.8,0
5/23/2012,81.2,0
5/24/2012,78.5,0
5/25/2012,72.1,0.075
5/26/2012,66,0
5/27/2012,76.2,0
5/28/2012,82.3,0
5/29/2012,81.3,0
5/30/2012,79.6,0
5/31/2012,85.9,0
6/1/2012,85,0
6/2/2012,79.6,0
6/3/2012,76.6,0
6/4/2012,75.2,0
6/5/2012,77.2,0
6/6/2012,84.7,0
6/7/2012,84.9,0
6/8/2012,82.9,0
6/9/2012,76.7,0
6/10/2012,76.8,0
6/11/2012,81.9,0
6/12/2012,82.1,0
6/13/2012,81.4,0
6/14/2012,76.9,0
6/15/2012,77.3,0
6/16/2012,79.8,0
6/17/2012,89,0
6/18/2012,87.3,0
6/19/2012,80.6,0
6/20/2012,79.8,0
6/21/2012,79.6,0
6/22/2012,79.7,0
6/23/2012,79.4,0
6/24/2012,83.1,0
6/25/2012,81.4,0
6/26/2012,85.3,0
6/27/2012,87.5,0
6/28/2012,88.5,0
6/29/2012,86.5,0
6/30/2012,84.9,0
7/1/2012,82.9,0
7/2/2012,81.4,0
7/3/2012,80.2,0
7/4/2012,78.4,0
7/5/2012,79.8,0
7/6/2012,82.3,0
7/7/2012,85.2,0
7/8/2012,88.8,0
7/9/2012,93.1,0
7/10/2012,95.9,0
7/11/2012,95.7,0
7/12/2012,90.6,0
7/13/2012,88.7,0.008
7/14/2012,87.8,0
7/15/2012,84.8,0
7/16/2012,78.9,0
7/17/2012,77.8,0
7/18/2012,85.4,0
7/19/2012,94,0
7/20/2012,93.2,0
7/21/2012,92.4,0
7/22/2012,91.3,0
7/23/2012,87.7,0
7/24/2012,84.9,0
7/25/2012,83.6,0
7/26/2012,83.8,0
7/27/2012,83.6,0
7/28/2012,86,0
7/29/2012,86.8,0
7/30/2012,85.9,0
7/31/2012,84.8,0
8/1/2012,86,0
8/2/2012,86.3,0
8/3/2012,83.7,0
8/4/2012,83.8,0
8/5/2012,90.4,0
8/6/2012,97.4,0
8/7/2012,96,0
8/8/2012,97.8,0
8/9/2012,97.6,0
8/10/2012,98.8,0
8/11/2012,98.5,0
8/12/2012,100.5,0
8/13/2012,99.3,0
8/14/2012,96.8,0
8/15/2012,94,0
8/16/2012,95,0
8/17/2012,97.4,0
8/18/2012,94.9,0
8/19/2012,94.8,0
8/20/2012,92.2,0
8/21/2012,88.5,0
8/22/2012,83.5,0
8/23/2012,85,0
8/24/2012,83.7,0
8/25/2012,82.6,0
8/26/2012,85.6,0
8/27/2012,93.2,0
8/28/2012,97.6,0
8/29/2012,97.6,0
8/30/2012,94.7,0
8/31/2012,91.3,0
9/1/2012,91.3,0
9/2/2012,92.3,0
9/3/2012,93.1,0.004
9/4/2012,94.8,0
9/5/2012,91.3,0.067
9/6/2012,87.9,0
9/7/2012,86.9,0.008
9/8/2012,93.4,0.047
9/9/2012,93.9,0
9/10/2012,92.6,0
9/11/2012,82.6,0
9/12/2012,88.1,0
9/13/2012,94.1,0
9/14/2012,101.1,0
9/15/2012,101.2,0
9/16/2012,96.3,0
9/17/2012,86.7,0
9/18/2012,90.5,0
9/19/2012,92.8,0
9/20/2012,94.9,0
9/21/2012,94.1,0
9/22/2012,92.9,0
9/23/2012,96.8,0
9/24/2012,91.5,0
9/25/2012,83.2,0
9/26/2012,83.2,0
9/27/2012,88.8,0
9/28/2012,89.4,0
9/29/2012,91.8,0
9/30/2012,98.4,0
10/1/2012,100.8,0
10/2/2012,99.2,0
10/3/2012,93,0
10/4/2012,82.9,0
10/5/2012,80.4,0
10/6/2012,81.4,0
10/7/2012,80.6,0
10/8/2012,78.2,0
10/9/2012,75.7,0
10/10/2012,72,0
10/11/2012,67.8,0.118
10/12/2012,67.9,0.031
10/13/2012,80.2,0
10/14/2012,92.8,0
10/15/2012,93.7,0
10/16/2012,93.7,0
10/17/2012,97.1,0
10/18/2012,91.6,0
10/19/2012,80.5,0
10/20/2012,74.7,0
10/21/2012,68.5,0.012
10/22/2012,66.3,0.039
10/23/2012,67.5,0
10/24/2012,75.5,0
10/25/2012,83.4,0
10/26/2012,85.2,0
10/27/2012,90.8,0
10/28/2012,88.5,0
10/29/2012,84.3,0
10/30/2012,81,0
10/31/2012,76,0
11/1/2012,71.3,0
11/2/2012,72.4,0
11/3/2012,79.9,0
11/4/2012,90.4,0
11/5/2012,93.4,0
11/6/2012,88.9,0
11/7/2012,77.6,0
11/8/2012,70.7,0.118
11/9/2012,60.1,0.051
11/10/2012,60.6,0
11/11/2012,65.9,0.008
11/12/2012,73.7,0
11/13/2012,80.7,0
11/14/2012,79.1,0
11/15/2012,73.4,0
11/16/2012,66.9,0.055
11/17/2012,65.4,0.142
11/18/2012,66,0.102
11/19/2012,67.9,0
11/20/2012,70.6,0
11/21/2012,69.7,0
11/22/2012,73.6,0
11/23/2012,81.3,0
11/24/2012,83.9,0
11/25/2012,78.3,0
11/26/2012,68.9,0
11/27/2012,72.7,0
11/28/2012,66.1,0
11/29/2012,61.7,0.122
11/30/2012,63.6,0.126
12/1/2012,64.6,0
12/2/2012,62,0.043
12/3/2012,65,0.354
12/4/2012,69.6,0
12/5/2012,69.1,0
12/6/2012,68,0
12/7/2012,70.7,0
12/8/2012,67,0
12/9/2012,67.1,0
12/10/2012,72.5,0
12/11/2012,68.6,0
12/12/2012,63.7,0.071
12/13/2012,55.9,0.201
12/14/2012,55,0
12/15/2012,56.8,0.098
12/16/2012,53.9,0
12/17/2012,59,0.02
12/18/2012,56.9,0.35
12/19/2012,56.5,0
12/20/2012,63.1,0
12/21/2012,62.2,0
12/22/2012,59,0
12/23/2012,56.6,0.008
12/24/2012,58.5,0.102
12/25/2012,59.3,0
12/26/2012,57.5,0.079
12/27/2012,58.4,0
12/28/2012,59,0
12/29/2012,56.7,0.264
12/30/2012,53.5,0
12/31/2012,56.2,0
1/1/2013,57.2,0
1/2/2013,64.2,0
1/3/2013,66.6,0
1/4/2013,64,0
1/5/2013,63.1,0
1/6/2013,59.8,0.024
1/7/2013,66.4,0
1/8/2013,72.3,0
1/9/2013,68.5,0
1/10/2013,61.8,0.063
1/11/2013,52.6,0
1/12/2013,53.3,0
1/13/2013,53.4,0
1/14/2013,54.3,0
1/15/2013,60.8,0
1/16/2013,69.2,0
1/17/2013,75.1,0
1/18/2013,76.9,0
1/19/2013,77,0
1/20/2013,78.5,0
1/21/2013,79.5,0
1/22/2013,80.3,0
1/23/2013,78.7,0
1/24/2013,71.6,0.283
1/25/2013,63.1,0.157
1/26/2013,65.1,0.287
1/27/2013,62,0.063
1/28/2013,57.7,0.028
1/29/2013,58.9,0
1/30/2013,65.8,0
1/31/2013,74.2,0
2/1/2013,73.2,0
2/2/2013,76.2,0
2/3/2013,76.2,0
2/4/2013,74.4,0
2/5/2013,68.9,0
2/6/2013,64.3,0
2/7/2013,60.7,0
2/8/2013,57.4,0.035
2/9/2013,55.3,0.008
2/10/2013,54.4,0
2/11/2013,61.7,0
2/12/2013,64.1,0
2/13/2013,69.5,0
2/14/2013,75.5,0
2/15/2013,80.5,0
2/16/2013,79.9,0
2/17/2013,76.9,0
2/18/2013,64.9,0
2/19/2013,59.2,0.043
2/20/2013,59.4,0.161
2/21/2013,59.2,0.004
2/22/2013,64.8,0
2/23/2013,63.6,0
2/24/2013,67.5,0
2/25/2013,68.1,0
2/26/2013,72.9,0
2/27/2013,75.5,0
2/28/2013,79.6,0
3/1/2013,85.7,0
3/2/2013,84.3,0
3/3/2013,79.8,0
3/4/2013,69.7,0
3/5/2013,66.9,0
3/6/2013,62.4,0.028
3/7/2013,57.7,0.024
3/8/2013,56.4,0.339
3/9/2013,66.4,0
3/10/2013,74.1,0
3/11/2013,77,0
3/12/2013,81.7,0
3/13/2013,88.3,0
3/14/2013,88.5,0
3/15/2013,85.3,0
3/16/2013,76,0
3/17/2013,73.4,0
3/18/2013,70.1,0
3/19/2013,70.2,0
3/20/2013,71.2,0
3/21/2013,74,0
3/22/2013,77.1,0
3/23/2013,76.8,0
3/24/2013,79,0
3/25/2013,77.7,0
3/26/2013,73.5,0
3/27/2013,69.8,0
3/28/2013,72,0.004
3/29/2013,76.4,0
3/30/2013,75.1,0
3/31/2013,69.2,0.039
4/1/2013,64.3,0.043
4/2/2013,73,0
4/3/2013,77.8,0
4/4/2013,76.5,0.004
4/5/2013,73,0
4/6/2013,74.4,0
4/7/2013,75.1,0
4/8/2013,72.5,0.016
4/9/2013,78,0
4/10/2013,85.3,0
4/11/2013,79.9,0
4/12/2013,76,0
4/13/2013,73.3,0
4/14/2013,65.8,0
4/15/2013,64.3,0.067
4/16/2013,68.7,0
4/17/2013,74.3,0
4/18/2013,80.9,0
4/19/2013,85.9,0
4/20/2013,89.6,0
4/21/2013,84.1,0
4/22/2013,80.8,0
4/23/2013,78.4,0
4/24/2013,76.2,0
4/25/2013,73.3,0
4/26/2013,78.1,0
4/27/2013,82.2,0
4/28/2013,82.6,0
4/29/2013,80.3,0
4/30/2013,75.7,0
5/1/2013,80.7,0
5/2/2013,92.2,0
5/3/2013,95.1,0
5/4/2013,89.7,0
5/5/2013,72.3,0.008
5/6/2013,66.2,0.142
5/7/2013,67.9,0.059
5/8/2013,67.1,0
5/9/2013,74.6,0
5/10/2013,80.7,0
5/11/2013,89.3,0
5/12/2013,95,0
5/13/2013,99.4,0
5/14/2013,98.2,0
5/15/2013,79.7,0
5/16/2013,74.7,0
5/17/2013,72.9,0
5/18/2013,77.2,0
5/19/2013,81.8,0
5/20/2013,86.9,0
5/21/2013,84.9,0
5/22/2013,79.9,0
5/23/2013,72.6,0
5/24/2013,74,0
5/25/2013,73.4,0
5/26/2013,73.6,0
5/27/2013,80.2,0
5/28/2013,83.5,0
5/29/2013,87.8,0
5/30/2013,84.1,0
5/31/2013,82.4,0
6/1/2013,90.5,0
6/2/2013,88.2,0
6/3/2013,77.9,0
6/4/2013,78.3,0
6/5/2013,80.3,0
6/6/2013,80.5,0
6/7/2013,82.3,0
6/8/2013,81.1,0
6/9/2013,81.3,0
6/10/2013,79.4,0
6/11/2013,88.9,0
6/12/2013,82.6,0
6/13/2013,80.3,0
6/14/2013,80,0
6/15/2013,78.7,0
6/16/2013,82,0
6/17/2013,84.9,0
6/18/2013,82.6,0
6/19/2013,84.1,0
6/20/2013,83.6,0
6/21/2013,82.7,0
6/22/2013,81.3,0
6/23/2013,79.8,0
6/24/2013,74.1,0.02
6/25/2013,79.5,0
6/26/2013,89.4,0
6/27/2013,94,0
6/28/2013,95.4,0
6/29/2013,99.1,0
6/30/2013,98.1,0
7/1/2013,93.1,0
7/2/2013,93.6,0
7/3/2013,90.5,0
7/4/2013,90.5,0
7/5/2013,86.8,0
7/6/2013,86.3,0
7/7/2013,91,0
7/8/2013,94.9,0
7/9/2013,93.8,0
7/10/2013,88.2,0
7/11/2013,84,0.016
7/12/2013,86.1,0
7/13/2013,88.9,0
7/14/2013,89,0
7/15/2013,89.7,0
7/16/2013,90.1,0
7/17/2013,91.8,0
7/18/2013,91.3,0
7/19/2013,89.3,0
7/20/2013,86.1,0.008
7/21/2013,81.3,0.016
7/22/2013,83.2,0.118
7/23/2013,84.1,0
7/24/2013,85.2,0
7/25/2013,87.6,0
7/26/2013,86.7,0.02
7/27/2013,85.5,0
7/28/2013,83.2,0
7/29/2013,82.3,0
7/30/2013,83.1,0
7/31/2013,81.7,0
8/1/2013,81.4,0
8/2/2013,81.7,0
8/3/2013,83.4,0
8/4/2013,84,0
8/5/2013,87,0
8/6/2013,83.4,0
8/7/2013,83.9,0
8/8/2013,83.4,0
8/9/2013,81.8,0
8/10/2013,80,0
8/11/2013,84,0
8/12/2013,85.8,0
8/13/2013,88.5,0
8/14/2013,91.5,0
8/15/2013,90.6,0
8/16/2013,91,0
8/17/2013,93.1,0
8/18/2013,93.1,0
8/19/2013,89,0
8/20/2013,90.7,0
8/21/2013,92.6,0
8/22/2013,95.9,0
8/23/2013,94,0
8/24/2013,91.8,0
8/25/2013,92.4,0
8/26/2013,91.1,0.02
8/27/2013,92,0
8/28/2013,95.4,0
8/29/2013,96.8,0
8/30/2013,96.1,0
8/31/2013,90.1,0.051
9/1/2013,89.6,0.008
9/2/2013,92,0.047
9/3/2013,95.2,0.012
9/4/2013,99.6,0
9/5/2013,99.4,0
9/6/2013,98.4,0
9/7/2013,98.6,0
9/8/2013,95.9,0
9/9/2013,89.8,0
9/10/2013,83.3,0
9/11/2013,82.3,0
9/12/2013,89.4,0
9/13/2013,91,0
9/14/2013,93.9,0
9/15/2013,96.5,0
9/16/2013,95.6,0
9/17/2013,92.6,0
9/18/2013,82,0
9/19/2013,82.9,0
9/20/2013,79.6,0
9/21/2013,76.9,0
9/22/2013,82,0
9/23/2013,93,0
9/24/2013,88.9,0
9/25/2013,83.8,0
9/26/2013,78.2,0
9/27/2013,85.6,0
9/28/2013,90.1,0
9/29/2013,88,0
9/30/2013,88.1,0
10/1/2013,83.1,0
10/2/2013,77.9,0
10/3/2013,74.6,0
10/4/2013,85.6,0
10/5/2013,90.9,0
10/6/2013,92.9,0
10/7/2013,89.4,0
10/8/2013,80.7,0
10/9/2013,68,0.126
10/10/2013,66.8,0.157
10/11/2013,74.1,0
10/12/2013,76,0
10/13/2013,71.2,0
10/14/2013,83.7,0
10/15/2013,86.4,0
10/16/2013,85.9,0
10/17/2013,84.1,0
10/18/2013,86.9,0
10/19/2013,88.7,0
10/20/2013,81.5,0
10/21/2013,80.2,0
10/22/2013,81.3,0
10/23/2013,75.8,0
10/24/2013,73.8,0
10/25/2013,78.6,0
10/26/2013,85.1,0
10/27/2013,79.7,0
10/28/2013,71.8,0.031
10/29/2013,65.3,0
10/30/2013,72,0
10/31/2013,79.7,0
11/1/2013,85.2,0
11/2/2013,82.8,0
11/3/2013,73.6,0
11/4/2013,66.4,0.004
11/5/2013,76.4,0
11/6/2013,82.3,0
11/7/2013,84,0
11/8/2013,81.4,0
11/9/2013,76.7,0
11/10/2013,81.7,0
11/11/2013,82.1,0
11/12/2013,85.5,0
11/13/2013,91.3,0
11/14/2013,89.5,0
11/15/2013,83.1,0
11/16/2013,63.8,0.004
11/17/2013,66.8,0
11/18/2013,67,0
11/19/2013,64.3,0
11/20/2013,63.1,0
11/21/2013,61,0.209
11/22/2013,62.6,0.142
11/23/2013,62.9,0
11/24/2013,66,0
11/25/2013,71.4,0
11/26/2013,74.1,0
11/27/2013,72.4,0
11/28/2013,69.9,0
11/29/2013,63.3,0.185
11/30/2013,73.5,0
12/1/2013,79.1,0
12/2/2013,76.5,0
12/3/2013,69.8,0
12/4/2013,59.9,0
12/5/2013,58,0
12/6/2013,56.3,0
12/7/2013,53.3,0.118
12/8/2013,53.9,0
12/9/2013,58.9,0
12/10/2013,64.9,0
12/11/2013,70.7,0
12/12/2013,67.8,0
12/13/2013,64.6,0
12/14/2013,74.2,0
12/15/2013,80.3,0
12/16/2013,84.2,0
12/17/2013,82.8,0
12/18/2013,79.3,0
12/19/2013,64.9,0.087
12/20/2013,62.5,0
12/21/2013,60.2,0
12/22/2013,67.9,0
12/23/2013,74.6,0
12/24/2013,77.9,0
12/25/2013,79.6,0
12/26/2013,79.7,0
12/27/2013,81.9,0
12/28/2013,78.6,0
12/29/2013,75.1,0
12/30/2013,73.4,0
12/31/2013,71.9,0
1/1/2014,76.5,0
1/2/2014,79.4,0
1/3/2014,76.1,0
1/4/2014,68.7,0
1/5/2014,76.4,0
1/6/2014,77.2,0
1/7/2014,74.9,0
1/8/2014,67.8,0
1/9/2014,67,0
1/10/2014,73,0
1/11/2014,73.8,0
1/12/2014,71.9,0
1/13/2014,78.7,0
1/14/2014,83.5,0
1/15/2014,85.3,0
1/16/2014,85,0
1/17/2014,84.1,0
1/18/2014,83.2,0
1/19/2014,81,0
1/20/2014,81.3,0
1/21/2014,79.8,0
1/22/2014,78.3,0
1/23/2014,74.6,0
1/24/2014,74,0
1/25/2014,75.6,0
1/26/2014,72.6,0
1/27/2014,71.7,0
1/28/2014,72.6,0
1/29/2014,76.6,0
1/30/2014,72.7,0.008
1/31/2014,64,0
2/1/2014,64.3,0
2/2/2014,63.6,0
2/3/2014,62.8,0.138
2/4/2014,59,0.004
2/5/2014,63.4,0
2/6/2014,60.2,0
2/7/2014,61.4,0.165
2/8/2014,65.7,0
2/9/2014,62.8,0
2/10/2014,72.9,0
2/11/2014,77.4,0
2/12/2014,81.3,0
2/13/2014,82.8,0
2/14/2014,85,0
2/15/2014,82,0
2/16/2014,78.6,0
2/17/2014,73.8,0
2/18/2014,70.8,0
2/19/2014,74.2,0
2/20/2014,81.1,0
2/21/2014,80.5,0
2/22/2014,76.8,0
2/23/2014,74.2,0
2/24/2014,74.9,0
2/25/2014,70.6,0
2/26/2014,65.2,0.024
2/27/2014,66,0.535
2/28/2014,64.2,1.543
3/1/2014,58.9,1.236
3/2/2014,57.1,0.209
3/3/2014,66.4,0
3/4/2014,69,0
3/5/2014,71.5,0
3/6/2014,69.3,0.008
3/7/2014,73.5,0
3/8/2014,79.2,0
3/9/2014,79.5,0
3/10/2014,77.5,0
3/11/2014,75.1,0
3/12/2014,76.4,0
3/13/2014,75,0
3/14/2014,72.8,0
3/15/2014,84.5,0
3/16/2014,88.2,0
3/17/2014,83.6,0
3/18/2014,76.9,0
3/19/2014,78.6,0
3/20/2014,75.2,0
3/21/2014,70.3,0
3/22/2014,70.6,0
3/23/2014,72.4,0
3/24/2014,71.5,0
3/25/2014,69.4,0
3/26/2014,64.3,0.004
3/27/2014,65.5,0
3/28/2014,72.2,0
3/29/2014,77.6,0
3/30/2014,73.3,0
3/31/2014,67.8,0
4/1/2014,63,0.138
4/2/2014,61.1,0.075
4/3/2014,67.1,0
4/4/2014,64.3,0
4/5/2014,74.8,0
4/6/2014,83.8,0
4/7/2014,89,0
4/8/2014,90.8,0
4/9/2014,89.8,0
4/10/2014,86.9,0
4/11/2014,82.3,0
4/12/2014,76,0
4/13/2014,68.6,0
4/14/2014,84.7,0
4/15/2014,82.2,0
4/16/2014,79.4,0
4/17/2014,73.3,0
4/18/2014,72,0.028
4/19/2014,76.2,0
4/20/2014,80.5,0
4/21/2014,82.2,0
4/22/2014,79.1,0
4/23/2014,78.2,0
4/24/2014,80.8,0
4/25/2014,75,0
4/26/2014,68.6,0.157
4/27/2014,73.1,0
4/28/2014,86.2,0
4/29/2014,93.1,0
4/30/2014,93.2,0
5/1/2014,97,0
5/2/2014,96.4,0
5/3/2014,92.1,0
5/4/2014,87.7,0
5/5/2014,79.6,0
5/6/2014,68.6,0.004
5/7/2014,69.1,0.012
5/8/2014,72.7,0
5/9/2014,74.5,0
5/10/2014,75.5,0
5/11/2014,84.3,0
5/12/2014,92.3,0
5/13/2014,95.4,0
5/14/2014,100.9,0
5/15/2014,102.5,0
5/16/2014,97.5,0
5/17/2014,92.9,0
5/18/2014,83.2,0
5/19/2014,75.2,0
5/20/2014,71.5,0
5/21/2014,70.6,0.008
5/22/2014,70.6,0.004
5/23/2014,75.8,0
5/24/2014,75.7,0
5/25/2014,83.1,0
5/26/2014,85,0
5/27/2014,86,0
5/28/2014,83.4,0
5/29/2014,81.5,0
5/30/2014,86.9,0
5/31/2014,85.5,0
6/1/2014,85.4,0
6/2/2014,83.1,0
6/3/2014,87.4,0
6/4/2014,86.4,0
6/5/2014,85,0
6/6/2014,82.6,0
6/7/2014,79.6,0
6/8/2014,85.1,0
6/9/2014,88.6,0
6/10/2014,85.3,0
6/11/2014,82,0
6/12/2014,82.3,0
6/13/2014,79.9,0
6/14/2014,83.1,0
6/15/2014,79.7,0
6/16/2014,77.8,0
6/17/2014,76.6,0
6/18/2014,78.3,0
6/19/2014,86,0
6/20/2014,89.1,0
6/21/2014,86.8,0
6/22/2014,84.1,0
6/23/2014,81.1,0
6/24/2014,81.7,0
6/25/2014,81.8,0
6/26/2014,80.5,0
6/27/2014,82.4,0
6/28/2014,83.9,0
6/29/2014,87.9,0
6/30/2014,85.3,0
7/1/2014,87,0
7/2/2014,86.5,0
7/3/2014,92.9,0
7/4/2014,92,0
7/5/2014,93.1,0.004
7/6/2014,92.3,0
7/7/2014,91.1,0.008
7/8/2014,89.2,0
7/9/2014,88.4,0
7/10/2014,86.8,0
7/11/2014,86.8,0
7/12/2014,86.8,0
7/13/2014,90.7,0
7/14/2014,87.2,0.016
7/15/2014,84.7,0.547
7/16/2014,78.3,0
7/17/2014,76.9,0
7/18/2014,77.7,0
7/19/2014,79.6,0.004
7/20/2014,81.3,0
7/21/2014,83.2,0
7/22/2014,89.2,0
7/23/2014,95.8,0
7/24/2014,98.9,0
7/25/2014,96.9,0
7/26/2014,93.5,0
7/27/2014,90.3,0
7/28/2014,87,0.118
7/29/2014,90.7,0
7/30/2014,90.4,0
7/31/2014,94.2,0.004
8/1/2014,92.5,0
8/2/2014,90.4,0
8/3/2014,88.5,0.138
8/4/2014,86.3,0
8/5/2014,86.8,0
8/6/2014,84.1,0
8/7/2014,82.6,0
8/8/2014,86.5,0
8/9/2014,87.7,0
8/10/2014,91.2,0
8/11/2014,91.7,0
8/12/2014,89.3,0
8/13/2014,87.8,0
8/14/2014,89.6,0
8/15/2014,94.5,0
8/16/2014,95.6,0
8/17/2014,94.6,0
8/18/2014,92.6,0
8/19/2014,88.6,0.008
8/20/2014,81.8,0
8/21/2014,87.6,0
8/22/2014,87.1,0
8/23/2014,86.1,0
8/24/2014,86.6,0
8/25/2014,84.8,0
8/26/2014,88,0
8/27/2014,95.1,0
8/28/2014,97.1,0
8/29/2014,94.9,0
8/30/2014,94.6,0
8/31/2014,90.6,0
9/1/2014,89.4,0
9/2/2014,88.1,0
9/3/2014,86.8,0
9/4/2014,84.8,0
9/5/2014,90.9,0
9/6/2014,95.6,0
9/7/2014,95.8,0
9/8/2014,90.5,0.035
9/9/2014,90.4,0.094
9/10/2014,94.3,0
9/11/2014,95.7,0
9/12/2014,98.3,0
9/13/2014,99.5,0
9/14/2014,102.5,0
9/15/2014,102.1,0
9/16/2014,104.7,0
9/17/2014,98.2,0
9/18/2014,92,0
9/19/2014,82.3,0.004
9/20/2014,82.3,0
9/21/2014,83.5,0
9/22/2014,87.1,0
9/23/2014,91.2,0
9/24/2014,94.8,0
9/25/2014,91.3,0.004
9/26/2014,87.8,0
9/27/2014,80.5,0
9/28/2014,76.9,0
9/29/2014,83.2,0
9/30/2014,87.8,0
10/1/2014,87,0
10/2/2014,97.9,0
10/3/2014,100.1,0
10/4/2014,101.2,0
10/5/2014,97.8,0
10/6/2014,94.3,0
10/7/2014,92.1,0
10/8/2014,89.3,0
10/9/2014,83.6,0
10/10/2014,80.7,0
10/11/2014,86.8,0
10/12/2014,85.4,0
10/13/2014,87,0
10/14/2014,82.4,0
10/15/2014,76.6,0.004
10/16/2014,77.7,0
10/17/2014,75.8,0
10/18/2014,79.3,0
10/19/2014,79.5,0
10/20/2014,79.6,0
10/21/2014,81.5,0
10/22/2014,86.9,0
10/23/2014,88,0
10/24/2014,87.9,0
10/25/2014,82.7,0
10/26/2014,78.5,0.008
10/27/2014,79,0
10/28/2014,82.5,0
10/29/2014,88.2,0
10/30/2014,81.5,0
10/31/2014,73.6,0.004
11/1/2014,65.3,0.335
11/2/2014,68.5,0
11/3/2014,73.3,0
11/4/2014,80.4,0
11/5/2014,87.2,0
11/6/2014,89.5,0
11/7/2014,90.4,0
11/8/2014,90.2,0
11/9/2014,85.2,0
11/10/2014,76.8,0
11/11/2014,65.8,0
11/12/2014,67.4,0
11/13/2014,69.5,0
11/14/2014,70.2,0.024
11/15/2014,69.2,0.012
11/16/2014,72.4,0
11/17/2014,76.8,0
11/18/2014,79,0
11/19/2014,73.3,0
11/20/2014,67.9,0
11/21/2014,73,0.039
11/22/2014,71.1,0
11/23/2014,76.4,0
11/24/2014,78.6,0
11/25/2014,80.5,0
11/26/2014,86.9,0
11/27/2014,88.3,0
11/28/2014,83.8,0
11/29/2014,75.4,0
11/30/2014,68,0.028
12/1/2014,72.1,0.031
12/2/2014,68.8,0.661
12/3/2014,64.8,1.008
12/4/2014,65.6,0.087
12/5/2014,65.9,0
12/6/2014,69.5,0
12/7/2014,72.5,0
12/8/2014,75.3,0
12/9/2014,74.3,0
12/10/2014,70.6,0
12/11/2014,65.7,0
12/12/2014,61.6,1.575
12/13/2014,60.1,0.079
12/14/2014,60,0
12/15/2014,60.5,0
12/16/2014,57.7,0.311
12/17/2014,58.9,0.358
12/18/2014,59.6,0
12/19/2014,61.2,0
12/20/2014,60.8,0
12/21/2014,67,0
12/22/2014,72.4,0
12/23/2014,77,0
12/24/2014,73.3,0
12/25/2014,64.7,0.008
12/26/2014,59,0
12/27/2014,59.1,0
12/28/2014,58.4,0
12/29/2014,58.2,0
12/30/2014,54.6,0.012
12/31/2014,54.3,0.154
1/1/2015,55.1,0
1/2/2015,56.7,0
1/3/2015,57.5,0
1/4/2015,66.4,0
1/5/2015,76.5,0
1/6/2015,82.1,0
1/7/2015,80.9,0
1/8/2015,76.4,0
1/9/2015,68.5,0
1/10/2015,64.6,0.028
1/11/2015,61.8,0.122
1/12/2015,65.2,0
1/13/2015,68.8,0
1/14/2015,71.5,0
1/15/2015,73.6,0
1/16/2015,74.4,0
1/17/2015,76.4,0
1/18/2015,75.5,0
1/19/2015,73.4,0
1/20/2015,70.2,0
1/21/2015,73,0
1/22/2015,74.2,0
1/23/2015,75.5,0
1/24/2015,78.6,0
1/25/2015,82.3,0
1/26/2015,79,0.004
1/27/2015,69.6,0.244
1/28/2015,74.2,0
1/29/2015,73.3,0
1/30/2015,69.4,0
1/31/2015,71.8,0
2/1/2015,75.9,0
2/2/2015,77.3,0
2/3/2015,74.4,0
2/4/2015,75,0
2/5/2015,79.1,0
2/6/2015,73.8,0
2/7/2015,71.1,0.012
2/8/2015,75.6,0.075
2/9/2015,74.3,0
2/10/2015,81.2,0
2/11/2015,84.4,0
2/12/2015,85,0
2/13/2015,87.7,0
2/14/2015,85.3,0
2/15/2015,81,0
2/16/2015,77.7,0
2/17/2015,71.2,0
2/18/2015,75.3,0
2/19/2015,74.4,0
2/20/2015,70.7,0
2/21/2015,66.1,0
2/22/2015,62.4,0.083
2/23/2015,58.6,0.228
2/24/2015,71.5,0
2/25/2015,70.8,0
2/26/2015,69.4,0
2/27/2015,64.5,0.016
2/28/2015,60.7,0
3/1/2015,59.3,0.252
3/2/2015,57.5,0.61
3/3/2015,63.7,0.067
3/4/2015,69.4,0
3/5/2015,74.5,0
3/6/2015,82.5,0
3/7/2015,85,0
3/8/2015,82.1,0
3/9/2015,76.3,0
3/10/2015,81.6,0
3/11/2015,77.5,0
3/12/2015,87.3,0
3/13/2015,91.1,0
3/14/2015,91.9,0
3/15/2015,91.1,0
3/16/2015,88.6,0
3/17/2015,84.4,0
3/18/2015,77,0
3/19/2015,77.8,0.004
3/20/2015,80.5,0
3/21/2015,76.4,0
3/22/2015,73,0
3/23/2015,73.7,0
3/24/2015,81,0
3/25/2015,87,0
3/26/2015,93.3,0
3/27/2015,91.7,0
3/28/2015,88,0
3/29/2015,83.5,0
3/30/2015,81.9,0
3/31/2015,79.2,0
4/1/2015,75.8,0
4/2/2015,78.4,0
4/3/2015,85.9,0
4/4/2015,82.5,0
4/5/2015,79,0
4/6/2015,68.5,0
4/7/2015,62.5,0.008
4/8/2015,72.6,0.094
4/9/2015,76,0
4/10/2015,72.4,0
4/11/2015,75,0
4/12/2015,79.2,0
4/13/2015,78.4,0
4/14/2015,79,0
4/15/2015,82.7,0
4/16/2015,82.7,0
4/17/2015,84.8,0
4/18/2015,82.1,0
4/19/2015,80.2,0
4/20/2015,77.3,0
4/21/2015,69.8,0
4/22/2015,65.7,0
4/23/2015,67,0
4/24/2015,66.4,0
4/25/2015,64.3,0.024
4/26/2015,78.3,0
4/27/2015,88.8,0
4/28/2015,91.8,0
4/29/2015,93.3,0
4/30/2015,91.5,0
5/1/2015,90,0
5/2/2015,87.8,0
5/3/2015,84.3,0
5/4/2015,72.3,0
5/5/2015,68.5,0
5/6/2015,66.2,0
5/7/2015,63.6,0
5/8/2015,61.1,0.26
5/9/2015,65.5,0
5/10/2015,76.4,0
5/11/2015,82.4,0
5/12/2015,80.4,0
5/13/2015,69.4,0
5/14/2015,67.2,0.142
5/15/2015,65.2,0.311
5/16/2015,67.7,0
5/17/2015,67,0.016
5/18/2015,65.9,0.039
5/19/2015,72.2,0
5/20/2015,71.4,0
5/21/2015,67.2,0.008
5/22/2015,66,0.004
5/23/2015,68.1,0
5/24/2015,70.9,0
5/25/2015,71.3,0.004
5/26/2015,73.3,0
5/27/2015,76.4,0
5/28/2015,80.3,0
5/29/2015,82.3,0
5/30/2015,84.1,0
5/31/2015,81.3,0
6/1/2015,78.7,0
6/2/2015,76.9,0
6/3/2015,74.5,0.004
6/4/2015,71.7,0.024
6/5/2015,74.1,0
6/6/2015,76.3,0.024
6/7/2015,87.6,0
6/8/2015,96.6,0
6/9/2015,91.6,0
6/10/2015,87.5,0
6/11/2015,78.6,0
6/12/2015,78.1,0
6/13/2015,78.5,0
6/14/2015,84.1,0
6/15/2015,86.8,0
6/16/2015,86.8,0
6/17/2015,87.8,0
6/18/2015,91.6,0
6/19/2015,91.8,0
6/20/2015,91.5,0
6/21/2015,88,0
6/22/2015,87.3,0
6/23/2015,88.1,0
6/24/2015,88.7,0
6/25/2015,88.7,0
6/26/2015,89.4,0
6/27/2015,87.4,0
6/28/2015,92.8,0.004
6/29/2015,93.9,0
6/30/2015,93.3,0
7/1/2015,93.5,0.008
7/2/2015,88.7,0.035
7/3/2015,89.5,0
7/4/2015,86.8,0
7/5/2015,81.4,0
7/6/2015,82.2,0
7/7/2015,81.4,0
7/8/2015,79.2,0
7/9/2015,74.8,0.004
7/10/2015,75.4,0
7/11/2015,80.9,0
7/12/2015,86.1,0
7/13/2015,87.9,0
7/14/2015,85.9,0
7/15/2015,83.7,0
7/16/2015,86.2,0
7/17/2015,90,0
7/18/2015,86.8,0.126
7/19/2015,90.8,0.031
7/20/2015,84.1,0.142
7/21/2015,83.7,0
7/22/2015,80.7,0.028
7/23/2015,82.2,0
7/24/2015,89.7,0
7/25/2015,90.8,0
7/26/2015,88.4,0
7/27/2015,83.8,0
7/28/2015,88.3,0
7/29/2015,88.5,0
7/30/2015,93.3,0
7/31/2015,91,0
8/1/2015,89,0
8/2/2015,89.9,0
8/3/2015,90.2,0
8/4/2015,91.1,0
8/5/2015,94.9,0
8/6/2015,93.5,0
8/7/2015,86.8,0
8/8/2015,82.9,0
8/9/2015,83.6,0
8/10/2015,84.2,0
8/11/2015,84.5,0
8/12/2015,94.9,0
8/13/2015,100.1,0
8/14/2015,100,0
8/15/2015,100.5,0
8/16/2015,99.8,0
8/17/2015,98,0
8/18/2015,86.4,0
8/19/2015,85.1,0
8/20/2015,84.1,0
8/21/2015,82.2,0
8/22/2015,85.7,0
8/23/2015,90,0
8/24/2015,92.5,0
8/25/2015,89.3,0
8/26/2015,93.9,0
8/27/2015,97.8,0
8/28/2015,100.1,0
8/29/2015,97.3,0
8/30/2015,93.5,0
8/31/2015,87.8,0
9/1/2015,84.7,0
9/2/2015,82.9,0
9/3/2015,80.6,0
9/4/2015,79.9,0
9/5/2015,84.7,0
9/6/2015,91.3,0
9/7/2015,95.2,0
9/8/2015,100.1,0
9/9/2015,102,0.008
9/10/2015,97.2,0
9/11/2015,95.6,0
9/12/2015,92.8,0
9/13/2015,91.7,0
9/14/2015,88,0.012
9/15/2015,77.5,0.594
9/16/2015,75.9,0
9/17/2015,79.6,0
9/18/2015,87.9,0
9/19/2015,93.7,0
9/20/2015,101.4,0
9/21/2015,98.6,0
9/22/2015,83.2,0
9/23/2015,90.4,0
9/24/2015,96.4,0
9/25/2015,96.8,0
9/26/2015,95.2,0
9/27/2015,93.5,0
9/28/2015,90.9,0
9/29/2015,89,0
9/30/2015,91.4,0
10/1/2015,87,0
10/2/2015,87.4,0
10/3/2015,82.7,0
10/4/2015,78.4,0.209
10/5/2015,72.1,0
10/6/2015,79.9,0
10/7/2015,87.3,0
10/8/2015,94.7,0
10/9/2015,100.6,0
10/10/2015,98.1,0
10/11/2015,98.7,0
10/12/2015,94.9,0
10/13/2015,91,0
10/14/2015,85.6,0.055
10/15/2015,83.5,0.173
10/16/2015,78,0.039
10/17/2015,78.8,0.13
10/18/2015,76.6,0.047
10/19/2015,74.2,0.004
10/20/2015,80.6,0
10/21/2015,84.9,0
10/22/2015,82.3,0
10/23/2015,85.6,0
10/24/2015,90.3,0
10/25/2015,86.5,0
10/26/2015,89.8,0
10/27/2015,85,0
10/28/2015,84.2,0
10/29/2015,83.5,0
10/30/2015,88.3,0
10/31/2015,90,0
11/1/2015,86.6,0
11/2/2015,80.2,0
11/3/2015,66.3,0.031
11/4/2015,68.8,0.004
11/5/2015,70.9,0
11/6/2015,77.7,0
11/7/2015,79.9,0
11/8/2015,77,0
11/9/2015,70.7,0.035
11/10/2015,66,0
11/11/2015,74.7,0
11/12/2015,77.5,0
11/13/2015,80.7,0
11/14/2015,77.7,0
11/15/2015,71.7,0
11/16/2015,62.5,0
11/17/2015,75.7,0
11/18/2015,79.3,0
11/19/2015,85,0
11/20/2015,85.9,0
11/21/2015,86.1,0
11/22/2015,84.5,0
11/23/2015,81.8,0
11/24/2015,72.5,0
11/25/2015,62.7,0.004
11/26/2015,59.4,0
11/27/2015,61.6,0.012
11/28/2015,62.1,0
11/29/2015,65.6,0
11/30/2015,66.8,0
12/1/2015,71.3,0
12/2/2015,77.1,0
12/3/2015,75.5,0
12/4/2015,70.1,0
12/5/2015,76,0
12/6/2015,79.1,0
12/7/2015,81.5,0
12/8/2015,83.2,0
12/9/2015,79.6,0
12/10/2015,73.2,0
12/11/2015,63.4,0
12/12/2015,65.9,0
12/13/2015,64.2,0
12/14/2015,59.1,0.142
12/15/2015,59.4,0
12/16/2015,61.1,0
12/17/2015,64.8,0
12/18/2015,70.7,0
12/19/2015,67.8,0
12/20/2015,58,0.331
12/21/2015,58.6,0
12/22/2015,59.8,0.272
12/23/2015,62.6,0.031
12/24/2015,60.9,0
12/25/2015,55.2,0
12/26/2015,58.6,0
12/27/2015,59,0
12/28/2015,57.1,0
12/29/2015,58.4,0
12/30/2015,60.3,0
12/31/2015,63,0
1/1/2016,62.7,0
1/2/2016,66.1,0
1/3/2016,63.4,0
1/4/2016,66.3,0
1/5/2016,64.3,1.067
1/6/2016,52.3,0.768
1/7/2016,53.7,0.689
1/8/2016,57,0
1/9/2016,55.5,0
1/10/2016,58.9,0
1/11/2016,62.4,0
1/12/2016,66.1,0
1/13/2016,62.8,0
1/14/2016,60.3,0
1/15/2016,61.2,0
1/16/2016,63,0
1/17/2016,65.4,0
1/18/2016,62.2,0
1/19/2016,60.7,0.055
1/20/2016,65.2,0.012
1/21/2016,72.3,0
1/22/2016,68.8,0
1/23/2016,65.1,0.004
1/24/2016,63.1,0
1/25/2016,68.8,0
1/26/2016,71.5,0
1/27/2016,69.9,0
1/28/2016,73.3,0
1/29/2016,74,0
1/30/2016,68.3,0
1/31/2016,61.6,0.461
2/1/2016,55.6,0
2/2/2016,57.3,0
2/3/2016,61.4,0
2/4/2016,67.8,0
2/5/2016,72.7,0
2/6/2016,76.9,0
2/7/2016,82.9,0
2/8/2016,85.5,0
2/9/2016,88.1,0
2/10/2016,87.1,0
2/11/2016,86.3,0
2/12/2016,85.1,0
2/13/2016,81.6,0
2/14/2016,85.6,0
2/15/2016,89.7,0
2/16/2016,89.3,0
2/17/2016,86.1,0
2/18/2016,65.6,0.492
2/19/2016,66.2,0
2/20/2016,71.9,0
2/21/2016,77,0
2/22/2016,80.9,0
2/23/2016,81.8,0
2/24/2016,82.4,0
2/25/2016,83.2,0
2/26/2016,81.2,0
2/27/2016,81.5,0
2/28/2016,81.9,0
2/29/2016,84.1,0
3/1/2016,81.1,0
3/2/2016,76.8,0
3/3/2016,73.9,0
3/4/2016,71.1,0
3/5/2016,66.1,0.035
3/6/2016,64.6,0.547
3/7/2016,59.3,0.291
3/8/2016,68.8,0
3/9/2016,72.9,0
3/10/2016,75.9,0
3/11/2016,72.2,0.236
3/12/2016,63.2,0.106
3/13/2016,62.7,0
3/14/2016,68.2,0.016
3/15/2016,77.9,0
3/16/2016,83.7,0
3/17/2016,81.2,0
3/18/2016,76.9,0
3/19/2016,73.6,0
3/20/2016,74.6,0
3/21/2016,71.3,0
3/22/2016,71.4,0
3/23/2016,79,0
3/24/2016,84,0
3/25/2016,79.5,0
3/26/2016,81.1,0
3/27/2016,74.8,0
3/28/2016,70.8,0.02
3/29/2016,63.4,0.004
3/30/2016,65,0.008
3/31/2016,74.2,0.008
4/1/2016,74.3,0
4/2/2016,79,0
4/3/2016,82.4,0
4/4/2016,82.3,0
4/5/2016,89.4,0
4/6/2016,92.9,0
4/7/2016,78.1,0.071
4/8/2016,67.8,0.177
4/9/2016,63.4,0.402
4/10/2016,66.5,0.268
4/11/2016,68,0.004
4/12/2016,71.1,0
4/13/2016,70.8,0
4/14/2016,71.9,0
4/15/2016,78,0
4/16/2016,86.1,0
4/17/2016,90.4,0
4/18/2016,88.6,0
4/19/2016,89.4,0
4/20/2016,87,0
4/21/2016,83.4,0
4/22/2016,79.4,0
4/23/2016,80.5,0
4/24/2016,77,0
4/25/2016,71.1,0
4/26/2016,70.4,0
4/27/2016,73.2,0
4/28/2016,72.2,0
4/29/2016,71.3,0
4/30/2016,71.6,0.012
5/1/2016,73.4,0
5/2/2016,80.1,0
5/3/2016,84.9,0
5/4/2016,79.1,0
5/5/2016,69.7,0.004
5/6/2016,66.3,0.185
5/7/2016,65.7,0.059
5/8/2016,68,0
5/9/2016,68.7,0
5/10/2016,72.8,0
5/11/2016,78.2,0
5/12/2016,83.8,0
5/13/2016,81.3,0
5/14/2016,77.7,0
5/15/2016,70.6,0
5/16/2016,74.2,0.004
5/17/2016,74.3,0
5/18/2016,77.9,0
5/19/2016,74.8,0
5/20/2016,73.1,0.031
5/21/2016,66,0
5/22/2016,74.2,0
5/23/2016,71.8,0
5/24/2016,68.8,0.008
5/25/2016,71.4,0
5/26/2016,77.5,0
5/27/2016,79,0
5/28/2016,76.3,0
5/29/2016,74.9,0
5/30/2016,77.9,0
5/31/2016,78.2,0
6/1/2016,80.4,0
6/2/2016,89.4,0
6/3/2016,93.9,0
6/4/2016,91.5,0
6/5/2016,86.9,0
6/6/2016,80.2,0
6/7/2016,78.9,0
6/8/2016,82.7,0
6/9/2016,81,0
6/10/2016,80.2,0
6/11/2016,78.6,0
6/12/2016,71.7,0
6/13/2016,76.5,0
6/14/2016,75.8,0
6/15/2016,73.5,0
6/16/2016,79.3,0
6/17/2016,88.5,0
6/18/2016,96.6,0
6/19/2016,106.6,0
6/20/2016,108.8,0
6/21/2016,107.5,0
6/22/2016,87.9,0
6/23/2016,85.5,0
6/24/2016,83.6,0
6/25/2016,87,0
6/26/2016,92.8,0
6/27/2016,96.5,0
6/28/2016,93.1,0
6/29/2016,91.1,0
6/30/2016,90,0
7/1/2016,86.1,0
7/2/2016,85.7,0
7/3/2016,81.9,0
7/4/2016,82.8,0
7/5/2016,82.4,0
7/6/2016,79.9,0
7/7/2016,83.7,0
7/8/2016,86.2,0
7/9/2016,86.5,0
7/10/2016,87.6,0
7/11/2016,84.8,0
7/12/2016,82.9,0
7/13/2016,88.3,0
7/14/2016,88.2,0
7/15/2016,87,0
7/16/2016,86.6,0
7/17/2016,86.6,0
7/18/2016,88.9,0
7/19/2016,93.1,0
7/20/2016,98.3,0
7/21/2016,100.1,0
7/22/2016,103.8,0
7/23/2016,101.3,0
7/24/2016,93.6,0
7/25/2016,96.6,0
7/26/2016,95.9,0
7/27/2016,94.9,0
7/28/2016,95.4,0
7/29/2016,96.3,0
7/30/2016,91.6,0
7/31/2016,89.5,0
8/1/2016,89.2,0
8/2/2016,88.8,0
8/3/2016,87.9,0
8/4/2016,88.7,0
8/5/2016,86.4,0
8/6/2016,86.1,0
8/7/2016,87.8,0
8/8/2016,85.3,0
8/9/2016,83.2,0
8/10/2016,86.7,0
8/11/2016,86.5,0
8/12/2016,89.9,0
8/13/2016,95.6,0
8/14/2016,97,0
8/15/2016,100.7,0
8/16/2016,99.4,0
8/17/2016,95.8,0
8/18/2016,92.4,0
8/19/2016,90.8,0
8/20/2016,89.5,0
8/21/2016,89.6,0
8/22/2016,87.7,0
8/23/2016,87.5,0
8/24/2016,89,0
8/25/2016,86.3,0
8/26/2016,80.4,0
8/27/2016,81.7,0
8/28/2016,91,0
8/29/2016,95.1,0
8/30/2016,95.8,0
8/31/2016,93.8,0
9/1/2016,90.9,0
9/2/2016,85.4,0
9/3/2016,80.7,0
9/4/2016,76.9,0
9/5/2016,79,0
9/6/2016,85.7,0
9/7/2016,83.2,0
9/8/2016,83.1,0
9/9/2016,86.2,0
9/10/2016,91.2,0
9/11/2016,86.7,0
9/12/2016,80.9,0
9/13/2016,70.9,0.094
9/14/2016,78.2,0
9/15/2016,81.1,0
9/16/2016,82.3,0
9/17/2016,88.7,0
9/18/2016,96.6,0
9/19/2016,94.8,0.004
9/20/2016,86.6,0
9/21/2016,84.7,0
9/22/2016,80.5,0
9/23/2016,86.1,0
9/24/2016,94.4,0
9/25/2016,99.7,0
9/26/2016,103.2,0
9/27/2016,100.4,0
9/28/2016,90.6,0
9/29/2016,93.4,0
9/30/2016,91.9,0
10/1/2016,87,0
10/2/2016,82.4,0
10/3/2016,80.3,0
